Date,Fear_Greed_Score,Fear_Greed_Score_Rating,SPX_Close
2020-09-14,50.0,neutral,3383.54
2020-09-15,50.0,neutral,3401.2
2020-09-16,50.0,neutral,3385.49
2020-09-17,50.0,neutral,3357.01
2020-09-18,50.0,neutral,3319.47
2020-09-21,50.0,neutral,3281.06
2020-09-22,50.0,neutral,3315.57
2020-09-23,50.0,neutral,3236.92
2020-09-24,50.0,neutral,3246.59
2020-09-25,50.0,neutral,3298.46
2020-09-28,50.0,neutral,3351.6
2020-09-29,50.0,neutral,3335.47
2020-09-30,50.0,neutral,3363.0
2020-10-01,50.0,neutral,3380.8
2020-10-02,50.0,neutral,3348.44
2020-10-05,50.0,neutral,3408.63
2020-10-06,50.0,neutral,3360.95
2020-10-07,50.0,neutral,3419.45
2020-10-08,50.0,neutral,3446.83
2020-10-09,50.0,neutral,3477.13
2020-10-12,50.0,neutral,3534.22
2020-10-13,50.0,neutral,3511.93
2020-10-14,50.0,neutral,3488.67
2020-10-15,50.0,neutral,3483.34
2020-10-16,50.0,neutral,3483.81
2020-10-19,50.0,neutral,3426.92
2020-10-20,50.0,neutral,3443.12
2020-10-21,50.0,neutral,3435.56
2020-10-22,50.0,neutral,3453.49
2020-10-23,50.0,neutral,3465.39
2020-10-26,2.7,extreme fear,3400.97
2020-10-27,2.3000000000000003,extreme fear,3390.68
2020-10-28,0.30000000000000004,extreme fear,3271.03
2020-10-29,1.1,extreme fear,3310.11
2020-10-30,1.9000000000000001,extreme fear,3269.96
2020-11-02,2.8000000000000003,extreme fear,3310.24
2020-11-03,3.6,extreme fear,3369.16
2020-11-04,50.0,neutral,3443.44
2020-11-05,50.0,neutral,3510.45
2020-11-06,50.0,neutral,3509.44
2020-11-09,50.0,neutral,3550.5
2020-11-10,50.0,neutral,3545.53
2020-11-11,50.0,neutral,3572.66
2020-11-12,50.0,neutral,3537.01
2020-11-13,50.0,neutral,3585.15
2020-11-16,50.0,neutral,3626.91
2020-11-17,50.0,neutral,3609.53
2020-11-18,50.0,neutral,3567.79
2020-11-19,50.0,neutral,3581.87
2020-11-20,50.0,neutral,3557.54
2020-11-23,50.0,neutral,3577.59
2020-11-24,50.0,neutral,3635.41
2020-11-25,50.0,neutral,3629.65
2020-11-27,50.0,neutral,3638.35
2020-11-30,50.0,neutral,3621.63
2020-12-01,50.0,neutral,3662.45
2020-12-02,50.0,neutral,3669.01
2020-12-03,50.0,neutral,3666.72
2020-12-04,50.0,neutral,3699.12
2020-12-07,50.0,neutral,3691.96
2020-12-08,50.0,neutral,3702.25
2020-12-09,50.0,neutral,3672.82
2020-12-10,50.0,neutral,3668.1
2020-12-11,50.0,neutral,3663.46
2020-12-14,50.0,neutral,3647.49
2020-12-15,50.0,neutral,3694.62
2020-12-16,50.0,neutral,3701.17
2020-12-17,50.0,neutral,3722.48
2020-12-18,50.0,neutral,3709.41
2020-12-21,50.0,neutral,3694.92
2020-12-22,50.0,neutral,3687.26
2020-12-23,50.0,neutral,3690.01
2020-12-24,50.0,neutral,3703.06
2020-12-28,50.0,neutral,3735.36
2020-12-29,50.0,neutral,3727.04
2020-12-30,50.0,neutral,3732.04
2020-12-31,50.0,neutral,3756.07
2021-01-04,50.0,neutral,3700.65
2021-01-05,50.0,neutral,3726.86
2021-01-06,50.0,neutral,3748.14
2021-01-07,50.0,neutral,3803.79
2021-01-08,50.0,neutral,3824.68
2021-01-11,50.0,neutral,3799.61
2021-01-12,50.0,neutral,3801.19
2021-01-13,50.0,neutral,3809.84
2021-01-14,50.0,neutral,3795.54
2021-01-15,50.0,neutral,3768.25
2021-01-19,50.0,neutral,3798.91
2021-01-20,50.0,neutral,3851.85
2021-01-21,50.0,neutral,3853.07
2021-01-22,68.9,greed,3841.47
2021-01-25,69.7,greed,3855.36
2021-01-26,67.4,greed,3849.62
2021-01-27,28.200000000000003,fear,3750.77
2021-01-28,52.900000000000006,neutral,3787.38
2021-01-29,40.966666666666676,fear,3714.24
2021-02-01,43.400000000000006,fear,3773.86
2021-02-02,60.46666666666667,greed,3826.31
2021-02-03,59.199999999999996,greed,3830.17
2021-02-04,61.06666666666667,greed,3871.74
2021-02-05,68.0,greed,3886.83
2021-02-08,72.86666666666667,greed,3915.59
2021-02-09,75.4,extreme greed,3911.23
2021-02-10,75.26666666666667,extreme greed,3909.88
2021-02-11,76.0,extreme greed,3916.38
2021-02-12,77.66666666666667,extreme greed,3934.83
2021-02-16,73.93333333333334,greed,3932.59
2021-02-17,70.2,greed,3931.33
2021-02-18,62.53333333333334,greed,3913.97
2021-02-19,56.239999999999995,greed,3906.71
2021-02-22,52.48,neutral,3876.5
2021-02-23,50.56,neutral,3881.37
2021-02-24,63.8,greed,3925.43
2021-02-25,46.160000000000004,neutral,3829.34
2021-02-26,53.52,neutral,3811.15
2021-03-01,58.52,greed,3901.82
2021-03-02,50.32000000000001,neutral,3870.29
2021-03-03,43.84,fear,3819.72
2021-03-04,37.8,fear,3768.47
2021-03-05,41.52,fear,3841.94
2021-03-08,39.08,fear,3821.35
2021-03-09,43.36,fear,3875.44
2021-03-10,45.56,neutral,3898.81
2021-03-11,50.480000000000004,neutral,3939.34
2021-03-12,53.720000000000006,neutral,3943.34
2021-03-15,56.52,greed,3968.94
2021-03-16,54.8,neutral,3962.71
2021-03-17,57.86666666666667,greed,3974.12
2021-03-18,52.333333333333336,neutral,3915.46
2021-03-19,50.833333333333336,neutral,3913.1
2021-03-22,50.699999999999996,neutral,3940.59
2021-03-23,41.800000000000004,fear,3910.52
2021-03-24,37.66666666666667,fear,3889.14
2021-03-25,37.833333333333336,fear,3909.52
2021-03-26,37.56666666666667,fear,3974.54
2021-03-29,39.56666666666667,fear,3971.09
2021-03-30,42.03333333333334,fear,3958.55
2021-03-31,44.56666666666667,fear,3972.89
2021-04-01,46.400000000000006,neutral,4019.87
2021-04-05,54.56666666666667,neutral,4077.91
2021-04-06,53.5,neutral,4073.94
2021-04-07,52.53333333333333,neutral,4079.95
2021-04-08,48.099999999999994,neutral,4097.17
2021-04-09,47.5,neutral,4128.8
2021-04-12,43.43333333333334,fear,4127.99
2021-04-13,43.63333333333333,fear,4141.59
2021-04-14,39.96666666666667,fear,4124.66
2021-04-15,47.16666666666668,neutral,4170.42
2021-04-16,51.300000000000004,neutral,4185.47
2021-04-19,45.26666666666667,neutral,4163.26
2021-04-20,42.866666666666674,fear,4134.94
2021-04-21,49.63333333333333,neutral,4173.42
2021-04-22,46.70000000000001,neutral,4134.98
2021-04-23,47.699999999999996,neutral,4180.17
2021-04-26,50.53333333333334,neutral,4187.62
2021-04-27,54.800000000000004,neutral,4186.72
2021-04-28,52.400000000000006,neutral,4183.18
2021-04-29,56.166666666666664,greed,4211.47
2021-04-30,46.53333333333333,neutral,4181.17
2021-05-03,47.56666666666667,neutral,4192.66
2021-05-04,43.46666666666667,fear,4164.66
2021-05-05,43.03333333333333,fear,4167.59
2021-05-06,43.93333333333334,fear,4201.62
2021-05-07,48.166666666666664,neutral,4232.6
2021-05-10,44.93333333333334,fear,4188.43
2021-05-11,42.03333333333334,fear,4152.1
2021-05-12,26.766666666666666,fear,4063.04
2021-05-13,34.433333333333344,fear,4112.5
2021-05-14,35.99999999999999,fear,4173.85
2021-05-17,36.36666666666667,fear,4163.29
2021-05-18,34.03333333333334,fear,4127.83
2021-05-19,32.333333333333336,fear,4115.68
2021-05-20,32.300000000000004,fear,4159.12
2021-05-21,29.433333333333334,fear,4155.86
2021-05-24,29.5,fear,4197.05
2021-05-25,26.66666666666667,fear,4188.13
2021-05-26,28.133333333333336,fear,4195.99
2021-05-27,30.3,fear,4200.88
2021-05-28,31.566666666666666,fear,4204.11
2021-06-01,35.4,fear,4202.04
2021-06-02,42.13333333333333,fear,4208.12
2021-06-03,40.800000000000004,fear,4192.85
2021-06-04,41.9,fear,4229.89
2021-06-07,44.46666666666667,fear,4226.52
2021-06-08,46.46666666666667,neutral,4227.26
2021-06-09,48.53333333333333,neutral,4219.55
2021-06-10,48.9,neutral,4239.18
2021-06-11,51.23333333333334,neutral,4247.44
2021-06-14,54.166666666666664,neutral,4255.15
2021-06-15,52.666666666666664,neutral,4246.59
2021-06-16,44.800000000000004,fear,4223.7
2021-06-17,42.03333333333334,fear,4221.86
2021-06-18,31.600000000000005,fear,4166.45
2021-06-21,32.46666666666666,fear,4224.79
2021-06-22,32.800000000000004,fear,4246.44
2021-06-23,33.26666666666667,fear,4241.84
2021-06-24,36.9,fear,4266.49
2021-06-25,41.63333333333333,fear,4280.7
2021-06-28,41.43333333333334,fear,4290.61
2021-06-29,39.833333333333336,fear,4291.8
2021-06-30,38.00000000000001,fear,4297.5
2021-07-01,38.666666666666664,fear,4319.94
2021-07-02,38.66666666666667,fear,4352.34
2021-07-06,33.300000000000004,fear,4343.54
2021-07-07,33.1,fear,4358.13
2021-07-08,26.96666666666667,fear,4320.82
2021-07-09,31.000000000000004,fear,4369.55
2021-07-12,31.7,fear,4384.63
2021-07-13,31.266666666666666,fear,4369.21
2021-07-14,29.533333333333335,fear,4374.3
2021-07-15,27.33333333333334,fear,4360.03
2021-07-16,26.900000000000002,fear,4327.16
2021-07-19,8.983333333333334,extreme fear,4258.49
2021-07-20,20.066666666666666,extreme fear,4323.06
2021-07-21,24.2,extreme fear,4358.69
2021-07-22,24.333333333333332,extreme fear,4367.48
2021-07-23,28.299999999999997,fear,4411.79
2021-07-26,30.900000000000002,fear,4422.3
2021-07-27,27.166666666666668,fear,4401.46
2021-07-28,27.46666666666667,fear,4400.64
2021-07-29,29.233333333333334,fear,4419.15
2021-07-30,25.76666666666667,fear,4395.26
2021-08-02,25.099999999999998,fear,4387.16
2021-08-03,29.533333333333335,fear,4423.15
2021-08-04,28.633333333333336,fear,4402.66
2021-08-05,29.633333333333336,fear,4429.1
2021-08-06,31.866666666666664,fear,4436.52
2021-08-09,32.06666666666667,fear,4432.35
2021-08-10,34.833333333333336,fear,4436.75
2021-08-11,37.93333333333334,fear,4447.7
2021-08-12,43.13333333333333,fear,4460.83
2021-08-13,47.13333333333333,neutral,4468.0
2021-08-16,44.866666666666674,fear,4479.71
2021-08-17,31.7,fear,4448.08
2021-08-18,18.2,extreme fear,4400.27
2021-08-19,14.883333333333335,extreme fear,4405.8
2021-08-20,23.86666666666667,extreme fear,4441.67
2021-08-23,30.433333333333334,fear,4479.53
2021-08-24,34.4,fear,4486.23
2021-08-25,36.03333333333333,fear,4496.19
2021-08-26,36.833333333333336,fear,4470.0
2021-08-27,47.46666666666667,neutral,4509.37
2021-08-30,47.86666666666667,neutral,4528.79
2021-08-31,47.23333333333333,neutral,4522.68
2021-09-01,43.13333333333333,fear,4524.09
2021-09-02,44.166666666666664,fear,4536.95
2021-09-03,44.06666666666666,fear,4535.43
2021-09-07,41.7,fear,4520.03
2021-09-08,38.56666666666667,fear,4514.07
2021-09-09,33.800000000000004,fear,4493.28
2021-09-10,20.600000000000005,extreme fear,4458.58
2021-09-13,28.266666666666666,fear,4468.73
2021-09-14,24.8,extreme fear,4443.05
2021-09-15,31.200000000000003,fear,4480.7
2021-09-16,31.500000000000004,fear,4473.75
2021-09-17,17.933333333333337,extreme fear,4432.99
2021-09-20,11.100000000000001,extreme fear,4357.73
2021-09-21,11.449999999999998,extreme fear,4354.19
2021-09-22,20.033333333333335,extreme fear,4395.64
2021-09-23,24.5,extreme fear,4448.98
2021-09-24,23.83333333333334,extreme fear,4455.48
2021-09-27,24.766666666666666,extreme fear,4443.11
2021-09-28,12.466666666666669,extreme fear,4352.63
2021-09-29,12.483333333333334,extreme fear,4359.46
2021-09-30,9.966666666666667,extreme fear,4307.54
2021-10-01,18.333333333333332,extreme fear,4357.04
2021-10-04,9.500000000000002,extreme fear,4300.46
2021-10-05,18.766666666666666,extreme fear,4345.72
2021-10-06,20.066666666666666,extreme fear,4363.55
2021-10-07,24.600000000000005,extreme fear,4399.76
2021-10-08,25.26666666666667,fear,4391.34
2021-10-11,25.900000000000002,fear,4361.19
2021-10-12,22.7,extreme fear,4350.65
2021-10-13,24.100000000000005,extreme fear,4363.8
2021-10-14,31.833333333333332,fear,4438.26
2021-10-15,43.63333333333333,fear,4471.37
2021-10-18,46.56666666666666,neutral,4486.46
2021-10-19,53.400000000000006,neutral,4519.63
2021-10-20,56.56666666666667,greed,4536.19
2021-10-21,60.199999999999996,greed,4549.78
2021-10-22,59.5,greed,4544.9
2021-10-25,62.96666666666667,greed,4566.48
2021-10-26,63.03333333333334,greed,4574.79
2021-10-27,58.333333333333336,greed,4551.68
2021-10-28,64.4,greed,4596.42
2021-10-29,65.43333333333334,greed,4605.38
2021-11-01,66.13333333333334,greed,4613.67
2021-11-02,68.26666666666667,greed,4630.65
2021-11-03,72.2,greed,4660.57
2021-11-04,72.43333333333334,greed,4680.06
2021-11-05,73.60000000000001,greed,4697.53
2021-11-08,74.53333333333335,greed,4701.7
2021-11-09,77.17142857142858,extreme greed,4685.25
2021-11-10,73.08571428571429,greed,4646.71
2021-11-11,72.22857142857143,greed,4649.27
2021-11-12,74.0,greed,4682.85
2021-11-15,71.62857142857145,greed,4682.8
2021-11-16,72.48571428571428,greed,4700.9
2021-11-17,69.2,greed,4688.67
2021-11-18,70.14285714285715,greed,4704.54
2021-11-19,62.77142857142859,greed,4697.96
2021-11-22,60.0,greed,4682.94
2021-11-23,60.371428571428574,greed,4690.7
2021-11-24,56.94285714285714,greed,4701.46
2021-11-26,31.25714285714286,fear,4594.62
2021-11-29,38.114285714285714,fear,4655.27
2021-11-30,24.771428571428572,extreme fear,4567.0
2021-12-01,25.357142857142858,fear,4513.04
2021-12-02,22.928571428571427,extreme fear,4577.1
2021-12-03,20.157142857142862,extreme fear,4538.43
2021-12-06,21.25714285714286,extreme fear,4591.67
2021-12-07,37.88571428571429,fear,4686.75
2021-12-08,41.314285714285724,fear,4701.21
2021-12-09,36.85714285714287,fear,4667.45
2021-12-10,42.0,fear,4712.02
2021-12-13,35.4,fear,4668.97
2021-12-14,31.542857142857144,fear,4634.09
2021-12-15,37.800000000000004,fear,4709.85
2021-12-16,33.57142857142858,fear,4668.67
2021-12-17,32.51428571428572,fear,4620.64
2021-12-20,29.428571428571427,fear,4568.02
2021-12-21,34.028571428571425,fear,4649.23
2021-12-22,39.542857142857144,fear,4696.56
2021-12-23,50.48571428571428,neutral,4725.79
2021-12-27,56.39999999999999,greed,4791.19
2021-12-28,62.971428571428575,greed,4786.35
2021-12-29,64.02857142857144,greed,4793.06
2021-12-30,63.97142857142858,greed,4778.73
2021-12-31,62.54285714285715,greed,4766.18
2022-01-03,65.22857142857144,greed,4796.56
2022-01-04,64.25714285714285,greed,4793.54
2022-01-05,51.02857142857143,neutral,4700.58
2022-01-06,52.142857142857146,neutral,4696.05
2022-01-07,49.25714285714287,neutral,4677.03
2022-01-10,51.142857142857146,neutral,4670.29
2022-01-11,56.114285714285714,greed,4713.07
2022-01-12,55.94285714285714,greed,4726.35
2022-01-13,52.17142857142857,neutral,4659.03
2022-01-14,55.800000000000004,greed,4662.85
2022-01-18,53.714285714285715,neutral,4577.11
2022-01-19,44.82857142857143,fear,4532.76
2022-01-20,39.142857142857146,fear,4482.73
2022-01-21,26.728571428571428,fear,4397.94
2022-01-24,23.128571428571433,extreme fear,4410.13
2022-01-25,20.88571428571429,extreme fear,4356.45
2022-01-26,19.514285714285716,extreme fear,4349.93
2022-01-27,18.6,extreme fear,4326.51
2022-01-28,23.857142857142858,extreme fear,4431.85
2022-01-31,29.200000000000006,fear,4515.55
2022-02-01,30.800000000000004,fear,4546.54
2022-02-02,28.800000000000004,fear,4589.38
2022-02-03,26.057142857142857,fear,4477.44
2022-02-04,27.6,fear,4500.53
2022-02-07,27.914285714285715,fear,4483.87
2022-02-08,28.942857142857143,fear,4521.54
2022-02-09,32.65714285714286,fear,4587.18
2022-02-10,33.6,fear,4504.08
2022-02-11,28.48571428571429,fear,4418.64
2022-02-14,25.685714285714287,fear,4401.67
2022-02-15,29.97142857142857,fear,4471.07
2022-02-16,32.08571428571428,fear,4475.01
2022-02-17,32.457142857142856,fear,4380.26
2022-02-18,29.514285714285716,fear,4348.87
2022-02-22,28.771428571428572,fear,4304.76
2022-02-23,18.814285714285713,extreme fear,4225.5
2022-02-24,21.228571428571428,extreme fear,4288.7
2022-02-25,28.142857142857142,fear,4384.65
2022-02-28,25.47142857142857,fear,4373.94
2022-03-01,22.97142857142857,extreme fear,4306.26
2022-03-02,17.82857142857143,extreme fear,4386.54
2022-03-03,21.72857142857143,extreme fear,4363.49
2022-03-04,18.17142857142857,extreme fear,4328.87
2022-03-07,16.9,extreme fear,4201.09
2022-03-08,16.67142857142857,extreme fear,4170.7
2022-03-09,18.028571428571432,extreme fear,4277.88
2022-03-10,17.95714285714286,extreme fear,4259.52
2022-03-11,19.057142857142857,extreme fear,4204.31
2022-03-14,17.5,extreme fear,4173.11
2022-03-15,21.857142857142858,extreme fear,4262.45
2022-03-16,25.25714285714286,fear,4357.86
2022-03-17,33.62857142857143,fear,4411.67
2022-03-18,38.42857142857143,fear,4463.12
2022-03-21,40.971428571428575,fear,4461.18
2022-03-22,44.542857142857144,fear,4511.61
2022-03-23,45.199999999999996,neutral,4456.24
2022-03-24,46.91428571428571,neutral,4520.16
2022-03-25,49.371428571428574,neutral,4543.06
2022-03-28,51.25714285714286,neutral,4575.52
2022-03-29,52.714285714285715,neutral,4631.6
2022-03-30,52.800000000000004,neutral,4602.45
2022-03-31,59.199999999999996,greed,4530.41
2022-04-01,59.800000000000004,greed,4545.86
2022-04-04,61.65714285714286,greed,4582.64
2022-04-05,47.91428571428571,neutral,4525.12
2022-04-06,46.4,neutral,4481.15
2022-04-07,46.82857142857142,neutral,4500.21
2022-04-08,46.08571428571429,neutral,4488.28
2022-04-11,43.4,fear,4412.53
2022-04-12,42.05714285714286,fear,4397.45
2022-04-13,41.800000000000004,fear,4446.59
2022-04-14,39.857142857142854,fear,4392.59
2022-04-18,37.6,fear,4391.69
2022-04-19,39.628571428571426,fear,4462.21
2022-04-20,43.31428571428571,fear,4459.45
2022-04-21,38.94285714285714,fear,4393.66
2022-04-22,31.62857142857143,fear,4271.78
2022-04-25,29.97142857142857,fear,4296.12
2022-04-26,17.900000000000002,extreme fear,4175.2
2022-04-27,16.271428571428572,extreme fear,4183.96
2022-04-28,24.25714285714286,extreme fear,4287.5
2022-04-29,14.328571428571427,extreme fear,4131.93
2022-05-02,13.27142857142857,extreme fear,4155.38
2022-05-03,30.485714285714288,fear,4175.48
2022-05-04,22.400000000000002,extreme fear,4300.17
2022-05-05,13.128571428571432,extreme fear,4146.87
2022-05-06,12.242857142857146,extreme fear,4123.34
2022-05-09,8.185714285714285,extreme fear,3991.24
2022-05-10,7.4,extreme fear,4001.05
2022-05-11,4.028571428571429,extreme fear,3935.18
2022-05-12,3.2,extreme fear,3930.08
2022-05-13,11.285714285714286,extreme fear,4023.89
2022-05-16,11.742857142857144,extreme fear,4008.01
2022-05-17,15.200000000000001,extreme fear,4088.85
2022-05-18,6.6000000000000005,extreme fear,3923.68
2022-05-19,13.714285714285714,extreme fear,3900.79
2022-05-20,12.657142857142858,extreme fear,3901.36
2022-05-23,17.885714285714283,extreme fear,3973.75
2022-05-24,16.0,extreme fear,3941.48
2022-05-25,17.571428571428573,extreme fear,3978.73
2022-05-26,24.114285714285717,extreme fear,4057.84
2022-05-27,29.542857142857144,fear,4158.24
2022-05-31,40.057142857142864,fear,4132.15
2022-06-01,40.60000000000001,fear,4101.23
2022-06-02,44.82857142857143,fear,4176.82
2022-06-03,35.45714285714286,fear,4108.54
2022-06-06,42.800000000000004,fear,4121.43
2022-06-07,45.62857142857143,neutral,4160.68
2022-06-08,48.11428571428571,neutral,4115.77
2022-06-09,47.05714285714286,neutral,4017.82
2022-06-10,40.00000000000001,fear,3900.86
2022-06-13,25.085714285714293,fear,3749.63
2022-06-14,20.528571428571432,extreme fear,3735.48
2022-06-15,29.25714285714286,fear,3789.99
2022-06-16,17.700000000000003,extreme fear,3666.77
2022-06-17,16.92857142857143,extreme fear,3674.84
2022-06-21,19.728571428571428,extreme fear,3764.79
2022-06-22,26.885714285714283,fear,3759.89
2022-06-23,26.742857142857144,fear,3795.73
2022-06-24,30.85714285714286,fear,3911.74
2022-06-27,30.771428571428572,fear,3900.11
2022-06-28,28.142857142857142,fear,3821.55
2022-06-29,26.542857142857144,fear,3818.83
2022-06-30,24.371428571428574,extreme fear,3785.38
2022-07-01,24.571428571428573,extreme fear,3825.33
2022-07-05,22.171428571428574,extreme fear,3831.39
2022-07-06,22.828571428571426,extreme fear,3845.08
2022-07-07,27.599999999999998,fear,3902.62
2022-07-08,31.342857142857145,fear,3899.38
2022-07-11,30.37142857142857,fear,3854.43
2022-07-12,30.314285714285713,fear,3818.8
2022-07-13,27.28571428571428,fear,3801.78
2022-07-14,26.514285714285716,fear,3790.38
2022-07-15,33.285714285714285,fear,3863.16
2022-07-18,35.885714285714286,fear,3830.85
2022-07-19,39.31428571428571,fear,3936.69
2022-07-20,44.08571428571429,fear,3959.9
2022-07-21,48.199999999999996,neutral,3998.95
2022-07-22,42.42857142857143,fear,3961.63
2022-07-25,42.2,fear,3966.84
2022-07-26,42.0,fear,3921.05
2022-07-27,46.628571428571426,neutral,4023.61
2022-07-28,48.48571428571429,neutral,4072.43
2022-07-29,52.4,neutral,4130.29
2022-08-01,59.08571428571429,greed,4118.63
2022-08-02,57.371428571428574,greed,4091.19
2022-08-03,60.25714285714286,greed,4155.17
2022-08-04,61.51428571428571,greed,4151.94
2022-08-05,63.314285714285724,greed,4145.19
2022-08-08,64.74285714285715,greed,4140.06
2022-08-09,64.45714285714286,greed,4122.47
2022-08-10,65.11428571428571,greed,4210.24
2022-08-11,65.82857142857144,greed,4207.27
2022-08-12,68.02857142857144,greed,4280.15
2022-08-15,66.82857142857144,greed,4297.14
2022-08-16,67.94285714285715,greed,4305.2
2022-08-17,67.14285714285715,greed,4274.04
2022-08-18,66.37142857142858,greed,4283.74
2022-08-19,63.714285714285715,greed,4228.48
2022-08-22,60.314285714285724,greed,4137.99
2022-08-23,57.42857142857144,greed,4128.73
2022-08-24,57.51428571428571,greed,4140.77
2022-08-25,58.25714285714287,greed,4199.12
2022-08-26,55.74285714285714,greed,4057.66
2022-08-29,54.285714285714285,neutral,4030.61
2022-08-30,49.800000000000004,neutral,3986.16
2022-08-31,52.08571428571429,neutral,3955.0
2022-09-01,49.371428571428574,neutral,3966.85
2022-09-02,42.457142857142856,fear,3924.26
2022-09-06,40.62857142857143,fear,3908.19
2022-09-07,39.62857142857143,fear,3979.87
2022-09-08,40.371428571428574,fear,4006.18
2022-09-09,43.8,fear,4067.36
2022-09-12,47.6,neutral,4110.41
2022-09-13,36.62857142857143,fear,3932.69
2022-09-14,41.885714285714286,fear,3946.01
2022-09-15,40.65714285714286,fear,3901.35
2022-09-16,35.285714285714285,fear,3873.33
2022-09-19,36.31428571428571,fear,3899.89
2022-09-20,36.114285714285714,fear,3855.93
2022-09-21,27.21428571428571,fear,3789.93
2022-09-22,24.48571428571429,extreme fear,3757.99
2022-09-23,21.685714285714287,extreme fear,3693.23
2022-09-26,17.62857142857143,extreme fear,3655.04
2022-09-27,16.514285714285716,extreme fear,3647.29
2022-09-28,17.02857142857143,extreme fear,3719.04
2022-09-29,13.257142857142858,extreme fear,3640.47
2022-09-30,16.45714285714286,extreme fear,3585.62
2022-10-03,20.38571428571429,extreme fear,3678.43
2022-10-04,27.88571428571429,fear,3790.93
2022-10-05,29.714285714285715,fear,3783.28
2022-10-06,23.142857142857142,extreme fear,3744.52
2022-10-07,19.67142857142857,extreme fear,3639.66
2022-10-10,19.4,extreme fear,3612.39
2022-10-11,16.885714285714283,extreme fear,3588.84
2022-10-12,15.942857142857145,extreme fear,3577.03
2022-10-13,19.37142857142857,extreme fear,3669.91
2022-10-14,16.45714285714286,extreme fear,3583.07
2022-10-17,23.400000000000002,extreme fear,3677.95
2022-10-18,28.800000000000004,fear,3719.98
2022-10-19,29.428571428571427,fear,3695.16
2022-10-20,39.08571428571429,fear,3665.78
2022-10-21,43.74285714285715,fear,3752.75
2022-10-24,47.22857142857142,neutral,3797.34
2022-10-25,51.371428571428574,neutral,3859.11
2022-10-26,53.800000000000004,neutral,3830.6
2022-10-27,54.57142857142857,neutral,3807.3
2022-10-28,57.114285714285714,greed,3901.06
2022-10-31,64.05714285714286,greed,3871.98
2022-11-01,63.51428571428572,greed,3856.1
2022-11-02,55.285714285714285,greed,3759.69
2022-11-03,55.51428571428572,greed,3719.89
2022-11-04,56.51428571428572,greed,3770.55
2022-11-07,59.65714285714286,greed,3806.8
2022-11-08,57.94285714285714,greed,3828.11
2022-11-09,54.0,neutral,3748.57
2022-11-10,60.34285714285714,greed,3956.37
2022-11-11,63.74285714285713,greed,3992.93
2022-11-14,62.68571428571429,greed,3957.25
2022-11-15,66.91428571428573,greed,3991.73
2022-11-16,65.08571428571427,greed,3958.79
2022-11-17,61.48571428571429,greed,3946.56
2022-11-18,60.34285714285715,greed,3965.34
2022-11-21,60.97142857142857,greed,3949.94
2022-11-22,60.8,greed,4003.58
2022-11-23,64.25714285714285,greed,4027.26
2022-11-25,63.08571428571429,greed,4026.12
2022-11-28,59.74285714285715,greed,3963.94
2022-11-29,58.17142857142857,greed,3957.63
2022-11-30,73.97142857142856,greed,4080.11
2022-12-01,75.60000000000001,extreme greed,4076.57
2022-12-02,68.14285714285714,greed,4071.7
2022-12-05,65.08571428571429,greed,3998.84
2022-12-06,61.828571428571436,greed,3941.26
2022-12-07,58.42857142857143,greed,3933.92
2022-12-08,55.6857142857143,greed,3963.51
2022-12-09,52.08571428571428,neutral,3934.38
2022-12-12,57.199999999999996,greed,3990.56
2022-12-13,59.17142857142858,greed,4019.65
2022-12-14,60.94285714285714,greed,3995.32
2022-12-15,60.142857142857146,greed,3895.75
2022-12-16,44.142857142857146,fear,3852.36
2022-12-19,39.971428571428575,fear,3817.66
2022-12-20,38.314285714285724,fear,3821.62
2022-12-21,38.542857142857144,fear,3878.44
2022-12-22,37.0,fear,3822.39
2022-12-23,39.51428571428572,fear,3844.82
2022-12-27,39.94285714285714,fear,3829.25
2022-12-28,35.51428571428572,fear,3783.22
2022-12-29,37.142857142857146,fear,3849.28
2022-12-30,36.51428571428571,fear,3839.5
2023-01-03,36.6,fear,3824.14
2023-01-04,39.857142857142854,fear,3852.97
2023-01-05,44.17142857142858,fear,3808.1
2023-01-06,45.714285714285715,neutral,3895.08
2023-01-09,47.2,neutral,3892.09
2023-01-10,49.65714285714286,neutral,3919.25
2023-01-11,54.228571428571435,neutral,3969.61
2023-01-12,56.68571428571429,greed,3983.17
2023-01-13,61.31428571428571,greed,3999.09
2023-01-17,64.14285714285714,greed,3990.97
2023-01-18,58.42857142857143,greed,3928.86
2023-01-19,55.42857142857144,greed,3898.85
2023-01-20,58.542857142857144,greed,3972.61
2023-01-23,63.60000000000001,greed,4019.81
2023-01-24,63.0,greed,4016.95
2023-01-25,63.88571428571429,greed,4016.22
2023-01-26,68.02857142857144,greed,4060.43
2023-01-27,69.2,greed,4070.56
2023-01-30,67.45714285714287,greed,4017.77
2023-01-31,70.34285714285716,greed,4076.6
2023-02-01,82.17142857142858,extreme greed,4119.21
2023-02-02,75.2,extreme greed,4179.76
2023-02-03,76.14285714285714,extreme greed,4136.48
2023-02-06,75.91428571428573,extreme greed,4111.08
2023-02-07,76.34285714285714,extreme greed,4164.0
2023-02-08,74.62857142857142,greed,4117.86
2023-02-09,72.62857142857143,greed,4081.5
2023-02-10,72.4857142857143,greed,4090.46
2023-02-13,71.82857142857144,greed,4137.29
2023-02-14,73.25714285714287,greed,4136.13
2023-02-15,73.65714285714284,greed,4147.6
2023-02-16,70.71428571428572,greed,4090.41
2023-02-17,69.48571428571428,greed,4079.09
2023-02-21,65.91428571428573,greed,3997.34
2023-02-22,64.17142857142859,greed,3991.05
2023-02-23,62.65714285714285,greed,4012.32
2023-02-24,60.65714285714286,greed,3970.04
2023-02-27,61.22857142857144,greed,3982.24
2023-02-28,61.2,greed,3970.15
2023-03-01,65.91428571428573,greed,3951.39
2023-03-02,52.45714285714287,neutral,3981.35
2023-03-03,55.6857142857143,greed,4045.64
2023-03-06,55.25714285714285,greed,4048.42
2023-03-07,48.51428571428571,neutral,3986.37
2023-03-08,49.82857142857143,neutral,3992.01
2023-03-09,37.542857142857144,fear,3918.32
2023-03-10,26.885714285714283,fear,3861.59
2023-03-13,23.357142857142858,extreme fear,3855.76
2023-03-14,25.085714285714285,fear,3919.29
2023-03-15,22.685714285714287,extreme fear,3891.93
2023-03-16,32.57142857142857,fear,3960.28
2023-03-17,27.000000000000004,fear,3916.64
2023-03-20,30.428571428571434,fear,3951.57
2023-03-21,43.48571428571429,fear,4002.87
2023-03-22,41.028571428571425,fear,3936.97
2023-03-23,38.34285714285715,fear,3948.72
2023-03-24,37.714285714285715,fear,3970.99
2023-03-27,40.199999999999996,fear,3977.53
2023-03-28,39.6,fear,3971.27
2023-03-29,41.457142857142856,fear,4027.81
2023-03-30,45.228571428571435,neutral,4050.83
2023-03-31,49.48571428571429,neutral,4109.31
2023-04-03,61.48571428571428,greed,4124.51
2023-04-04,50.228571428571435,neutral,4100.6
2023-04-05,52.62857142857143,neutral,4090.38
2023-04-06,55.25714285714286,greed,4105.02
2023-04-10,57.91428571428572,greed,4109.11
2023-04-11,58.48571428571428,greed,4108.94
2023-04-12,60.74285714285714,greed,4091.95
2023-04-13,63.171428571428564,greed,4146.22
2023-04-14,65.71428571428571,greed,4137.64
2023-04-17,67.08571428571429,greed,4151.32
2023-04-18,65.4857142857143,greed,4154.87
2023-04-19,67.25714285714287,greed,4154.52
2023-04-20,64.05714285714285,greed,4129.79
2023-04-21,63.51428571428572,greed,4133.52
2023-04-24,63.48571428571429,greed,4137.04
2023-04-25,57.057142857142864,greed,4071.63
2023-04-26,52.4,neutral,4055.99
2023-04-27,58.314285714285724,greed,4135.35
2023-04-28,59.42857142857143,greed,4169.48
2023-05-01,59.42857142857144,greed,4167.87
2023-05-02,55.51428571428572,greed,4119.58
2023-05-03,54.62857142857143,neutral,4090.75
2023-05-04,49.6,neutral,4061.22
2023-05-05,53.885714285714286,neutral,4136.25
2023-05-08,57.142857142857146,greed,4138.12
2023-05-09,59.57142857142857,greed,4119.17
2023-05-10,59.971428571428575,greed,4137.64
2023-05-11,59.057142857142864,greed,4130.62
2023-05-12,57.34285714285715,greed,4124.08
2023-05-15,57.25714285714286,greed,4136.28
2023-05-16,55.28571428571429,greed,4109.9
2023-05-17,60.25714285714286,greed,4158.77
2023-05-18,64.91428571428573,greed,4198.05
2023-05-19,65.45714285714287,greed,4191.98
2023-05-22,67.85714285714286,greed,4192.63
2023-05-23,65.8,greed,4145.58
2023-05-24,61.82857142857143,greed,4115.24
2023-05-25,62.6857142857143,greed,4151.28
2023-05-26,65.71428571428571,greed,4205.45
2023-05-30,66.08571428571429,greed,4205.52
2023-05-31,64.17142857142858,greed,4179.83
2023-06-01,68.05714285714286,greed,4221.02
2023-06-02,75.42857142857143,extreme greed,4282.37
2023-06-05,69.48571428571428,greed,4273.79
2023-06-06,73.51428571428572,greed,4283.85
2023-06-07,74.45714285714287,greed,4267.52
2023-06-08,75.77142857142857,extreme greed,4293.93
2023-06-09,76.97142857142856,extreme greed,4298.86
2023-06-12,78.05714285714286,extreme greed,4338.93
2023-06-13,79.62857142857145,extreme greed,4369.01
2023-06-14,79.62857142857142,extreme greed,4372.59
2023-06-15,80.88571428571429,extreme greed,4425.84
2023-06-16,81.25714285714287,extreme greed,4409.59
2023-06-20,80.11428571428571,extreme greed,4388.71
2023-06-21,80.11428571428573,extreme greed,4365.69
2023-06-22,80.05714285714285,extreme greed,4381.89
2023-06-23,75.71428571428571,extreme greed,4348.33
2023-06-26,73.45714285714287,greed,4328.82
2023-06-27,75.48571428571428,extreme greed,4378.41
2023-06-28,76.51428571428573,extreme greed,4376.86
2023-06-29,79.20000000000002,extreme greed,4396.44
2023-06-30,79.4857142857143,extreme greed,4450.38
2023-07-03,82.22857142857143,extreme greed,4455.59
2023-07-05,79.25714285714287,extreme greed,4446.82
2023-07-06,77.91428571428573,extreme greed,4411.59
2023-07-07,77.68571428571428,extreme greed,4398.95
2023-07-10,76.6857142857143,extreme greed,4409.53
2023-07-11,78.28571428571429,extreme greed,4439.26
2023-07-12,78.17142857142858,extreme greed,4472.16
2023-07-13,79.39999999999999,extreme greed,4510.04
2023-07-14,79.8,extreme greed,4505.42
2023-07-17,80.02857142857142,extreme greed,4522.79
2023-07-18,81.68571428571428,extreme greed,4554.98
2023-07-19,82.34285714285716,extreme greed,4565.72
2023-07-20,80.85714285714286,extreme greed,4534.87
2023-07-21,81.02857142857144,extreme greed,4536.34
2023-07-24,82.51428571428572,extreme greed,4554.64
2023-07-25,81.22857142857143,extreme greed,4567.46
2023-07-26,80.60000000000001,extreme greed,4566.75
2023-07-27,77.65714285714286,extreme greed,4537.41
2023-07-28,76.91428571428573,extreme greed,4582.23
2023-07-31,77.62857142857142,extreme greed,4588.96
2023-08-01,77.34285714285716,extreme greed,4576.73
2023-08-02,77.34285714285714,extreme greed,4513.39
2023-08-03,73.62857142857145,greed,4501.89
2023-08-04,64.5,greed,4478.03
2023-08-07,72.05714285714285,greed,4518.44
2023-08-08,69.2,greed,4499.38
2023-08-09,67.31428571428572,greed,4467.71
2023-08-10,66.34285714285714,greed,4468.83
2023-08-11,65.02857142857144,greed,4464.05
2023-08-14,66.28571428571429,greed,4489.72
2023-08-15,54.5,neutral,4437.86
2023-08-16,49.48571428571428,neutral,4404.33
2023-08-17,46.142857142857146,neutral,4370.36
2023-08-18,43.65714285714286,fear,4369.71
2023-08-21,43.48571428571429,fear,4399.77
2023-08-22,43.44285714285714,fear,4387.55
2023-08-23,50.17142857142857,neutral,4436.01
2023-08-24,40.58571428571429,fear,4376.31
2023-08-25,47.02857142857143,neutral,4405.71
2023-08-28,45.285714285714285,neutral,4433.31
2023-08-29,49.17142857142857,neutral,4497.63
2023-08-30,50.42857142857143,neutral,4514.87
2023-08-31,52.94285714285714,neutral,4507.66
2023-09-01,55.028571428571425,greed,4515.77
2023-09-05,59.08571428571428,greed,4496.83
2023-09-06,56.714285714285715,greed,4465.48
2023-09-07,53.62857142857143,neutral,4451.14
2023-09-08,51.91428571428571,neutral,4457.49
2023-09-11,52.199999999999996,neutral,4487.46
2023-09-12,51.40000000000001,neutral,4461.9
2023-09-13,51.40000000000001,neutral,4467.44
2023-09-14,54.42857142857144,neutral,4505.1
2023-09-15,52.02857142857143,neutral,4450.32
2023-09-18,49.48571428571429,neutral,4453.53
2023-09-19,49.94285714285714,neutral,4443.95
2023-09-20,48.285714285714285,neutral,4402.2
2023-09-21,37.15714285714286,fear,4330.0
2023-09-22,33.15714285714286,fear,4320.06
2023-09-25,38.42857142857143,fear,4337.44
2023-09-26,24.22857142857143,extreme fear,4273.53
2023-09-27,22.82857142857143,extreme fear,4274.51
2023-09-28,29.0,fear,4299.7
2023-09-29,28.400000000000002,fear,4288.05
2023-10-02,28.314285714285713,fear,4288.39
2023-10-03,20.528571428571432,extreme fear,4229.45
2023-10-04,20.985714285714288,extreme fear,4263.75
2023-10-05,20.32857142857143,extreme fear,4258.19
2023-10-06,27.714285714285715,fear,4308.5
2023-10-09,29.25714285714286,fear,4335.66
2023-10-10,32.31428571428572,fear,4358.24
2023-10-11,34.34285714285714,fear,4376.95
2023-10-12,35.68571428571429,fear,4349.61
2023-10-13,26.271428571428572,fear,4327.78
2023-10-16,35.74285714285715,fear,4373.63
2023-10-17,39.142857142857146,fear,4373.2
2023-10-18,30.571428571428573,fear,4314.6
2023-10-19,29.542857142857144,fear,4278.0
2023-10-20,22.85714285714286,extreme fear,4224.16
2023-10-23,25.842857142857145,fear,4217.04
2023-10-24,33.48571428571429,fear,4247.68
2023-10-25,25.214285714285715,fear,4186.77
2023-10-26,22.71428571428572,extreme fear,4137.23
2023-10-27,21.614285714285717,extreme fear,4117.37
2023-10-30,29.2,fear,4166.82
2023-10-31,30.142857142857142,fear,4193.8
2023-11-01,32.17142857142857,fear,4237.86
2023-11-02,37.68571428571429,fear,4317.78
2023-11-03,36.114285714285714,fear,4358.34
2023-11-06,38.91428571428572,fear,4365.98
2023-11-07,39.628571428571426,fear,4378.38
2023-11-08,39.771428571428565,fear,4382.78
2023-11-09,41.0,fear,4347.35
2023-11-10,41.45714285714286,fear,4415.24
2023-11-13,39.88571428571429,fear,4411.55
2023-11-14,46.6,neutral,4495.7
2023-11-15,52.542857142857144,neutral,4502.88
2023-11-16,55.057142857142864,greed,4508.24
2023-11-17,58.85714285714287,greed,4514.02
2023-11-20,61.28571428571429,greed,4547.38
2023-11-21,61.17142857142858,greed,4538.19
2023-11-22,65.05714285714286,greed,4556.62
2023-11-24,66.85714285714286,greed,4559.34
2023-11-27,65.31428571428572,greed,4550.43
2023-11-28,65.08571428571429,greed,4554.89
2023-11-29,63.28571428571429,greed,4550.58
2023-11-30,64.37142857142858,greed,4567.8
2023-12-01,64.51428571428572,greed,4594.63
2023-12-04,63.714285714285715,greed,4569.78
2023-12-05,65.14285714285714,greed,4567.18
2023-12-06,63.97142857142857,greed,4549.34
2023-12-07,66.14285714285715,greed,4585.59
2023-12-08,65.94285714285715,greed,4604.37
2023-12-11,67.28571428571429,greed,4622.44
2023-12-12,67.88571428571429,greed,4643.7
2023-12-13,67.54285714285714,greed,4707.09
2023-12-14,70.54285714285716,greed,4719.55
2023-12-15,69.45714285714287,greed,4719.19
2023-12-18,70.48571428571428,greed,4740.56
2023-12-19,82.97142857142858,extreme greed,4768.37
2023-12-20,75.57142857142857,extreme greed,4698.35
2023-12-21,77.0,extreme greed,4746.75
2023-12-22,79.74285714285715,extreme greed,4754.63
2023-12-26,81.94285714285716,extreme greed,4774.75
2023-12-27,81.17142857142858,extreme greed,4781.58
2023-12-28,81.25714285714287,extreme greed,4783.35
2023-12-29,80.71428571428571,extreme greed,4769.83
2024-01-02,79.71428571428571,extreme greed,4742.83
2024-01-03,76.71428571428571,extreme greed,4704.81
2024-01-04,78.68571428571428,extreme greed,4688.68
2024-01-05,75.77142857142859,extreme greed,4697.24
2024-01-08,76.17142857142856,extreme greed,4763.54
2024-01-09,75.68571428571428,extreme greed,4756.5
2024-01-10,76.37142857142858,extreme greed,4783.45
2024-01-11,74.65714285714286,greed,4780.24
2024-01-12,73.08571428571429,greed,4783.83
2024-01-16,72.28571428571429,greed,4765.98
2024-01-17,57.21428571428572,greed,4739.21
2024-01-18,66.45714285714286,greed,4780.94
2024-01-19,72.82857142857144,greed,4839.81
2024-01-22,72.85714285714286,greed,4850.43
2024-01-23,70.25714285714287,greed,4864.6
2024-01-24,72.48571428571428,greed,4868.55
2024-01-25,73.22857142857143,greed,4894.16
2024-01-26,73.79999999999998,greed,4890.97
2024-01-29,74.11428571428573,greed,4927.93
2024-01-30,74.22857142857143,greed,4924.97
2024-01-31,64.11428571428573,greed,4845.65
2024-02-01,72.34285714285714,greed,4906.19
2024-02-02,74.60000000000001,greed,4958.61
2024-02-05,73.31428571428572,greed,4942.81
2024-02-06,73.20000000000002,greed,4954.23
2024-02-07,73.77142857142857,greed,4995.06
2024-02-08,74.60000000000001,greed,4997.91
2024-02-09,75.42857142857143,extreme greed,5026.61
2024-02-12,75.82857142857144,extreme greed,5021.84
2024-02-13,66.74285714285715,greed,4953.17
2024-02-14,67.51428571428572,greed,5000.62
2024-02-15,73.85714285714286,greed,5029.73
2024-02-16,73.48571428571428,greed,5005.57
2024-02-20,63.74285714285715,greed,4975.51
2024-02-21,63.7,greed,4981.8
2024-02-22,73.94285714285715,greed,5087.03
2024-02-23,73.34285714285714,greed,5088.8
2024-02-26,71.91428571428573,greed,5069.53
2024-02-27,75.77142857142859,extreme greed,5078.18
2024-02-28,76.77142857142859,extreme greed,5069.76
2024-02-29,77.45714285714287,extreme greed,5096.27
2024-03-01,76.82857142857142,extreme greed,5137.08
2024-03-04,79.22857142857143,extreme greed,5130.95
2024-03-05,76.11428571428571,extreme greed,5078.65
2024-03-06,72.54285714285714,greed,5104.76
2024-03-07,73.85714285714286,greed,5157.36
2024-03-08,70.02857142857144,greed,5123.69
2024-03-11,62.771428571428565,greed,5117.94
2024-03-12,72.2,greed,5175.27
2024-03-13,71.77142857142857,greed,5165.31
2024-03-14,70.4,greed,5150.48
2024-03-15,68.62857142857143,greed,5117.09
2024-03-18,70.74285714285715,greed,5149.42
2024-03-19,70.85714285714286,greed,5178.51
2024-03-20,69.62857142857145,greed,5224.62
2024-03-21,71.37142857142858,greed,5241.53
2024-03-22,69.51428571428572,greed,5234.18
2024-03-25,67.42857142857143,greed,5218.19
2024-03-26,67.91428571428573,greed,5203.58
2024-03-27,69.77142857142859,greed,5248.49
2024-03-28,68.77142857142857,greed,5254.35
2024-04-01,71.25714285714287,greed,5243.77
2024-04-02,71.14285714285715,greed,5205.81
2024-04-03,69.4,greed,5211.49
2024-04-04,53.800000000000004,neutral,5147.21
2024-04-05,58.10000000000001,greed,5204.34
2024-04-08,64.02857142857144,greed,5202.39
2024-04-09,59.62857142857144,greed,5209.91
2024-04-10,49.67142857142858,neutral,5160.64
2024-04-11,56.65714285714286,greed,5199.06
2024-04-12,45.01428571428572,neutral,5123.41
2024-04-15,38.4,fear,5061.82
2024-04-16,35.11428571428572,fear,5051.41
2024-04-17,31.157142857142862,fear,5022.21
2024-04-18,30.400000000000006,fear,5011.12
2024-04-19,27.671428571428574,fear,4967.23
2024-04-22,34.17142857142857,fear,5010.6
2024-04-23,36.57142857142857,fear,5070.55
2024-04-24,37.48571428571429,fear,5071.63
2024-04-25,39.08571428571429,fear,5048.42
2024-04-26,40.51428571428572,fear,5099.96
2024-04-29,42.42857142857143,fear,5116.17
2024-04-30,40.542857142857144,fear,5035.69
2024-05-01,40.51428571428572,fear,5018.39
2024-05-02,42.228571428571435,fear,5064.2
2024-05-03,43.25714285714286,fear,5127.79
2024-05-06,39.0,fear,5180.74
2024-05-07,37.17142857142858,fear,5187.7
2024-05-08,38.17142857142857,fear,5187.67
2024-05-09,42.228571428571435,fear,5214.08
2024-05-10,46.028571428571425,neutral,5222.68
2024-05-13,48.114285714285714,neutral,5221.42
2024-05-14,55.285714285714285,greed,5246.68
2024-05-15,59.371428571428574,greed,5308.15
2024-05-16,62.314285714285724,greed,5297.1
2024-05-17,62.800000000000004,greed,5303.27
2024-05-20,60.42857142857143,greed,5308.13
2024-05-21,59.42857142857143,greed,5321.41
2024-05-22,58.51428571428572,greed,5307.01
2024-05-23,52.37142857142857,neutral,5267.84
2024-05-24,51.74285714285714,neutral,5304.72
2024-05-28,54.685714285714276,neutral,5306.04
2024-05-29,49.971428571428575,neutral,5266.95
2024-05-30,45.08571428571429,neutral,5235.48
2024-05-31,48.42857142857144,neutral,5277.51
2024-06-03,45.48571428571429,neutral,5283.4
2024-06-04,47.628571428571426,neutral,5291.34
2024-06-05,51.142857142857146,neutral,5354.03
2024-06-06,45.31428571428571,neutral,5352.96
2024-06-07,43.4,fear,5346.99
2024-06-10,44.74285714285715,fear,5360.79
2024-06-11,44.4,fear,5375.32
2024-06-12,46.57142857142857,neutral,5421.03
2024-06-13,44.57142857142858,fear,5433.74
2024-06-14,41.11428571428572,fear,5431.6
2024-06-17,43.285714285714285,fear,5473.23
2024-06-18,41.28571428571429,fear,5487.03
2024-06-20,38.714285714285715,fear,5473.17
2024-06-21,39.05714285714286,fear,5464.62
2024-06-24,37.77142857142858,fear,5447.87
2024-06-25,37.285714285714285,fear,5469.3
2024-06-26,40.88571428571429,fear,5477.9
2024-06-27,45.51428571428571,neutral,5482.87
2024-06-28,44.31428571428571,fear,5460.48
2024-07-01,47.94285714285714,neutral,5475.09
2024-07-02,49.74285714285714,neutral,5509.01
2024-07-03,48.371428571428574,neutral,5537.02
2024-07-05,49.714285714285715,neutral,5567.19
2024-07-08,51.057142857142864,neutral,5572.85
2024-07-09,50.57142857142856,neutral,5576.98
2024-07-10,54.60000000000001,neutral,5633.91
2024-07-11,49.4,neutral,5584.54
2024-07-12,54.371428571428574,neutral,5615.35
2024-07-15,57.74285714285715,greed,5631.22
2024-07-16,57.02857142857143,greed,5667.2
2024-07-17,46.114285714285714,neutral,5588.27
2024-07-18,45.94285714285714,neutral,5544.59
2024-07-19,43.0,fear,5505.0
2024-07-22,48.42857142857144,neutral,5564.41
2024-07-23,46.857142857142854,neutral,5555.74
2024-07-24,38.614285714285714,fear,5427.13
2024-07-25,39.07142857142857,fear,5399.22
2024-07-26,42.542857142857144,fear,5459.1
2024-07-29,42.07142857142857,fear,5463.54
2024-07-30,40.800000000000004,fear,5436.44
2024-07-31,46.885714285714286,neutral,5522.3
2024-08-01,42.68571428571429,fear,5446.68
2024-08-02,41.385714285714286,fear,5346.56
2024-08-05,33.05714285714286,fear,5186.33
2024-08-06,19.014285714285712,extreme fear,5240.03
2024-08-07,16.557142857142857,extreme fear,5199.5
2024-08-08,17.65714285714286,extreme fear,5319.31
2024-08-09,24.085714285714285,extreme fear,5344.16
2024-08-12,23.8,extreme fear,5344.39
2024-08-13,25.514285714285712,fear,5434.43
2024-08-14,26.428571428571434,fear,5455.21
2024-08-15,32.37142857142857,fear,5543.22
2024-08-16,33.74285714285715,fear,5554.25
2024-08-19,39.88571428571429,fear,5608.25
2024-08-20,44.68571428571429,fear,5597.12
2024-08-21,50.228571428571435,neutral,5620.85
2024-08-22,46.77142857142858,neutral,5570.64
2024-08-23,51.57142857142857,neutral,5634.61
2024-08-26,52.94285714285714,neutral,5616.84
2024-08-27,52.28571428571429,neutral,5625.8
2024-08-28,51.08571428571429,neutral,5592.18
2024-08-29,56.057142857142864,greed,5591.96
2024-08-30,60.314285714285724,greed,5648.4
2024-09-03,56.34285714285714,greed,5528.93
2024-09-04,56.62857142857143,greed,5520.07
2024-09-05,50.62857142857143,neutral,5503.41
2024-09-06,39.34285714285715,fear,5408.42
2024-09-09,41.971428571428575,fear,5471.05
2024-09-10,39.6857142857143,fear,5495.52
2024-09-11,43.08571428571429,fear,5554.13
2024-09-12,42.97142857142857,fear,5595.76
2024-09-13,48.62857142857143,neutral,5626.02
2024-09-16,50.31428571428571,neutral,5633.09
2024-09-17,54.62857142857143,neutral,5634.58
2024-09-18,55.17142857142858,greed,5618.26
2024-09-19,63.80000000000001,greed,5713.64
2024-09-20,61.2,greed,5702.55
2024-09-23,63.85714285714287,greed,5718.57
2024-09-24,66.42857142857143,greed,5732.93
2024-09-25,65.74285714285715,greed,5722.26
2024-09-26,70.74285714285713,greed,5745.37
2024-09-27,67.31428571428572,greed,5738.17
2024-09-30,73.6857142857143,greed,5762.48
2024-10-01,70.31428571428572,greed,5708.75
2024-10-02,70.57142857142857,greed,5709.54
2024-10-03,69.42857142857143,greed,5699.94
2024-10-04,71.4,greed,5751.07
2024-10-07,70.82857142857144,greed,5695.94
2024-10-08,71.17142857142856,greed,5751.13
2024-10-09,71.14285714285715,greed,5792.04
2024-10-10,70.28571428571429,greed,5780.05
2024-10-11,71.65714285714286,greed,5815.03
2024-10-14,74.22857142857143,greed,5859.85
2024-10-15,71.14285714285715,greed,5815.26
2024-10-16,69.02857142857142,greed,5842.47
2024-10-17,68.57142857142857,greed,5841.47
2024-10-18,72.42857142857143,greed,5864.67
2024-10-21,69.8,greed,5853.98
2024-10-22,70.37142857142858,greed,5851.2
2024-10-23,63.199999999999996,greed,5797.42
2024-10-24,62.94285714285714,greed,5809.86
2024-10-25,58.74285714285715,greed,5808.12
2024-10-28,60.85714285714287,greed,5823.52
2024-10-29,60.057142857142864,greed,5832.92
2024-10-30,57.2,greed,5813.67
2024-10-31,40.45714285714286,fear,5705.45
2024-11-01,50.48571428571429,neutral,5728.8
2024-11-04,42.42857142857143,fear,5712.69
2024-11-05,43.54285714285715,fear,5782.76
2024-11-06,44.0,fear,5929.04
2024-11-07,59.05714285714286,greed,5973.1
2024-11-08,59.42857142857144,greed,5995.54
2024-11-11,66.6,greed,6001.35
2024-11-12,66.71428571428571,greed,5983.99
2024-11-13,66.31428571428572,greed,5985.38
2024-11-14,60.314285714285724,greed,5949.17
2024-11-15,51.199999999999996,neutral,5870.62
2024-11-18,50.285714285714285,neutral,5893.62
2024-11-19,49.51428571428572,neutral,5916.98
2024-11-20,49.51428571428572,neutral,5917.11
2024-11-21,56.60000000000001,greed,5948.71
2024-11-22,60.71428571428572,greed,5969.34
2024-11-25,62.88571428571429,greed,5987.37
2024-11-26,65.91428571428573,greed,6021.63
2024-11-27,64.4,greed,5998.74
2024-11-29,65.0,greed,6032.38
2024-12-02,65.31428571428572,greed,6047.15
2024-12-03,59.57142857142858,greed,6049.88
2024-12-04,57.48571428571429,greed,6086.49
2024-12-05,54.91428571428572,neutral,6075.11
2024-12-06,52.142857142857146,neutral,6090.27
2024-12-09,49.25714285714287,neutral,6052.85
2024-12-10,46.971428571428575,neutral,6034.91
2024-12-11,49.2,neutral,6084.19
2024-12-12,47.114285714285714,neutral,6051.25
2024-12-13,49.114285714285714,neutral,6051.09
2024-12-16,56.057142857142864,greed,6074.08
2024-12-17,51.4,neutral,6050.61
2024-12-18,33.12857142857143,fear,5872.16
2024-12-19,19.514285714285716,extreme fear,5867.08
2024-12-20,27.600000000000005,fear,5930.85
2024-12-23,30.142857142857146,fear,5974.07
2024-12-24,34.51428571428571,fear,6040.04
2024-12-26,34.17142857142857,fear,6037.59
2024-12-27,33.82857142857143,fear,5970.84
2024-12-30,28.6,fear,5906.94
2024-12-31,26.314285714285713,fear,5881.63
2025-01-02,24.314285714285717,extreme fear,5868.55
2025-01-03,28.885714285714283,fear,5942.47
2025-01-06,33.77142857142857,fear,5975.38
2025-01-07,34.31428571428572,fear,5909.03
2025-01-08,31.914285714285718,fear,5918.25
2025-01-10,25.62857142857143,fear,5827.04
2025-01-13,25.34285714285715,fear,5836.22
2025-01-14,25.142857142857142,fear,5842.91
2025-01-15,27.428571428571427,fear,5949.91
2025-01-16,27.342857142857145,fear,5937.34
2025-01-17,36.02857142857143,fear,5996.66
2025-01-21,39.91428571428572,fear,6049.24
2025-01-22,41.62857142857143,fear,6086.37
2025-01-23,43.68571428571429,fear,6118.71
2025-01-24,45.800000000000004,neutral,6101.24
2025-01-27,37.971428571428575,fear,6012.28
2025-01-28,40.62857142857143,fear,6067.7
2025-01-29,42.4,fear,6039.31
2025-01-30,45.91428571428571,neutral,6071.17
2025-01-31,43.771428571428565,fear,6040.53
2025-02-03,37.4,fear,5994.57
2025-02-04,37.142857142857146,fear,6037.88
2025-02-05,38.62857142857143,fear,6061.48
2025-02-06,39.68571428571429,fear,6083.57
2025-02-07,38.371428571428574,fear,6025.99
2025-02-10,44.714285714285715,fear,6066.44
2025-02-11,45.4,neutral,6068.5
2025-02-12,41.371428571428574,fear,6051.97
2025-02-13,46.60000000000001,neutral,6115.07
2025-02-14,43.68571428571429,fear,6114.63
2025-02-18,46.800000000000004,neutral,6129.58
2025-02-19,47.628571428571426,neutral,6144.15
2025-02-20,44.228571428571435,fear,6117.52
2025-02-21,36.971428571428575,fear,6013.13
2025-02-24,29.542857142857144,fear,5983.25
2025-02-25,24.199999999999996,extreme fear,5955.25
2025-02-26,21.25714285714286,extreme fear,5956.06
2025-02-27,12.757142857142858,extreme fear,5861.57
2025-02-28,20.657142857142855,extreme fear,5954.5
2025-03-03,12.342857142857143,extreme fear,5849.72
2025-03-04,11.042857142857143,extreme fear,5778.15
2025-03-05,11.514285714285714,extreme fear,5842.63
2025-03-06,17.2,extreme fear,5738.52
2025-03-07,17.642857142857146,extreme fear,5770.2
2025-03-10,17.071428571428573,extreme fear,5614.56
2025-03-11,15.114285714285716,extreme fear,5572.07
2025-03-12,15.914285714285715,extreme fear,5599.3
2025-03-13,15.185714285714287,extreme fear,5521.52
2025-03-14,22.057142857142857,extreme fear,5638.94
2025-03-17,22.571428571428573,extreme fear,5675.12
2025-03-18,22.228571428571428,extreme fear,5614.66
2025-03-19,21.599999999999998,extreme fear,5675.29
2025-03-20,21.685714285714287,extreme fear,5662.89
2025-03-21,22.685714285714287,extreme fear,5667.56
2025-03-24,25.400000000000002,fear,5767.57
2025-03-25,29.285714285714285,fear,5776.65
2025-03-26,28.88571428571429,fear,5712.2
2025-03-27,28.342857142857145,fear,5693.31
2025-03-28,26.371428571428574,fear,5580.94
2025-03-31,21.114285714285717,extreme fear,5611.85
2025-04-01,19.571428571428573,extreme fear,5633.07
2025-04-02,22.599999999999998,extreme fear,5670.97
2025-04-03,12.142857142857142,extreme fear,5396.52
2025-04-04,5.385714285714286,extreme fear,5074.08
2025-04-07,4.0,extreme fear,5062.25
2025-04-08,2.9,extreme fear,4982.77
2025-04-09,9.5,extreme fear,5456.9
2025-04-10,5.614285714285715,extreme fear,5268.05
2025-04-11,8.385714285714286,extreme fear,5363.36
2025-04-14,12.342857142857143,extreme fear,5405.97
2025-04-15,13.114285714285716,extreme fear,5396.63
2025-04-16,11.142857142857142,extreme fear,5275.7
2025-04-17,16.057142857142857,extreme fear,5282.7
2025-04-21,12.371428571428572,extreme fear,5158.2
2025-04-22,13.600000000000003,extreme fear,5287.76
2025-04-23,21.542857142857144,extreme fear,5375.86
2025-04-24,24.08571428571429,extreme fear,5484.77
2025-04-25,34.51428571428572,fear,5525.21
2025-04-28,32.142857142857146,fear,5528.75
2025-04-29,32.74285714285714,fear,5560.83
2025-04-30,32.371428571428574,fear,5569.06
2025-05-01,41.25714285714287,fear,5604.14
2025-05-02,38.28571428571429,fear,5686.67
2025-05-05,53.057142857142864,neutral,5650.38
2025-05-06,54.65714285714286,neutral,5606.91
2025-05-07,54.142857142857146,neutral,5631.28
2025-05-08,57.65714285714286,greed,5663.94
2025-05-09,60.02857142857143,greed,5659.91
2025-05-12,64.4857142857143,greed,5844.19
2025-05-13,68.2,greed,5886.55
2025-05-14,70.4,greed,5892.58
2025-05-15,69.14285714285714,greed,5916.93
2025-05-16,70.60000000000001,greed,5958.38
2025-05-19,69.74285714285715,greed,5963.6
2025-05-20,69.17142857142858,greed,5940.46
2025-05-21,66.22857142857143,greed,5844.61
2025-05-22,66.8,greed,5842.01
2025-05-23,64.08571428571429,greed,5802.82
2025-05-27,65.74285714285715,greed,5921.54
2025-05-28,64.74285714285715,greed,5888.55
2025-05-29,64.45714285714287,greed,5912.17
2025-05-30,61.91428571428571,greed,5911.69
2025-06-02,62.42857142857144,greed,5935.94
2025-06-03,54.57142857142857,neutral,5970.37
2025-06-04,54.88571428571429,neutral,5970.81
2025-06-05,57.97142857142858,greed,5939.3
2025-06-06,61.77142857142858,greed,6000.36
2025-06-09,63.42857142857143,greed,6005.88
2025-06-10,64.0,greed,6038.81
2025-06-11,64.2,greed,6022.24
2025-06-12,64.6,greed,6045.26
2025-06-13,59.54285714285715,greed,5976.97
2025-06-16,61.114285714285714,greed,6033.11
2025-06-17,57.42857142857144,greed,5982.72
2025-06-18,54.285714285714285,neutral,5980.87
2025-06-20,54.51428571428573,neutral,5967.84
2025-06-23,56.60000000000001,greed,6025.17
2025-06-24,57.885714285714286,greed,6092.18
2025-06-25,59.25714285714286,greed,6092.16
2025-06-26,63.00000000000001,greed,6141.02
2025-06-27,64.8,greed,6173.07
2025-06-30,69.22857142857143,greed,6204.95
2025-07-01,67.54285714285714,greed,6198.01
2025-07-02,63.714285714285715,greed,6227.42
2025-07-03,77.62857142857145,extreme greed,6279.35
2025-07-07,75.08571428571429,extreme greed,6229.98
2025-07-08,74.62857142857142,greed,6225.52
2025-07-09,75.91428571428571,extreme greed,6263.26
2025-07-10,76.97142857142856,extreme greed,6280.46
2025-07-11,75.25714285714285,extreme greed,6259.75
2025-07-14,76.11428571428573,extreme greed,6268.56
2025-07-15,73.4857142857143,greed,6243.76
2025-07-16,72.94285714285715,greed,6263.7
2025-07-17,74.17142857142858,greed,6297.36
2025-07-18,73.94285714285715,greed,6296.79
2025-07-21,73.28571428571429,greed,6305.6
2025-07-22,73.88571428571429,greed,6309.62
2025-07-23,76.3714285714286,extreme greed,6358.91
2025-07-24,75.25714285714287,extreme greed,6363.35
2025-07-25,74.65714285714286,greed,6388.64
2025-07-28,73.8,greed,6389.77
2025-07-29,70.62857142857143,greed,6370.86
2025-07-30,68.02857142857142,greed,6362.9
2025-07-31,63.714285714285715,greed,6339.39
2025-08-01,49.800000000000004,neutral,6238.01
2025-08-04,56.885714285714286,greed,6329.94
2025-08-05,55.028571428571425,greed,6299.19
2025-08-06,55.314285714285724,greed,6345.06
2025-08-07,54.71428571428572,neutral,6340.0
2025-08-08,58.37142857142857,greed,6389.45
2025-08-11,57.628571428571426,greed,6373.45
2025-08-12,62.25714285714286,greed,6445.76
2025-08-13,63.34285714285714,greed,6466.58
2025-08-14,63.25714285714287,greed,6468.54
2025-08-15,63.54285714285715,greed,6449.8
2025-08-18,64.2,greed,6449.15
2025-08-19,59.88571428571429,greed,6411.37
2025-08-20,55.91428571428572,greed,6395.78
2025-08-21,52.60000000000001,neutral,6370.17
2025-08-22,55.54285714285715,greed,6466.91
2025-08-25,53.942857142857136,neutral,6439.32
2025-08-26,55.4,greed,6465.94
2025-08-27,59.11428571428572,greed,6481.4
2025-08-28,64.42857142857143,greed,6501.86
2025-08-29,61.542857142857144,greed,6460.26
2025-09-02,62.45714285714286,greed,6415.54
2025-09-03,61.371428571428574,greed,6448.26
2025-09-04,61.17142857142858,greed,6502.08
2025-09-05,58.68571428571429,greed,6481.5
2025-09-08,58.228571428571435,greed,6495.15
2025-09-09,57.942857142857136,greed,6512.61
2025-09-10,57.94285714285714,greed,6532.04
2025-09-11,60.34285714285715,greed,6587.47
2025-09-12,61.34285714285714,greed,6584.29
2025-09-15,64.45714285714287,greed,6615.28
2025-09-16,64.37142857142858,greed,6606.76
2025-09-17,63.77142857142858,greed,6600.35
2025-09-18,66.54285714285714,greed,6631.96
2025-09-19,66.22857142857144,greed,6664.36
2025-09-22,66.51428571428572,greed,6693.75
2025-09-23,56.771428571428565,greed,6656.92
2025-09-24,54.57142857142857,neutral,6637.97
2025-09-25,50.65714285714286,neutral,6604.72
2025-09-26,51.28571428571428,neutral,6643.7
2025-09-29,50.97142857142857,neutral,6661.21
2025-09-30,51.40000000000001,neutral,6688.46
2025-10-01,52.48571428571428,neutral,6711.2
2025-10-02,54.54285714285715,neutral,6715.35
2025-10-03,52.57142857142857,neutral,6715.79
2025-10-06,53.971428571428575,neutral,6740.28
2025-10-07,51.857142857142854,neutral,6714.59
2025-10-08,52.942857142857136,neutral,6753.72
2025-10-09,48.62857142857143,neutral,6735.11
2025-10-10,30.14285714285714,fear,6552.51
2025-10-13,29.74285714285714,fear,6654.72
2025-10-14,28.285714285714285,fear,6644.31
2025-10-15,27.41428571428571,fear,6671.06
2025-10-16,23.114285714285717,extreme fear,6629.07
2025-10-17,22.32857142857143,extreme fear,6664.01
2025-10-20,29.85714285714286,fear,6735.13
2025-10-21,28.542857142857148,fear,6735.35
2025-10-22,26.37142857142857,fear,6699.4
2025-10-23,27.571428571428573,fear,6738.44
2025-10-24,32.45714285714286,fear,6791.69
2025-10-27,37.34285714285715,fear,6875.16
2025-10-28,39.34285714285714,fear,6890.89
2025-10-29,42.114285714285714,fear,6890.59
2025-10-30,37.05714285714286,fear,6822.34
2025-10-31,34.45714285714286,fear,6840.2
2025-11-03,32.6,fear,6851.97
2025-11-04,20.94285714285714,extreme fear,6771.55
2025-11-05,23.057142857142857,extreme fear,6796.29
2025-11-06,24.342857142857145,extreme fear,6720.32
2025-11-07,20.428571428571427,extreme fear,6728.8
2025-11-10,29.942857142857143,fear,6832.43
2025-11-11,30.457142857142856,fear,6846.61
2025-11-12,34.57142857142858,fear,6850.92
2025-11-13,24.542857142857144,extreme fear,6737.49
2025-11-14,22.057142857142853,extreme fear,6734.11
2025-11-17,11.642857142857142,extreme fear,6672.41
2025-11-18,8.9,extreme fear,6617.32
2025-11-19,7.857142857142857,extreme fear,6642.16
2025-11-20,5.171428571428572,extreme fear,6538.76
2025-11-21,5.6571428571428575,extreme fear,6602.99
2025-11-24,13.685714285714285,extreme fear,6705.12
2025-11-25,15.028571428571428,extreme fear,6765.88
2025-11-26,17.657142857142862,extreme fear,6812.61
2025-11-28,21.771428571428572,extreme fear,6849.09
2025-12-01,22.085714285714285,extreme fear,6812.63
2025-12-02,23.257142857142856,extreme fear,6829.37
2025-12-03,24.771428571428572,extreme fear,6849.72
2025-12-04,36.02857142857143,fear,6857.12
2025-12-05,38.142857142857146,fear,6870.4
2025-12-08,40.77142857142858,fear,6846.51
2025-12-09,40.94285714285714,fear,6840.51
2025-12-10,36.371428571428574,fear,6886.68
2025-12-11,43.74285714285714,fear,6901.0
2025-12-12,39.285714285714285,fear,6827.41
2025-12-15,49.314285714285724,neutral,6816.51
2025-12-16,46.4,neutral,6800.26
2025-12-17,37.68571428571429,fear,6721.43
2025-12-18,42.371428571428574,fear,6774.76
2025-12-19,44.199999999999996,fear,6834.5
2025-12-22,54.88571428571429,neutral,6878.49
2025-12-23,58.57142857142857,greed,6909.79
2025-12-24,58.0,greed,6932.05
2025-12-26,54.857142857142854,neutral,6929.94
2025-12-29,47.885714285714286,neutral,6905.74
2025-12-30,46.114285714285714,neutral,6896.24
2025-12-31,43.25714285714286,fear,6845.5
2026-01-02,45.22857142857142,neutral,6858.47
2026-01-05,47.60000000000001,neutral,6902.05
2026-01-06,52.857142857142854,neutral,6944.82
2026-01-07,48.57142857142857,neutral,6920.93
2026-01-08,48.371428571428574,neutral,6921.46
2026-01-09,54.114285714285714,neutral,6966.28
2026-01-12,58.0,greed,6977.27
2026-01-13,59.085714285714296,greed,6963.74
2026-01-14,58.62857142857143,greed,6926.6
2026-01-15,63.65714285714286,greed,6944.47
2026-01-16,63.77142857142858,greed,6940.01
2026-01-20,50.85714285714287,neutral,6796.86
2026-01-21,53.857142857142854,neutral,6875.62
2026-01-22,54.771428571428565,neutral,6913.35
2026-01-23,54.885714285714286,neutral,6915.61
2026-01-26,57.65714285714286,greed,6950.23
2026-01-27,64.97142857142858,greed,6978.6
2026-01-28,65.54285714285713,greed,6978.03
2026-01-29,63.82857142857143,greed,6969.01
2026-01-30,58.60000000000001,greed,6939.03
2026-02-02,63.40000000000001,greed,6976.44
2026-02-03,43.34285714285714,fear,6917.81
2026-02-04,47.228571428571435,neutral,6882.72
2026-02-05,34.94285714285714,fear,6798.4
2026-02-06,45.371428571428574,neutral,6932.3
2026-02-09,48.4857142857143,neutral,6964.82
2026-02-10,47.228571428571435,neutral,6941.81
2026-02-11,49.91428571428571,neutral,6941.47
2026-02-12,36.357142857142854,fear,6832.76
2026-02-13,33.84285714285714,fear,6836.17
2026-02-17,33.31428571428572,fear,6843.22
2026-02-18,34.157142857142865,fear,6881.31
2026-02-19,34.400000000000006,fear,6861.89
2026-02-20,42.34285714285715,fear,6909.51
2026-02-23,32.542857142857144,fear,6837.75
2026-02-24,40.25714285714286,fear,6890.07
2026-02-25,43.142857142857146,fear,6946.13
2026-02-26,42.91428571428571,fear,6908.86
2026-02-27,41.17142857142857,fear,6878.88
2026-03-02,34.285714285714285,fear,6881.62
2026-03-03,31.628571428571426,fear,6816.63
2026-03-04,33.07142857142857,fear,6869.5
2026-03-05,31.62857142857143,fear,6830.71
2026-03-06,25.25714285714286,fear,6740.02
2026-03-09,22.228571428571428,extreme fear,6795.99
2026-03-10,20.271428571428572,extreme fear,6781.48
2026-03-11,18.314285714285713,extreme fear,6775.8
2026-03-13,16.671428571428574,extreme fear,6632.19
2026-03-16,23.914285714285718,extreme fear,6699.38
2026-03-17,22.88571428571429,extreme fear,6716.09
2026-03-18,13.614285714285714,extreme fear,6624.7
2026-03-19,18.314285714285713,extreme fear,6606.49
2026-03-20,8.4,extreme fear,6506.48
2026-03-23,11.62857142857143,extreme fear,6581.0
2026-03-24,10.35714285714286,extreme fear,6556.37
2026-03-25,16.542857142857144,extreme fear,6591.9
2026-03-26,10.257142857142858,extreme fear,6477.16
2026-03-27,8.171428571428573,extreme fear,6368.85
2026-03-30,5.771428571428572,extreme fear,6343.72
2026-03-31,14.885714285714284,extreme fear,6528.52
2026-04-01,15.857142857142858,extreme fear,6575.32
2026-04-02,18.285714285714285,extreme fear,6582.69
2026-04-06,21.85714285714286,extreme fear,6611.83
2026-04-07,21.571428571428573,extreme fear,6616.85
2026-04-08,29.171428571428574,fear,6782.81
2026-04-09,33.800000000000004,fear,6824.66
2026-04-10,38.05714285714286,fear,6816.89
2026-04-13,40.971428571428575,fear,6886.24
2026-04-14,47.25714285714286,neutral,6967.38
2026-04-15,56.2,greed,7022.95
2026-04-16,61.48571428571429,greed,7041.28
2026-04-17,68.57142857142858,greed,7126.06
2026-04-20,69.97142857142858,greed,7109.14
2026-04-21,67.57142857142858,greed,7064.01
2026-04-22,68.45714285714286,greed,7137.9
2026-04-23,66.17142857142856,greed,7108.4
2026-04-24,65.4,greed,7165.08
2026-04-27,66.28571428571429,greed,7173.91
2026-04-28,67.42857142857142,greed,7138.8
2026-04-29,66.22857142857143,greed,7135.95
2026-04-30,69.51428571428572,greed,7209.01
2026-05-01,71.17142857142856,greed,7230.12
2026-05-04,66.88571428571429,greed,7200.75
2026-05-05,67.25714285714287,greed,7259.22
2026-05-06,68.74285714285715,greed,7365.12
2026-05-07,66.4,greed,7337.11
2026-05-08,66.6857142857143,greed,7398.93
2026-05-11,65.4,greed,7412.84
2026-05-12,65.1142857142857,greed,7400.96
2026-05-13,64.0285714285714,greed,7444.25
2026-05-14,64.9714285714286,greed,7501.24
2026-05-15,62.9714285714286,greed,7408.5
2026-05-18,61.5428571428572,greed,7403.05
2026-05-19,59.3714285714286,greed,7353.61
2026-05-20,60.2285714285714,greed,7432.97
2026-05-21,57.9428571428571,greed,7445.72
2026-05-22,58.9714285714286,greed,7473.47
2026-05-26,60.9142857142857,greed,7519.12
2026-05-27,60.5428571428572,greed,7520.36
2026-05-28,60.0285714285714,greed,7563.63
2026-05-29,59.5142857142857,greed,7580.06
2026-06-01,56.5428571428571,greed,7599.96
2026-06-02,56.0571428571429,greed,7609.78
2026-06-03,53.0285714285714,neutral,7553.68
2026-06-04,53.8571428571429,neutral,7584.31
2026-06-05,41.8285714285714,fear,7383.74
2026-06-08,39.8571428571429,fear,7405.73
2026-06-09,32.4285714285714,fear,7386.65
2026-06-10,26.8857142857143,fear,7266.99
2026-06-11,31.5714285714286,fear,7394.3
2026-06-12,34.0,fear,7431.46
