signal_code,market_date,direction,triggered,resolved,entry_timestamp,entry_price,exit_timestamp,exit_price,exit_reason,return_pct,source_revision,source_hash,feature__SCShareRank60,feature__PX_WholeDayRet,feature__PX_RTHRet
COHR_CONTROLLED_SC_INTRADAY_EXHAUSTION,2026-06-18,SHORT,True,True,2026-06-22T07:30:00-04:00,393.09,2026-06-26T16:00:00-04:00,379.89,D5_CLOSE,3.3580096161184403,713e078232bba33ad107a6d71c55a2c839065870c4bb3fb3edbf7a1e44d91ae6,664ba4d9c7ca5115aff398b108fd3ecd03b273872d9275298e922a7ce6b7dcd1,0.017241379310344827,0.5025510204081707,-1.1040609137055846
COHR_CONTROLLED_SC_INTRADAY_EXHAUSTION,2026-06-22,SHORT,True,True,2026-06-23T07:30:00-04:00,395.85,2026-06-29T16:00:00-04:00,391.15,D5_CLOSE,1.1873184286977478,dafd1a86a2ae4554e6717a73154c87580cad24eba603d742fa7866c761de6047,664ba4d9c7ca5115aff398b108fd3ecd03b273872d9275298e922a7ce6b7dcd1,0.47368421052631576,8.859687395734417,7.670109356014576
COHR_CONTROLLED_SC_INTRADAY_EXHAUSTION,2026-06-24,SHORT,True,True,2026-06-25T07:30:00-04:00,405.95,2026-07-01T16:00:00-04:00,368.55,D5_CLOSE,9.212957260746391,146f3e67e0befabc66bdcedf820a24c0bd5cfa43c528e7f4d84b23e2b4b1e3af,664ba4d9c7ca5115aff398b108fd3ecd03b273872d9275298e922a7ce6b7dcd1,0.40350877192982454,5.251082697463394,1.7701179214720808
COHR_CONTROLLED_SC_INTRADAY_EXHAUSTION,2026-06-25,SHORT,True,True,2026-06-26T07:30:00-04:00,391.9,2026-07-02T16:00:00-04:00,333.31,D5_CLOSE,14.950242408777747,43711245fed70fe0d460aa451bd8355881761733fd48a53b48abe917d6908271,664ba4d9c7ca5115aff398b108fd3ecd03b273872d9275298e922a7ce6b7dcd1,0.5614035087719298,-1.461011244176691,-1.905197745556153
COHR_CONTROLLED_SC_INTRADAY_EXHAUSTION,2026-06-29,SHORT,True,True,2026-06-30T07:30:00-04:00,392.25,2026-07-07T16:00:00-04:00,313.99,D5_CLOSE,19.951561504142767,66d5a8198d8b6e7ee1b2021d68d0b34b7a2197a67553373f7152ec3de0fddc56,664ba4d9c7ca5115aff398b108fd3ecd03b273872d9275298e922a7ce6b7dcd1,0.2982456140350877,1.5698054068172818,3.1813025930517824
COHR_CONTROLLED_SC_INTRADAY_EXHAUSTION,2026-06-30,SHORT,True,True,2026-07-01T07:30:00-04:00,387.35,2026-07-08T16:00:00-04:00,317.06,D5_CLOSE,18.14637924357816,7b56c372947e2307c8737a3890a467c33682c2362ad58d02f95986792d71fd08,664ba4d9c7ca5115aff398b108fd3ecd03b273872d9275298e922a7ce6b7dcd1,0.3684210526315789,0.37755102040817334,1.3568032892200987
COHR_CONTROLLED_SC_INTRADAY_EXHAUSTION,2026-07-06,SHORT,True,True,2026-07-07T07:30:00-04:00,324.4,2026-07-13T16:00:00-04:00,307.3,D5_CLOSE,5.2712700369913605,e742d749715f55baa1dba94c22b64001fccfdbbb89eb8801be7b54e3ae8f8c58,664ba4d9c7ca5115aff398b108fd3ecd03b273872d9275298e922a7ce6b7dcd1,0.2857142857142857,-2.3500691196799983,0.7113058615204615
COHR_CONTROLLED_SC_INTRADAY_EXHAUSTION,2026-07-08,SHORT,True,True,2026-07-09T07:30:00-04:00,329.75,2026-07-15T16:00:00-04:00,299.38,D5_CLOSE,9.210007581501134,359f5d420cd83ab2b1a2457de74fdc54debebee8033bc529acd148fc07d076d4,664ba4d9c7ca5115aff398b108fd3ecd03b273872d9275298e922a7ce6b7dcd1,0.5535714285714286,2.128478010001289,1.2486029059556314
COHR_CONTROLLED_SC_INTRADAY_EXHAUSTION,2026-07-09,SHORT,True,True,2026-07-10T07:30:00-04:00,323.85,2026-07-16T16:00:00-04:00,276.85,D5_CLOSE,14.512891770881575,82c5fbfdcc6bb2a3635f8714d5ab6c6d47158f630984ca9ef74abda9b94e3941,664ba4d9c7ca5115aff398b108fd3ecd03b273872d9275298e922a7ce6b7dcd1,0.25,0.5347756997922115,-2.3572238467506
COHR_CONTROLLED_SC_INTRADAY_EXHAUSTION,2026-07-10,SHORT,True,True,2026-07-13T07:30:00-04:00,314.54,2026-07-17T16:00:00-04:00,277.61,D5_CLOSE,11.74095504546322,2420821e7b61e8d925b3dd3a2d4f5269fea24551ed30a31dc89b2bc7116ce9bd,664ba4d9c7ca5115aff398b108fd3ecd03b273872d9275298e922a7ce6b7dcd1,0.017857142857142856,0.22539907987773056,0.9551960174237761
COHR_CONTROLLED_SC_INTRADAY_EXHAUSTION,2026-07-13,SHORT,True,True,2026-07-14T07:30:00-04:00,320.11,2026-07-20T16:00:00-04:00,285.36,D5_CLOSE,10.855643372590674,6018330b02b5bea85d76ec3744039512e9a242cc83c366df48a151636b292790,664ba4d9c7ca5115aff398b108fd3ecd03b273872d9275298e922a7ce6b7dcd1,0.08928571428571429,-2.5216529770845986,-2.1337579617834335
COHR_CONTROLLED_SC_INTRADAY_EXHAUSTION,2026-07-17,SHORT,True,True,2026-07-20T07:30:00-04:00,286.2,2026-07-24T16:00:00-04:00,282.57,D5_CLOSE,1.2683438155136284,22ab89f02d2699f82e500c329cc44cb7cce0383c5044a463465fc5ba0145015f,664ba4d9c7ca5115aff398b108fd3ecd03b273872d9275298e922a7ce6b7dcd1,0.3392857142857143,4.058374393500586,4.821779187433939
COHR_CONTROLLED_SC_INTRADAY_EXHAUSTION,2026-07-20,SHORT,True,True,2026-07-21T07:30:00-04:00,305.09,2026-07-27T16:00:00-04:00,271.31,D5_CLOSE,11.072142646432193,bb4f9842ee3d25d81ac473f32e6486e87939c1adbcff2824a9dba3c84011e5ef,664ba4d9c7ca5115aff398b108fd3ecd03b273872d9275298e922a7ce6b7dcd1,0.017857142857142856,1.451841359773387,-1.1397886714013428
COHR_CONTROLLED_SC_INTRADAY_EXHAUSTION,2026-07-21,SHORT,True,True,2026-07-22T07:30:00-04:00,307.91,2026-07-28T16:00:00-04:00,243.33,D5_CLOSE,20.973661134747168,50a37f5f9e783e15a1d0de503e46b3400a605aea6ee515da6d6e1ffe1ba138ab,664ba4d9c7ca5115aff398b108fd3ecd03b273872d9275298e922a7ce6b7dcd1,0.5892857142857143,7.839838492597573,3.2350452385601747
COHR_CONTROLLED_SC_INTRADAY_EXHAUSTION,2026-07-23,SHORT,True,True,2026-07-24T07:30:00-04:00,310.91,2026-07-30T16:00:00-04:00,249.06,D5_CLOSE,19.893216686500924,36cb6a9f1777cf229edd4f01d35ed09018cf94a93ee8da899c8e77514727ad6a,664ba4d9c7ca5115aff398b108fd3ecd03b273872d9275298e922a7ce6b7dcd1,0.44642857142857145,-0.8945787893156476,1.470492971432269
COHR_CONTROLLED_SC_INTRADAY_EXHAUSTION,2026-08-03,SHORT,True,True,2026-08-04T07:30:00-04:00,343.06,2026-08-10T16:00:00-04:00,325.18,D5_CLOSE,5.211916282865969,63717f00f0cafba11409ca0ad5042696ef9528c6991c5ac6406c29d3ec55c83b,664ba4d9c7ca5115aff398b108fd3ecd03b273872d9275298e922a7ce6b7dcd1,0.26785714285714285,8.705621301775146,13.128776583222157
COHR_CONTROLLED_SC_INTRADAY_EXHAUSTION,2026-08-06,SHORT,True,True,2026-08-07T07:30:00-04:00,356.14,2026-08-13T16:00:00-04:00,327.31,D5_CLOSE,8.095131128208,5ecaec0cc2defa9c17acf2b6b97afdb456360d617c24b2a6d122ab343e0e1846,664ba4d9c7ca5115aff398b108fd3ecd03b273872d9275298e922a7ce6b7dcd1,0.21428571428571427,5.947692307692298,6.363404851340171
COHR_CONTROLLED_SC_INTRADAY_EXHAUSTION,2026-08-11,SHORT,True,True,2026-08-12T07:30:00-04:00,347.29,2026-08-18T16:00:00-04:00,306.12,D5_CLOSE,11.854645973106049,f90b0d8a96a01853d2a88d4cd4a61101093b555b93ef1372798600a4330290e3,664ba4d9c7ca5115aff398b108fd3ecd03b273872d9275298e922a7ce6b7dcd1,0.26785714285714285,3.667136812411864,1.4728586426233425
COHR_CONTROLLED_SC_INTRADAY_EXHAUSTION,2026-08-12,SHORT,True,True,2026-08-13T07:30:00-04:00,337.8,2026-08-19T16:00:00-04:00,287.36,D5_CLOSE,14.931912374185908,bd3bb50cc0b2071a4b59d1056eac09089736a7072175cb435393190e07bd8686,664ba4d9c7ca5115aff398b108fd3ecd03b273872d9275298e922a7ce6b7dcd1,0.23214285714285715,0.4325108853410864,-0.6031160998492102
COHR_CONTROLLED_SC_INTRADAY_EXHAUSTION,2026-08-14,SHORT,True,True,2026-08-17T07:30:00-04:00,333.73,2026-08-21T16:00:00-04:00,289.37,D5_CLOSE,13.292182303059363,17bf29c93ea2f309a606ff196d30ba3c30b5df41eebdbe690f72e3d9b954072f,664ba4d9c7ca5115aff398b108fd3ecd03b273872d9275298e922a7ce6b7dcd1,0.17857142857142858,-0.2591463414634232,-0.8278044920567162
COHR_CONTROLLED_SC_INTRADAY_EXHAUSTION,2026-08-17,SHORT,True,True,2026-08-18T07:30:00-04:00,332.0,2026-08-24T16:00:00-04:00,275.51,D5_CLOSE,17.01506024096385,263d151ebfc16aa4b9b9c52ec3d1d0e78267e32dcc8196aced3f3704b25e676c,664ba4d9c7ca5115aff398b108fd3ecd03b273872d9275298e922a7ce6b7dcd1,0.5535714285714286,5.047035986262505,5.238066682657716
COHR_CONTROLLED_SC_INTRADAY_EXHAUSTION,2026-08-20,SHORT,True,False,2026-08-21T07:30:00-04:00,297.55,,,UNRESOLVED_REQUIRED_BAR_NOT_YET_AVAILABLE,,4086ba8d252bcd1e9d3139984f27b4450ed2ec6e0b0b951392dbdb74215e3fc2,664ba4d9c7ca5115aff398b108fd3ecd03b273872d9275298e922a7ce6b7dcd1,0.19642857142857142,-1.3887941035965357,-0.5316412279197436
COHR_CONTROLLED_SC_INTRADAY_EXHAUSTION,2026-08-24,SHORT,True,False,2026-08-25T07:30:00-04:00,284.6,,,UNRESOLVED_REQUIRED_BAR_NOT_YET_AVAILABLE,,7b14cec5390ef7e25c4d7900c8ee73c32465b0a75f84c9e824dcc588c09ed1c6,664ba4d9c7ca5115aff398b108fd3ecd03b273872d9275298e922a7ce6b7dcd1,0.23214285714285715,-1.6245487364620947,0.07628042135852109
COHR_CONTROLLED_SC_INTRADAY_EXHAUSTION,2026-08-25,SHORT,True,False,2026-08-26T07:30:00-04:00,287.5,,,UNRESOLVED_REQUIRED_BAR_NOT_YET_AVAILABLE,,40e99ff78c3fd54a1b41faa1e8278281920ee174e83fc0d2205b5a15ab0ffecd,664ba4d9c7ca5115aff398b108fd3ecd03b273872d9275298e922a7ce6b7dcd1,0.125,2.5142857142857133,0.39004004875500264
