signal_code,market_date,direction,triggered,resolved,entry_timestamp,entry_price,exit_timestamp,exit_price,exit_reason,return_pct,source_revision,source_hash,feature__BPOptionShare,feature__BB_Bandwidth
INTC_PUT_PARTICIPATION_VOL_BREAKDOWN,2026-05-07,SHORT,True,True,2026-05-08T07:30:00-04:00,110.85,2026-05-14T16:00:00-04:00,115.92,D5_CLOSE,-4.5737483085250386,ce3c37be37c1d17992ae33caa93ee8b2bc4f9c0550e56a4e11213bff4495188c,297b84f50c53a61dcafbd08104afbbb469a3f1a0ab5b0d9da8df83e40818480a,0.3257506824385805,0.8074908327747087
INTC_PUT_PARTICIPATION_VOL_BREAKDOWN,2026-05-11,SHORT,True,True,2026-05-12T07:30:00-04:00,123.98,2026-05-18T16:00:00-04:00,108.15,D5_CLOSE,12.768188417486693,42ef43cf6d7a8a290cd7a75e8a158831acb92286a1ff3377d2f181352270d282,297b84f50c53a61dcafbd08104afbbb469a3f1a0ab5b0d9da8df83e40818480a,0.3893666927286943,0.9682698447401258
INTC_PUT_PARTICIPATION_VOL_BREAKDOWN,2026-05-20,SHORT,True,True,2026-05-21T07:30:00-04:00,115.55,2026-05-28T16:00:00-04:00,120.82,D5_CLOSE,-4.5607961921246165,64225d47376b7e3b673bde90122b688cc4ec26da793508e7e39963a787fde675,297b84f50c53a61dcafbd08104afbbb469a3f1a0ab5b0d9da8df83e40818480a,0.33896515311510034,0.865977412752831
INTC_PUT_PARTICIPATION_VOL_BREAKDOWN,2026-05-22,SHORT,True,True,2026-05-26T07:30:00-04:00,121.56,2026-06-01T16:00:00-04:00,109.3,D5_CLOSE,10.085554458703527,babc32e2c0d2d30ab4f6180a221d2ac97f2dd2feb5a1b62a817947ebef5c1f8d,297b84f50c53a61dcafbd08104afbbb469a3f1a0ab5b0d9da8df83e40818480a,0.35844994617868675,0.7328776242101305
INTC_PUT_PARTICIPATION_VOL_BREAKDOWN,2026-05-26,SHORT,True,True,2026-05-27T07:30:00-04:00,123.37,2026-06-02T16:00:00-04:00,107.87,D5_CLOSE,12.563832374159034,21728f842b0ddb3a2d3ca84f5af9361321edb79a22c735bd9e5211f2dbfff004,297b84f50c53a61dcafbd08104afbbb469a3f1a0ab5b0d9da8df83e40818480a,0.3558282208588957,0.6437151926067428
INTC_PUT_PARTICIPATION_VOL_BREAKDOWN,2026-05-27,SHORT,True,True,2026-05-28T07:30:00-04:00,118.48,2026-06-03T16:00:00-04:00,112.7,D5_CLOSE,4.8784604996623955,f97256c655a527d02e703181cc29940ef98c3a6c2c5d9e3f2c778a788129d408,297b84f50c53a61dcafbd08104afbbb469a3f1a0ab5b0d9da8df83e40818480a,0.3508021390374332,0.5335150053628649
INTC_PUT_PARTICIPATION_VOL_BREAKDOWN,2026-05-29,SHORT,True,True,2026-06-01T07:30:00-04:00,107.15,2026-06-05T16:00:00-04:00,98.96,D5_CLOSE,7.6434904339710785,815880de6cb6fceb744896e88a628005761382efcfb1d5107657b85ca12d65c4,297b84f50c53a61dcafbd08104afbbb469a3f1a0ab5b0d9da8df83e40818480a,0.36908517350157727,0.4736615539134057
INTC_PUT_PARTICIPATION_VOL_BREAKDOWN,2026-06-01,SHORT,True,True,2026-06-02T07:30:00-04:00,107.48,2026-06-08T16:00:00-04:00,110.19,D5_CLOSE,-2.521399330107932,4ade4128962d23f83aa36a6c2b88cbe8ea35921e1b4d4099aa888513f4b2ca55,297b84f50c53a61dcafbd08104afbbb469a3f1a0ab5b0d9da8df83e40818480a,0.3382663847780127,0.4133509327468294
INTC_PUT_PARTICIPATION_VOL_BREAKDOWN,2026-06-15,SHORT,True,True,2026-06-16T07:30:00-04:00,127.09,2026-06-23T16:00:00-04:00,132.28,D5_CLOSE,-4.083720198284668,37d7131e0d8afec4b031b42ff197215651d3e8df5ca119018679fc5697a28920,297b84f50c53a61dcafbd08104afbbb469a3f1a0ab5b0d9da8df83e40818480a,0.38025415444770283,0.2543735394860213
INTC_PUT_PARTICIPATION_VOL_BREAKDOWN,2026-06-18,SHORT,True,True,2026-06-22T07:30:00-04:00,138.0,2026-06-26T16:00:00-04:00,127.75,D5_CLOSE,7.427536231884058,24061b687101ceef411189c30ce0ac63ecfcb5f4b78e5239b4550fcb01f3cc9f,297b84f50c53a61dcafbd08104afbbb469a3f1a0ab5b0d9da8df83e40818480a,0.4021857923497268,0.2830642518453682
INTC_PUT_PARTICIPATION_VOL_BREAKDOWN,2026-06-22,SHORT,True,True,2026-06-23T07:30:00-04:00,131.02,2026-06-29T16:00:00-04:00,131.69,D5_CLOSE,-0.5113723095710565,161852832344afe7cf3db9ecc8e1045dbfea14a27ee8e3a0a353285e24e81b0b,297b84f50c53a61dcafbd08104afbbb469a3f1a0ab5b0d9da8df83e40818480a,0.4147058823529412,0.3376259538101338
INTC_PUT_PARTICIPATION_VOL_BREAKDOWN,2026-06-23,SHORT,True,True,2026-06-24T07:30:00-04:00,133.85,2026-06-30T16:00:00-04:00,139.51,D5_CLOSE,-4.228614120283902,209d59057d3c3ee21c80e933cecbb524d6d9b05e2458db9acbe900af92441266,297b84f50c53a61dcafbd08104afbbb469a3f1a0ab5b0d9da8df83e40818480a,0.39096267190569745,0.3542446917197839
INTC_PUT_PARTICIPATION_VOL_BREAKDOWN,2026-06-24,SHORT,True,True,2026-06-25T07:30:00-04:00,137.6,2026-07-01T16:00:00-04:00,127.02,D5_CLOSE,7.688953488372096,38c70e516a25e63db368758a364a743795c454c21596b99eb26cb305199ea5ca,297b84f50c53a61dcafbd08104afbbb469a3f1a0ab5b0d9da8df83e40818480a,0.37794432548179874,0.367046182503179
INTC_PUT_PARTICIPATION_VOL_BREAKDOWN,2026-06-25,SHORT,True,True,2026-06-26T07:30:00-04:00,128.35,2026-07-02T16:00:00-04:00,120.36,D5_CLOSE,6.2251655629139035,4ed27c51a6c0ccbd0701ac2b9c684db212069f3220a14b9d2b52bf4d26f9053e,297b84f50c53a61dcafbd08104afbbb469a3f1a0ab5b0d9da8df83e40818480a,0.35192697768762676,0.3795154753493189
INTC_PUT_PARTICIPATION_VOL_BREAKDOWN,2026-06-26,SHORT,True,True,2026-06-29T07:30:00-04:00,129.71,2026-07-06T16:00:00-04:00,122.21,D5_CLOSE,5.782129365507682,26a19ce4ecec6e4f582c4f533bd52e55dfa405065ff55521313233c57ede41f2,297b84f50c53a61dcafbd08104afbbb469a3f1a0ab5b0d9da8df83e40818480a,0.37109826589595374,0.3843437029504145
INTC_PUT_PARTICIPATION_VOL_BREAKDOWN,2026-06-29,SHORT,True,True,2026-06-30T07:30:00-04:00,131.94,2026-07-07T16:00:00-04:00,110.51,D5_CLOSE,16.24223131726542,618135c871c5e598d7b817ec9b0a9e109287cf772f18ddb11bff7349c89f7e50,297b84f50c53a61dcafbd08104afbbb469a3f1a0ab5b0d9da8df83e40818480a,0.3607103218645949,0.3902394127731692
INTC_PUT_PARTICIPATION_VOL_BREAKDOWN,2026-06-30,SHORT,True,True,2026-07-01T07:30:00-04:00,137.95,2026-07-08T16:00:00-04:00,110.27,D5_CLOSE,20.06524102935846,b84fca3f06b7bd655dc23d0c353fd98e207f58005d3d88ece6a726b122ed21ab,297b84f50c53a61dcafbd08104afbbb469a3f1a0ab5b0d9da8df83e40818480a,0.36934156378600824,0.4004869682346345
INTC_PUT_PARTICIPATION_VOL_BREAKDOWN,2026-07-01,SHORT,True,True,2026-07-02T07:30:00-04:00,125.36,2026-07-09T16:00:00-04:00,112.54,D5_CLOSE,10.226547543075936,36b4c2fd6a3e3e5729e5a41a9432ed185000267761bc25da7c34edeff8fe50f5,297b84f50c53a61dcafbd08104afbbb469a3f1a0ab5b0d9da8df83e40818480a,0.31822971548998946,0.3842943798621342
INTC_PUT_PARTICIPATION_VOL_BREAKDOWN,2026-07-02,SHORT,True,True,2026-07-06T07:30:00-04:00,123.94,2026-07-10T16:00:00-04:00,109.83,D5_CLOSE,11.384540906890429,08871694469f30c4e5704c2c90ee958ecf2a713b2c9104071f1d9454e185f335,297b84f50c53a61dcafbd08104afbbb469a3f1a0ab5b0d9da8df83e40818480a,0.3394919168591224,0.3759414526564844
INTC_PUT_PARTICIPATION_VOL_BREAKDOWN,2026-07-06,SHORT,True,True,2026-07-07T07:30:00-04:00,117.43,2026-07-13T16:00:00-04:00,103.05,D5_CLOSE,12.24559311930512,4a34c12434436917f9f4be6b5db4268ff65a078def77f64933e4a2a1e0782cd9,297b84f50c53a61dcafbd08104afbbb469a3f1a0ab5b0d9da8df83e40818480a,0.34844868735083534,0.3644208521169246
INTC_PUT_PARTICIPATION_VOL_BREAKDOWN,2026-07-08,SHORT,True,True,2026-07-09T07:30:00-04:00,113.68,2026-07-15T16:00:00-04:00,102.99,D5_CLOSE,9.403589021815629,1329140ca092e429349f5352576ec9b7980969a5cc13595ed67106190e7cfe00,297b84f50c53a61dcafbd08104afbbb469a3f1a0ab5b0d9da8df83e40818480a,0.31951640759930916,0.328940703978146
INTC_PUT_PARTICIPATION_VOL_BREAKDOWN,2026-07-09,SHORT,True,True,2026-07-10T07:30:00-04:00,110.35,2026-07-16T16:00:00-04:00,96.99,D5_CLOSE,12.106932487539645,032e7fd3c3de43690f9e2406552d6476dee22ab98d571c3d3907c7fb0d95b092,297b84f50c53a61dcafbd08104afbbb469a3f1a0ab5b0d9da8df83e40818480a,0.33473861720067455,0.3173641282366988
INTC_PUT_PARTICIPATION_VOL_BREAKDOWN,2026-07-10,SHORT,True,True,2026-07-13T07:30:00-04:00,106.86,2026-07-17T16:00:00-04:00,95.04,D5_CLOSE,11.06120157215047,b59cf217ef36456836e60f68a18ed94291a0be44000af72301b66288944f8066,297b84f50c53a61dcafbd08104afbbb469a3f1a0ab5b0d9da8df83e40818480a,0.3918552036199095,0.3092115546594705
INTC_PUT_PARTICIPATION_VOL_BREAKDOWN,2026-07-13,SHORT,True,True,2026-07-14T07:30:00-04:00,106.43,2026-07-20T16:00:00-04:00,97.09,D5_CLOSE,8.775721131259983,b582d36c25a9c8f47b4f452fde10c35134f537e83adb9ed83da46da3bbfc1fa6,297b84f50c53a61dcafbd08104afbbb469a3f1a0ab5b0d9da8df83e40818480a,0.3485444531864674,0.3438528208419467
INTC_PUT_PARTICIPATION_VOL_BREAKDOWN,2026-07-14,SHORT,True,True,2026-07-15T07:30:00-04:00,110.47,2026-07-21T16:00:00-04:00,105.45,D5_CLOSE,4.5442201502670425,f8423001658782b1c76ee0e02418f4f3635f288dcaf7b6ef8398a3e361ab507a,297b84f50c53a61dcafbd08104afbbb469a3f1a0ab5b0d9da8df83e40818480a,0.3261410788381743,0.3653825488493679
INTC_PUT_PARTICIPATION_VOL_BREAKDOWN,2026-07-15,SHORT,True,True,2026-07-16T07:30:00-04:00,100.29,2026-07-22T16:00:00-04:00,102.57,D5_CLOSE,-2.273407119353865,9f66df7b171a1cb37e0bb90054a0e0a13821d0f5bb4769b629a46012e077320b,297b84f50c53a61dcafbd08104afbbb469a3f1a0ab5b0d9da8df83e40818480a,0.31511254019292606,0.3949673033052102
INTC_PUT_PARTICIPATION_VOL_BREAKDOWN,2026-07-17,SHORT,True,True,2026-07-20T07:30:00-04:00,97.22,2026-07-24T16:00:00-04:00,92.31,D5_CLOSE,5.050401152026329,cc7bbadf2fbf87ab94a37b86b1d33146c431acd4a710e96dc99f01bfeb9e6851,297b84f50c53a61dcafbd08104afbbb469a3f1a0ab5b0d9da8df83e40818480a,0.31618887015177066,0.4827102290666534
INTC_PUT_PARTICIPATION_VOL_BREAKDOWN,2026-07-20,SHORT,True,True,2026-07-21T07:30:00-04:00,101.91,2026-07-27T16:00:00-04:00,91.68,D5_CLOSE,10.038269060936111,886a92fec8548d7221455d9ae79c02ebdf70bea5e44b59d6c667b13786df8539,297b84f50c53a61dcafbd08104afbbb469a3f1a0ab5b0d9da8df83e40818480a,0.36694915254237287,0.5040491985575831
INTC_PUT_PARTICIPATION_VOL_BREAKDOWN,2026-07-21,SHORT,True,True,2026-07-22T07:30:00-04:00,102.15,2026-07-28T16:00:00-04:00,86.34,D5_CLOSE,15.477239353891337,e0d8d50fe2c488c21e7266f6b125e01315e26c2ec55665c554653090464357a6,297b84f50c53a61dcafbd08104afbbb469a3f1a0ab5b0d9da8df83e40818480a,0.3632075471698113,0.4829678928334029
INTC_PUT_PARTICIPATION_VOL_BREAKDOWN,2026-07-22,SHORT,True,True,2026-07-23T07:30:00-04:00,103.5,2026-07-29T16:00:00-04:00,81.92,D5_CLOSE,20.850241545893724,42e8722ab29cb71fd5ec9c72b68b75d8b1b2c412e590a5414c9ea419251a39ae,297b84f50c53a61dcafbd08104afbbb469a3f1a0ab5b0d9da8df83e40818480a,0.36476868327402134,0.4800960472191036
INTC_PUT_PARTICIPATION_VOL_BREAKDOWN,2026-07-23,SHORT,True,True,2026-07-24T07:30:00-04:00,104.17,2026-07-30T16:00:00-04:00,91.23,D5_CLOSE,12.422002495920125,bb7c358c82c675c4a4c495e9b9c8a346ab670edc812230ada89574cba8080d5e,297b84f50c53a61dcafbd08104afbbb469a3f1a0ab5b0d9da8df83e40818480a,0.38632872503840243,0.4767011541663523
INTC_PUT_PARTICIPATION_VOL_BREAKDOWN,2026-07-24,SHORT,True,True,2026-07-27T07:30:00-04:00,93.42,2026-07-31T16:00:00-04:00,90.22,D5_CLOSE,3.425390708627707,fabd297adada9ece869f230954a32fbffb61ac1bc085c624c8b651348086e894,297b84f50c53a61dcafbd08104afbbb469a3f1a0ab5b0d9da8df83e40818480a,0.35788024776324845,0.4808746863276417
INTC_PUT_PARTICIPATION_VOL_BREAKDOWN,2026-07-30,SHORT,True,True,2026-07-31T07:30:00-04:00,96.22,2026-08-06T16:00:00-04:00,99.71,D5_CLOSE,-3.627104552068161,7fc880a82c83fb7f86fa86873a5dcc9cd66049ec878320fd5dbc47af227cf6a1,297b84f50c53a61dcafbd08104afbbb469a3f1a0ab5b0d9da8df83e40818480a,0.31316998468606433,0.4194934813515096
INTC_PUT_PARTICIPATION_VOL_BREAKDOWN,2026-07-31,SHORT,True,True,2026-08-03T07:30:00-04:00,88.23,2026-08-07T16:00:00-04:00,101.64,D5_CLOSE,-15.198911934716076,c82b1f51fb059f3847dae66b9d32f5d64a8e1320783492ab5a1e2292381305dc,297b84f50c53a61dcafbd08104afbbb469a3f1a0ab5b0d9da8df83e40818480a,0.3572635135135135,0.4013303558685095
INTC_PUT_PARTICIPATION_VOL_BREAKDOWN,2026-08-03,SHORT,True,True,2026-08-04T07:30:00-04:00,95.42,2026-08-10T16:00:00-04:00,97.54,D5_CLOSE,-2.221756445189693,839b66d01c877e462358deb299b4338159ef076b2dde7162343741fe6b580f08,297b84f50c53a61dcafbd08104afbbb469a3f1a0ab5b0d9da8df83e40818480a,0.3406392694063927,0.35950199574173
INTC_PUT_PARTICIPATION_VOL_BREAKDOWN,2026-08-04,SHORT,True,True,2026-08-05T07:30:00-04:00,98.14,2026-08-11T16:00:00-04:00,97.71,D5_CLOSE,0.43814958222947453,2b6f8e0775c1e00a34e0830953d85732ee9f1003772cc6121f27c6078f2521f0,297b84f50c53a61dcafbd08104afbbb469a3f1a0ab5b0d9da8df83e40818480a,0.33879374534623974,0.3450074797625315
INTC_PUT_PARTICIPATION_VOL_BREAKDOWN,2026-08-05,SHORT,True,True,2026-08-06T07:30:00-04:00,99.62,2026-08-12T16:00:00-04:00,100.95,D5_CLOSE,-1.3350732784581432,b24848516d826cf0b4c528c326e4b3f0c92f897ce3d9dec0c50d99e7d3b66eb9,297b84f50c53a61dcafbd08104afbbb469a3f1a0ab5b0d9da8df83e40818480a,0.31547104580812446,0.3289474750075151
INTC_PUT_PARTICIPATION_VOL_BREAKDOWN,2026-08-06,SHORT,True,True,2026-08-07T07:30:00-04:00,101.25,2026-08-13T16:00:00-04:00,104.63,D5_CLOSE,-3.33827160493827,d1aea43dd69bc5f764192a8222b8ee5614aa9ddc9180bbdaa2a0047a4a0f6e1a,297b84f50c53a61dcafbd08104afbbb469a3f1a0ab5b0d9da8df83e40818480a,0.3208695652173913,0.3007047856596485
INTC_PUT_PARTICIPATION_VOL_BREAKDOWN,2026-08-07,SHORT,True,True,2026-08-10T07:30:00-04:00,101.03,2026-08-14T16:00:00-04:00,102.54,D5_CLOSE,-1.4946055627041543,4585120fe1f489692d5a42e3930e3fcdde4bf5bd8d6e44627187a334388cdb8f,297b84f50c53a61dcafbd08104afbbb469a3f1a0ab5b0d9da8df83e40818480a,0.34762348555452005,0.2803455746678608
INTC_PUT_PARTICIPATION_VOL_BREAKDOWN,2026-08-10,SHORT,True,True,2026-08-11T07:30:00-04:00,96.3,2026-08-17T16:00:00-04:00,103.48,D5_CLOSE,-7.455867082035317,aa4a1454a0d9fa9465385510a333020cd9834daac5863c3477c3a34e3805ed7f,297b84f50c53a61dcafbd08104afbbb469a3f1a0ab5b0d9da8df83e40818480a,0.3522935779816514,0.2747982994536747
INTC_PUT_PARTICIPATION_VOL_BREAKDOWN,2026-08-11,SHORT,True,True,2026-08-12T07:30:00-04:00,99.0,2026-08-18T16:00:00-04:00,96.68,D5_CLOSE,2.3434343434343363,3e9f71a894995aa6952f61db48eb0c7b19ea357de9bad7c813edd056ef2cffc1,297b84f50c53a61dcafbd08104afbbb469a3f1a0ab5b0d9da8df83e40818480a,0.32046678635547576,0.2544769911331397
INTC_PUT_PARTICIPATION_VOL_BREAKDOWN,2026-08-13,SHORT,True,True,2026-08-14T07:30:00-04:00,106.17,2026-08-20T16:00:00-04:00,92.15,D5_CLOSE,13.205236884242243,e0584a867c95ce51a911440bfaccedf4776faa06654e3ff401f0c42fd894732d,297b84f50c53a61dcafbd08104afbbb469a3f1a0ab5b0d9da8df83e40818480a,0.3191311612364244,0.2615620440035996
INTC_PUT_PARTICIPATION_VOL_BREAKDOWN,2026-08-14,SHORT,True,True,2026-08-17T07:30:00-04:00,104.11,2026-08-21T16:00:00-04:00,90.06,D5_CLOSE,13.49534146575737,52cd5f2f676c82d511a478165f565d0b8eba5ff1da2c04d3c726b97ce1d12d11,297b84f50c53a61dcafbd08104afbbb469a3f1a0ab5b0d9da8df83e40818480a,0.3588709677419355,0.265982286761896
INTC_PUT_PARTICIPATION_VOL_BREAKDOWN,2026-08-17,SHORT,True,True,2026-08-18T07:30:00-04:00,99.33,2026-08-24T16:00:00-04:00,87.26,D5_CLOSE,12.15141447699587,2fdfbdd159e4ba8bbe85878034be26f7c23376c0913f961a8733a2fc277a4bed,297b84f50c53a61dcafbd08104afbbb469a3f1a0ab5b0d9da8df83e40818480a,0.3343195266272189,0.2721299820078511
INTC_PUT_PARTICIPATION_VOL_BREAKDOWN,2026-08-18,SHORT,True,True,2026-08-19T07:30:00-04:00,95.2,2026-08-25T16:00:00-04:00,87.47,D5_CLOSE,8.119747899159668,8efbb514fb2a8eaa467179ad04fec2d1bc958dbc217582ae3899d2a54c8d4377,297b84f50c53a61dcafbd08104afbbb469a3f1a0ab5b0d9da8df83e40818480a,0.3333333333333333,0.2611331423523251
INTC_PUT_PARTICIPATION_VOL_BREAKDOWN,2026-08-19,SHORT,True,True,2026-08-20T07:30:00-04:00,92.35,2026-08-26T16:00:00-04:00,88.25,D5_CLOSE,4.439631835408764,031a15ec9c146e3d3fb38260b9e1887bcbe1f8c6a4dd84e5c31a70761f482e72,297b84f50c53a61dcafbd08104afbbb469a3f1a0ab5b0d9da8df83e40818480a,0.31675874769797424,0.2581834134891801
INTC_PUT_PARTICIPATION_VOL_BREAKDOWN,2026-08-20,SHORT,True,False,2026-08-21T07:30:00-04:00,93.3,,,UNRESOLVED_REQUIRED_BAR_NOT_YET_AVAILABLE,,6dd5dc5a6c8c66c903475fc06b2bf910a03dbc193203b496167e5137b6fe5eb0,297b84f50c53a61dcafbd08104afbbb469a3f1a0ab5b0d9da8df83e40818480a,0.3323943661971831,0.2587985966857207
INTC_PUT_PARTICIPATION_VOL_BREAKDOWN,2026-08-21,SHORT,True,False,2026-08-24T07:30:00-04:00,88.41,,,UNRESOLVED_REQUIRED_BAR_NOT_YET_AVAILABLE,,119cca6a2c0c978012445838966ad52c27893bfb7435632a494d1eedbcbe5197,297b84f50c53a61dcafbd08104afbbb469a3f1a0ab5b0d9da8df83e40818480a,0.33723196881091616,0.2627188485800393
INTC_PUT_PARTICIPATION_VOL_BREAKDOWN,2026-08-24,SHORT,True,False,2026-08-25T07:30:00-04:00,90.14,,,UNRESOLVED_REQUIRED_BAR_NOT_YET_AVAILABLE,,8f053e51b6f04c025998e556b5262256fc7ccb2aea196897882e0001d2ba0fe5,297b84f50c53a61dcafbd08104afbbb469a3f1a0ab5b0d9da8df83e40818480a,0.3160333642261353,0.2726346971860888
INTC_PUT_PARTICIPATION_VOL_BREAKDOWN,2026-08-25,SHORT,True,False,2026-08-26T07:30:00-04:00,87.68,,,UNRESOLVED_REQUIRED_BAR_NOT_YET_AVAILABLE,,2ca90149199b38dc6fa4c75389ccebeba5f038d229c0bf38951af0fccfe81d44,297b84f50c53a61dcafbd08104afbbb469a3f1a0ab5b0d9da8df83e40818480a,0.31106679960119643,0.2690008364822902
