date,Close,CloseChangePct,PCR,PCRChangePct,BC_delta,BP_delta,SC_delta,SP_delta,SC_gex,SCMed60,SCPercentile60,SPShare,SPP75,SPPercentile60,Prior5D,base,classification,base_classification,feature_tier,SPXW_GEX_Trending_Up,SPXW_GEX_Falling,QQQ_GEX_Above_SMA20,SPXW_Price_Above_SMA50,QQQ_MACD_Positive
2025-03-06,5738.52,-2.4331673776345486,0.760268381039849,-33.41375337966562,39198.0,-29801.0,-656.0,3402.0,10552.0,38787.5,3.333333333333333,0.0465663796761432,0.0277652356456093,90.0,-0.0249778608081716,BULLISH,REVERSAL_GREEN_WEAK,REVERSAL_GREEN,WEAK,0,0,0,0,0
2025-03-07,5770.2,0.5520587189728143,0.8428334654464221,10.859991874664798,13877.0,-11696.0,-213.0,560.0,8822.0,38787.5,1.6666666666666667,0.0212555985728383,0.0277652356456093,66.66666666666666,-0.0332456978967495,BEARISH,RELIABLE_YELLOW,,,,,,,
2025-03-10,5614.56,-2.697306852448777,1.4506250562100909,72.11289248484465,22238.0,-32259.0,-466.0,4865.0,5352.0,38787.5,0.0,0.0813164404626596,0.0277652356456093,100.0,-0.0493088457969032,NONE,NO_SIGNAL,,,,,,,
2025-03-11,5572.07,-0.7567823658488071,1.1053090655346862,-23.804634367586253,17197.0,-19008.0,-364.0,5161.0,3802.0,38787.5,0.0,0.1236760124610591,0.0292329890002436,100.0,-0.0492462311557787,BULLISH,REVERSAL_GREEN_HIGH,REVERSAL_GREEN,HIGH,0,1,0,0,0
2025-03-12,5599.3,0.4886873280486536,1.0250880520184231,-7.257790243261663,18455.0,-18918.0,-318.0,1823.0,6856.0,38787.5,3.333333333333333,0.0461355468947714,0.0305993825235063,85.0,-0.0507666428666513,NONE,NO_SIGNAL,,,,,,,
2025-03-13,5521.52,-1.3891022092047178,0.9144273080702354,-10.795242782343816,23407.0,-21404.0,-363.0,2718.0,4600.0,38787.5,1.6666666666666667,0.0567526935605111,0.0315569590457892,93.33333333333331,-0.0419565852114792,BULLISH,REVERSAL_GREEN_WEAK,REVERSAL_GREEN,WEAK,0,0,0,0,0
2025-03-14,5638.94,2.1265883307494797,1.0717749757516974,17.20723629891601,28868.0,-30940.0,-630.0,4045.0,6140.0,38196.0,5.0,0.0627297117069615,0.0338385086960796,93.33333333333331,-0.0257797405610477,BEARISH,STRONG_YELLOW,,,,,,,
2025-03-17,5675.12,0.6416099479689574,0.9912495174366234,-7.513280318809167,23313.0,-23109.0,-1247.0,1648.0,18607.0,37788.5,21.666666666666668,0.0334164689660766,0.0380261707756924,73.33333333333333,0.0186656350800729,NONE,NO_SIGNAL,,,,,,,
2025-03-18,5614.66,-1.0653519220738985,0.8985616144267926,-9.350612674145076,18632.0,-16742.0,-595.0,1291.0,9654.0,37642.5,11.666666666666666,0.0346484165324745,0.0380261707756924,73.33333333333333,0.0054298964355381,BULLISH,NORMAL_GREEN,,,,,,,
2025-03-19,5675.29,1.0798516740105455,0.8998550374486591,0.1439437208422989,24834.0,-22347.0,-1801.0,2255.0,18261.0,37309.5,23.33333333333333,0.0440111638074048,0.0380261707756924,80.0,0.0067797842655297,NONE,NO_SIGNAL,,,,,,,
2025-03-20,5662.89,-0.2184910374623982,1.0816488517303418,20.2025667153144,18898.0,-20441.0,-752.0,1356.0,14275.0,37268.0,16.666666666666664,0.0327164812893574,0.039273848958106,68.33333333333333,0.0218829908895827,NONE,NO_SIGNAL,,,,,,,
2025-03-21,5667.56,0.0824667263535028,0.6338435660218671,-41.400246021812805,29725.0,-18841.0,-520.0,1580.0,7954.0,36883.5,8.333333333333332,0.0311846208502743,0.039273848958106,63.33333333333333,0.0019961583367857,BULLISH,NORMAL_GREEN,,,,,,,
2025-03-24,5767.57,1.7646041682840563,0.7521989218189791,18.672644504374247,38769.0,-29162.0,-1405.0,1199.0,29157.0,36822.5,36.66666666666666,0.0169986531509179,0.039273848958106,40.0,0.0163437425922921,BEARISH,RELIABLE_YELLOW,,,,,,,
2025-03-25,5776.65,0.1574319860877304,0.809350987410207,7.597998871498235,39953.0,-32336.0,-1888.0,1018.0,30159.0,35388.0,41.66666666666667,0.0135381341844537,0.039273848958106,36.66666666666666,0.0396574690770694,BEARISH,RELIABLE_YELLOW,,,,,,,
2025-03-26,5712.2,-1.115698545004451,1.6992515872734366,109.95237093745553,28193.0,-47907.0,-885.0,1985.0,20762.0,33294.5,31.666666666666664,0.0251361276434088,0.0380261707756924,55.00000000000001,0.0079937853956799,NONE,NO_SIGNAL,,,,,,,
2025-03-27,5693.31,-0.3306957039319269,1.21630740393627,-28.420993509977123,21340.0,-25956.0,-1145.0,2304.0,21373.0,32434.5,35.0,0.0454034880283771,0.0354439151211564,80.0,0.0056836757789904,BULLISH,NORMAL_GREEN,,,,,,,
2025-03-28,5580.94,-1.9737200328104556,1.459175267723022,19.96763836187889,20637.0,-30113.0,-746.0,1758.0,8911.0,32434.5,13.333333333333334,0.0330116047620836,0.0380261707756924,70.0,-0.0246328872851201,NONE,NO_SIGNAL,,,,,,,
2025-03-31,5611.85,0.5538493515429455,0.8131855066432839,-44.27088200910752,33643.0,-27358.0,-635.0,3540.0,7823.0,32434.5,8.333333333333332,0.0543144715846323,0.0380261707756924,88.33333333333333,-0.0449651989246651,NONE,NO_SIGNAL,,,,,,,
2025-04-01,5633.07,0.3781284246727745,0.7506054184955351,-7.695671853040109,26428.0,-19837.0,-1335.0,1280.0,14436.0,32200.5,23.33333333333333,0.0261865793780687,0.0399628787827232,55.00000000000001,-0.0431599370355456,NONE,NO_SIGNAL,,,,,,,
2025-04-02,5670.97,0.6728125160880394,2.376128093158661,216.5615428038367,10305.0,-24486.0,-546.0,2298.0,12826.0,31153.5,21.666666666666668,0.061060183339976,0.0399628787827232,91.66666666666666,-0.0181976382846488,BEARISH,STRONG_YELLOW,,,,,,,
2025-04-03,5396.52,-4.839560075260485,1.9249057327283183,-18.98981632048794,15647.0,-30119.0,-261.0,2489.0,7704.0,31153.5,8.333333333333332,0.0513026630389974,0.0443592448626479,83.33333333333334,-0.0654429968241266,BULLISH,REVERSAL_GREEN_HIGH,REVERSAL_GREEN,HIGH,0,1,0,0,0
2025-04-04,5074.08,-5.974961641947041,1.2117402315484804,-37.049372811052585,22112.0,-26794.0,-168.0,10742.0,4295.0,31153.5,1.6666666666666667,0.1795840577771833,0.0443592448626479,100.0,-0.0990031600852965,BULLISH,REVERSAL_GREEN_WEAK,REVERSAL_GREEN,WEAK,0,0,0,0,0
2025-04-07,5062.25,-0.2331457131144909,1.1619125642362405,-4.112075015332728,13427.0,-15601.0,-897.0,11526.0,7502.0,31153.5,10.0,0.2780632554100021,0.0455865027449757,100.0,-0.0971336760925449,NONE,NO_SIGNAL,,,,,,,
2025-04-08,4982.77,-1.5700528421156543,2.983769282360832,156.79809085480986,7455.0,-22244.0,-1109.0,7095.0,4400.0,30037.5,3.333333333333333,0.1871883492071867,0.0462432550901144,98.33333333333331,-0.1205907108424516,NONE,NO_SIGNAL,,,,,,,
2025-04-09,5456.9,9.515390034057347,0.7451159951159951,-75.02769401371272,16380.0,-12205.0,-983.0,2007.0,23296.0,29536.5,48.333333333333336,0.063562945368171,0.0467414742851144,88.33333333333333,-0.0241688400476033,NONE,NO_SIGNAL,,,,,,,
2025-04-10,5268.05,-3.4607561069471604,1.6715328467153283,124.33189700284376,7809.0,-13053.0,-1810.0,1730.0,16112.0,26226.5,35.0,0.0708958282108024,0.0475422163072193,90.0,-0.0108905062613721,NONE,NO_SIGNAL,,,,,,,
2025-04-11,5363.36,1.809208340847168,0.720968371729793,-56.86783103625256,12805.0,-9232.0,-399.0,691.0,10574.0,22334.5,28.33333333333333,0.0298784969948545,0.0491021089293442,50.0,0.0726984986954475,NONE,NO_SIGNAL,,,,,,,
2025-04-14,5405.97,0.7944646639420183,0.960808245185788,33.26635159883031,14748.0,-14170.0,-1489.0,583.0,15291.0,21070.5,36.66666666666666,0.018812520167796,0.0491021089293442,30.0,0.0786697606878976,BEARISH,RELIABLE_YELLOW,,,,,,,
2025-04-15,5396.63,-0.1727719539694083,1.828910815212185,90.35128230592314,10439.0,-19092.0,-782.0,1061.0,15796.0,20765.0,38.333333333333336,0.0338178109262446,0.0491021089293442,60.0,0.0997708750253778,NONE,NO_SIGNAL,,,,,,,
2025-04-16,5275.7,-2.240842896400164,1.0806878306878307,-40.910851327518,14364.0,-15523.0,-568.0,1269.0,10296.0,20368.5,25.0,0.0400012608750472,0.0491021089293442,65.0,-0.045785383447721,BULLISH,REVERSAL_GREEN_HIGH,REVERSAL_GREEN,HIGH,1,1,0,0,0
2025-04-17,5282.7,0.1326838144701136,1.0709451575262543,-0.901525203200948,12855.0,-13767.0,-285.0,1303.0,5240.0,20368.5,6.666666666666667,0.0461892945763913,0.0491021089293442,70.0,-0.00595157581496,NONE,NO_SIGNAL,,,,,,,
2025-04-21,5158.2,-2.3567493895167213,0.7420489591364687,-30.710834824585557,20752.0,-15399.0,-423.0,1325.0,6957.0,19291.0,13.333333333333334,0.0349613446265072,0.0491021089293442,60.0,-0.0471703128738139,BULLISH,REVERSAL_GREEN_HIGH,REVERSAL_GREEN,HIGH,1,1,0,0,0
2025-04-22,5287.76,2.511728897677501,0.3163960188580408,-57.36184048742084,26726.0,-8456.0,-877.0,859.0,14353.0,18434.0,38.333333333333336,0.0232677826534481,0.0491021089293442,35.0,-0.0296823239055551,NONE,NO_SIGNAL,,,,,,,
2025-04-23,5375.86,1.6661119264111734,1.0242407857979634,223.7211357762106,22194.0,-22732.0,-2169.0,1262.0,26180.0,17821.0,61.66666666666667,0.0260975660193974,0.0491021089293442,40.0,-0.0090324111922782,BEARISH,WEAK_YELLOW,,,,,,,
2025-04-24,5484.77,2.025908412793509,0.551950934108058,-46.11121312865459,49566.0,-27358.0,-899.0,1113.0,23315.0,17821.0,61.66666666666667,0.0141000304043782,0.0491021089293442,23.33333333333333,0.0507151792026976,NONE,NO_SIGNAL,,,,,,,
2025-04-25,5525.21,0.7373144179245283,0.903748002268392,63.73701835088499,19397.0,-17530.0,-622.0,851.0,22787.0,17821.0,60.0,0.0221614583333333,0.0491021089293442,31.666666666666664,0.0630017689481561,BEARISH,WEAK_YELLOW,,,,,,,
2025-04-28,5528.75,0.0640699629516294,0.8187732342007435,-9.402484747337002,19368.0,-15858.0,-820.0,628.0,18465.0,17821.0,51.66666666666667,0.0171238479576811,0.0491021089293442,25.0,0.0894000474270808,NONE,NO_SIGNAL,,,,,,,
2025-04-29,5560.83,0.580239656341841,1.09834564833584,34.14528009186877,15293.0,-16797.0,-1336.0,720.0,26874.0,17821.0,68.33333333333333,0.0210859251449657,0.0491021089293442,30.0,0.068811207834603,BEARISH,WEAK_YELLOW,,,,,,,
2025-04-30,5569.06,0.1479994892848779,0.4570896369996819,-58.38380771187632,22011.0,-10061.0,-1008.0,484.0,20253.0,17821.0,56.66666666666666,0.0144202121320462,0.0491021089293442,20.0,0.0455071653826193,NONE,NO_SIGNAL,,,,,,,
2025-05-01,5604.14,0.6299088176460632,0.9225816665787112,101.83823738260624,18949.0,-17482.0,-2452.0,466.0,43223.0,17821.0,85.0,0.011842740603319,0.0491021089293442,11.666666666666666,0.0288439141799734,BEARISH,WEAK_YELLOW,,,,,,,
2025-05-02,5686.67,1.4726612825518126,1.3083230198019802,41.81107940869306,19392.0,-25371.0,-1144.0,345.0,25145.0,17821.0,68.33333333333333,0.007459136902188,0.0491021089293442,3.333333333333333,0.0335765488991297,BEARISH,WEAK_YELLOW,,,,,,,
2025-05-06,5606.91,-1.40257831032925,0.641390744623787,-50.97611714262553,20507.0,-13153.0,-991.0,675.0,29639.0,17821.0,75.0,0.0191077393421276,0.0491021089293442,26.666666666666668,0.0117588668728285,BULLISH,NORMAL_GREEN,,,,,,,
2025-05-07,5631.28,0.4346422539330818,0.9183998243977392,43.18881775202947,18223.0,-16736.0,-878.0,536.0,23561.0,17821.0,68.33333333333333,0.0147362054271025,0.0491021089293442,18.33333333333333,0.0155778702607767,BEARISH,WEAK_YELLOW,,,,,,,
2025-05-08,5663.94,0.5799747126763233,1.7418060200668897,89.65661510324408,13455.0,-23436.0,-1572.0,666.0,27430.0,17821.0,75.0,0.0170206240895499,0.0491021089293442,20.0,0.0138604148062435,BEARISH,WEAK_YELLOW,,,,,,,
2025-05-09,5659.91,-0.0711518836710833,1.1483719368915744,-34.0700443297656,17874.0,-20526.0,-880.0,434.0,18266.0,17821.0,51.66666666666667,0.0109281361736415,0.0491021089293442,8.333333333333332,-0.0024522249606777,BULLISH,REVERSAL_GREEN_HIGH,REVERSAL_GREEN,HIGH,1,0,1,1,1
2025-05-12,5844.19,3.255882160670387,1.2125531837521364,5.5888902191644,27499.0,-33344.0,-2510.0,2195.0,49988.0,17821.0,95.0,0.0334869103557698,0.0491021089293442,56.66666666666666,0.044068176721238,BEARISH,WEAK_YELLOW,,,,,,,
2025-05-13,5886.55,0.7248224304822415,1.2383343076235342,2.1261849968197355,29081.0,-36012.0,-6881.0,563.0,47909.0,17821.0,93.33333333333331,0.0077615561713332,0.0475422163072193,5.0,0.0701734525741166,NONE,NO_SIGNAL,,,,,,,
2025-05-14,5892.58,0.1024369112638146,0.9854662429269048,-20.420016076426407,25802.0,-25427.0,-3324.0,206.0,40217.0,17821.0,90.0,0.0037619386767472,0.0475422163072193,0.0,0.0725591187638632,NONE,NO_SIGNAL,,,,,,,
2025-05-15,5916.93,0.4132315556174104,0.9579800364924332,-2.78915758218522,18634.0,-17851.0,-1000.0,182.0,45249.0,17821.0,93.33333333333331,0.0048318156476491,0.0475422163072193,1.6666666666666667,0.0628837970946172,NONE,NO_SIGNAL,,,,,,,
2025-05-16,5958.38,0.7005322016653937,0.8494712151763302,-11.326835339220576,24301.0,-20643.0,-1470.0,202.0,39147.0,17821.0,88.33333333333333,0.0043332761283679,0.0475422163072193,1.6666666666666667,0.0679868396548513,NONE,NO_SIGNAL,,,,,,,
2025-05-19,5963.6,0.0876077054501545,0.7549769693184479,-11.123890270757142,25618.0,-19341.0,-999.0,420.0,27231.0,17821.0,76.66666666666667,0.0090560179395403,0.0475422163072193,10.0,0.0273750283416269,NONE,NO_SIGNAL,,,,,,,
2025-05-20,5940.46,-0.3880206586625578,1.0878824969400245,44.09479244408019,20425.0,-22220.0,-711.0,230.0,36845.0,17821.0,86.66666666666667,0.005276923782866,0.0475422163072193,5.0,0.0083213840765379,NONE,NO_SIGNAL,,,,,,,
2025-05-21,5844.61,-1.6135114115741978,1.4140802092414997,29.984645696478964,22940.0,-32439.0,-1463.0,2025.0,29280.0,18263.5,80.0,0.0343995787113323,0.0467414742851144,61.66666666666667,-0.0115788612756611,NONE,NO_SIGNAL,,,,,,,
2025-05-22,5842.01,-0.0444854318765397,0.9326685492410872,-34.04415512318339,22664.0,-21138.0,-526.0,935.0,23968.0,18365.5,68.33333333333333,0.0206570488036586,0.0462835658513293,33.33333333333333,-0.011017997618992,BULLISH,REVERSAL_GREEN_HIGH,REVERSAL_GREEN,HIGH,0,1,0,1,1
2025-05-23,5802.82,-0.6708307585916562,0.494149480766418,-47.0176751249404,27348.0,-13514.0,-1018.0,1047.0,31792.0,18365.5,83.33333333333334,0.024390243902439,0.0462835658513293,43.333333333333336,-0.0244940189023611,BULLISH,REVERSAL_GREEN_STANDARD,REVERSAL_GREEN,STANDARD,0,0,0,1,1
2025-05-27,5921.54,2.0459018201495205,0.8499245472837023,71.99745833294872,39760.0,-33793.0,-1750.0,4444.0,36065.0,18365.5,85.0,0.0557262342157071,0.0462835658513293,81.66666666666667,-0.0026366835863541,BEARISH,MIXED_YELLOW,,,,,,,
2025-05-28,5888.55,-0.5571185873944895,0.3803262014602782,-55.25176879809233,27529.0,-10470.0,-2081.0,325.0,32364.0,18365.5,85.0,0.0080435589654745,0.0467414742851144,11.666666666666666,-0.0034852546916889,BULLISH,REVERSAL_GREEN_HIGH,REVERSAL_GREEN,HIGH,0,0,1,1,1
2025-05-29,5912.17,0.4011174227950942,1.2985290571497468,241.4250851411211,16588.0,-21540.0,-1611.0,598.0,30528.0,18365.5,81.66666666666667,0.0148250985447603,0.0467414742851144,23.33333333333333,0.0124119343704194,BEARISH,WEAK_YELLOW,,,,,,,
2025-05-30,5911.69,-0.00811884637959,1.4048375274859517,8.186838003421393,20465.0,-28750.0,-1418.0,6057.0,20979.0,18365.5,56.66666666666666,0.1068442406068089,0.0467414742851144,93.33333333333331,0.0087804187221185,NONE,NO_SIGNAL,,,,,,,
2025-06-02,5935.94,0.410204188649943,0.8549904060897738,-39.13955248477489,31791.0,-27181.0,-959.0,394.0,18636.0,18536.0,51.66666666666667,0.0065312888520513,0.0477504505168568,6.666666666666667,0.0264794909073575,NONE,NO_SIGNAL,,,,,,,
2025-06-03,5970.37,0.5800260784307065,0.8358875925981465,-2.234272262655257,33343.0,-27871.0,-1569.0,905.0,34551.0,18621.5,86.66666666666667,0.0142098982539881,0.0462835658513293,21.666666666666668,0.0110870426012623,NONE,NO_SIGNAL,,,,,,,
2025-06-04,5970.81,0.0073697275043249,1.3671468118050016,63.55629918558421,21313.0,-29138.0,-2399.0,1568.0,42609.0,19444.5,93.33333333333331,0.0288139953691793,0.0461489838151764,51.66666666666667,0.0179901977985987,BEARISH,WEAK_YELLOW,,,,,,,
2025-06-05,5939.3,-0.5277340930292529,1.6890615967627978,23.54646788319552,15569.0,-26297.0,-1210.0,814.0,34941.0,20507.5,85.0,0.0185463659147869,0.0461489838151764,33.33333333333333,0.0081965299021553,NONE,NO_SIGNAL,,,,,,,
2025-06-06,6000.36,1.0280672806559643,1.0936874597198196,-35.248811421919335,29481.0,-32243.0,-1673.0,7646.0,27022.0,20870.5,66.66666666666666,0.1076249595315513,0.0455865027449757,93.33333333333331,0.0196424811062496,NONE,NO_SIGNAL,,,,,,,
2025-06-09,6005.88,0.0919944803311922,0.77683425005629,-28.971092870050903,31089.0,-24151.0,-660.0,1200.0,36080.0,21176.0,86.66666666666667,0.021015761821366,0.0455865027449757,40.0,0.0132232748212128,BULLISH,NORMAL_GREEN,,,,,,,
2025-06-10,6038.81,0.5482960032501483,1.190170253774494,53.207747172354125,21791.0,-25935.0,-1289.0,658.0,46054.0,22080.0,96.66666666666669,0.0132466329796871,0.0443592448626479,18.33333333333333,0.0119906010274366,BEARISH,WEAK_YELLOW,,,,,,,
2025-06-11,6022.24,-0.2743918089822439,2.3083308088458043,93.9496304436434,16505.0,-38099.0,-2932.0,904.0,50409.0,23041.5,100.0,0.0154688569472963,0.0410037366081366,30.0,0.0059980006664444,NONE,NO_SIGNAL,,,,,,,
2025-06-12,6045.26,0.3822497940965563,2.325771324863884,0.7555466465744454,13224.0,-30756.0,-925.0,802.0,35987.0,23305.5,80.0,0.0175465464808453,0.0362213236886422,36.66666666666666,0.0161736513018613,NONE,NO_SIGNAL,,,,,,,
2025-06-13,5976.97,-1.129645375054178,1.078747860112497,-53.61763004900618,24534.0,-26466.0,-598.0,712.0,16948.0,23438.0,31.666666666666664,0.0136111642133435,0.0362213236886422,21.666666666666668,-0.0066135044613573,BULLISH,REVERSAL_GREEN_HIGH,REVERSAL_GREEN,HIGH,1,0,0,1,1
2025-06-16,6033.11,0.9392719053299414,1.9583195719664444,81.53635751010636,30278.0,-59294.0,-1421.0,691.0,24864.0,23438.0,53.333333333333336,0.0075367566860084,0.0362213236886422,10.0,0.0059699885844697,BEARISH,WEAK_YELLOW,,,,,,,
2025-06-17,5982.72,-0.8352242873078675,1.1217521687908325,-42.718635668619385,46685.0,-52369.0,-896.0,6415.0,25981.0,23764.5,55.00000000000001,0.0603111925915479,0.034540020190126,86.66666666666667,-0.0105965479738802,BULLISH,REVERSAL_GREEN_HIGH,REVERSAL_GREEN,HIGH,0,0,1,1,1
2025-06-18,5980.87,-0.0309223898160126,1.7235951750514855,53.65204748473067,13596.0,-23434.0,-677.0,1860.0,14570.0,24416.0,23.33333333333333,0.0470088710288877,0.0362213236886422,80.0,-0.0074889457628029,BEARISH,STRONG_YELLOW,,,,,,,
2025-06-20,5967.84,-0.2178612810510793,2.002562049639712,16.185173794066387,18735.0,-37518.0,-613.0,723.0,17344.0,24416.0,30.0,0.0125544808904478,0.0413518176633797,20.0,-0.0144386414140845,NONE,NO_SIGNAL,,,,,,,
2025-06-23,6025.17,0.9606490790637912,0.3937433931162991,-80.33801783135065,55813.0,-21976.0,-676.0,1826.0,28090.0,23764.5,65.0,0.0227422749747792,0.0413518176633797,53.333333333333336,0.0093512432123461,NONE,NO_SIGNAL,,,,,,,
2025-06-24,6092.18,1.1121677894565751,0.8145201547485337,106.86573260365812,64104.0,-52214.0,-2728.0,955.0,51969.0,23764.5,100.0,0.0079582670144415,0.0413518176633797,13.333333333333334,0.0103604162204209,BEARISH,WEAK_YELLOW,,,,,,,
2025-06-25,6092.16,-0.0003282897091061,0.9618236269008228,18.084693336749424,34393.0,-33080.0,-3074.0,931.0,59365.0,24416.0,100.0,0.0130249867091972,0.0413518176633797,23.33333333333333,0.0230683396716233,NONE,NO_SIGNAL,,,,,,,
2025-06-26,6141.02,0.8020143922681022,1.0558107384944702,9.771761575091633,44848.0,-47351.0,-3293.0,634.0,56059.0,25004.5,98.33333333333331,0.0065955100597132,0.0362213236886422,8.333333333333332,0.033032246306653,BEARISH,WEAK_YELLOW,,,,,,,
2025-06-27,6173.07,0.5219002706390752,0.6443582668357074,-38.97028668655824,67045.0,-43201.0,-2139.0,380.0,32375.0,25563.0,70.0,0.0033698399326032,0.0362213236886422,0.0,0.0416270845017225,NONE,NO_SIGNAL,,,,,,,
2025-06-30,6204.95,0.5164367162530104,0.8390485777930089,30.214605907576853,93376.0,-78347.0,-2036.0,466.0,29644.0,26080.5,63.33333333333333,0.0026747022528339,0.034540020190126,0.0,0.0367979341510651,BEARISH,WEAK_YELLOW,,,,,,,
2025-07-01,6198.01,-0.1118461873181875,0.9563358302122348,13.978600944385388,32040.0,-30641.0,-2526.0,332.0,41993.0,26527.0,83.33333333333334,0.0050656860800439,0.034540020190126,8.333333333333332,0.0128093548459085,NONE,NO_SIGNAL,,,,,,,
2025-07-02,6227.42,0.4745071401949907,0.7516303553151046,-21.405187218772397,34195.0,-25702.0,-2747.0,413.0,40237.0,26948.0,81.66666666666667,0.0065496297001125,0.0339632528725165,13.333333333333334,0.0169946133641989,NONE,NO_SIGNAL,,,,,,,
2025-07-03,6279.35,0.833892687501403,1.922788356522152,155.81568691648502,21059.0,-40492.0,-2088.0,707.0,33958.0,27126.5,66.66666666666666,0.0109874739688558,0.0335696354983885,28.33333333333333,0.0169142050654405,BEARISH,WEAK_YELLOW,,,,,,,
2025-07-07,6229.98,-0.786227873904155,1.0857154161144191,-43.53432542735959,50551.0,-54884.0,-2396.0,2051.0,40181.0,27330.5,78.33333333333333,0.0186654775122404,0.0307806003350833,55.00000000000001,0.005768723628692,BULLISH,NORMAL_GREEN,,,,,,,
2025-07-08,6225.52,-0.0715893148934498,1.2974174592128662,19.498852089260254,25866.0,-33559.0,-1101.0,1422.0,30670.0,27760.0,58.333333333333336,0.0229547362303867,0.0290801207755981,68.33333333333333,0.0002730986869416,NONE,NO_SIGNAL,,,,,,,
2025-07-09,6263.26,0.60621442064277,1.115937389968311,-13.987793054261656,31241.0,-34863.0,-1246.0,904.0,36448.0,28685.0,73.33333333333333,0.0132446450024906,0.0267766733568428,35.0,0.015798171201939,NONE,NO_SIGNAL,,,,,,,
2025-07-10,6280.46,0.274617371784025,1.9782965802180297,77.27666426466872,20089.0,-39742.0,-1648.0,627.0,42091.0,29459.5,83.33333333333334,0.0100956429330499,0.0248170744316786,26.666666666666668,0.0074524781404918,BEARISH,WEAK_YELLOW,,,,,,,
2025-07-11,6259.75,-0.3297529161876644,1.7886152862168212,-9.58811211109224,21889.0,-39151.0,-909.0,580.0,28886.0,29641.5,46.66666666666666,0.0092756960770202,0.0235483979656958,26.666666666666668,-0.0044021815737257,BULLISH,REVERSAL_GREEN_HIGH,REVERSAL_GREEN,HIGH,0,1,0,1,1
2025-07-14,6268.56,0.1407404449059512,1.180795876702701,-33.982680020573106,29879.0,-35281.0,-1554.0,1020.0,27484.0,29641.5,43.333333333333336,0.0150589069005226,0.0230329978361521,51.66666666666667,0.006598713032458,NONE,NO_SIGNAL,,,,,,,
2025-07-15,6243.76,-0.3956251515499609,2.872563938932797,143.27354080488942,20371.0,-58517.0,-763.0,809.0,27933.0,29641.5,43.333333333333336,0.0100546855580412,0.0230329978361521,28.33333333333333,0.0070112595148907,NONE,NO_SIGNAL,,,,,,,
2025-07-16,6263.7,0.3193588478737075,0.9992830684669614,-65.21285201267928,33476.0,-33452.0,-4424.0,3449.0,36856.0,29641.5,73.33333333333333,0.0461090092378444,0.0227953902886811,90.0,0.0010303240640319,NONE,NO_SIGNAL,,,,,,,
2025-07-17,6297.36,0.5373820585277134,0.7106449569656097,-28.88451937289026,53678.0,-38146.0,-1898.0,614.0,35386.0,30086.0,63.33333333333333,0.0065086499321573,0.0227953902886811,11.666666666666666,0.0105474690419291,NONE,NO_SIGNAL,,,,,,,
2025-07-18,6296.79,-0.0090514120202667,0.8911882510013351,25.405554808498067,38948.0,-34710.0,-1221.0,540.0,27200.0,30599.0,33.33333333333333,0.0071599994696296,0.0223066624936948,18.33333333333333,0.0118273597543046,BEARISH,RELIABLE_YELLOW,,,,,,,
2025-07-21,6305.6,0.1399125586211358,1.4474442710950102,62.41734217979964,37817.0,-54738.0,-1655.0,1215.0,46720.0,30599.0,90.0,0.012732512444328,0.0213548084420576,41.66666666666667,0.0134799266309952,BEARISH,WEAK_YELLOW,,,,,,,
2025-07-22,6309.62,0.0637528546054255,0.8755618750573342,-39.50980410493038,43604.0,-38178.0,-1530.0,462.0,37381.0,31231.0,71.66666666666667,0.0055148375390932,0.0210333026522659,11.666666666666666,0.0073311715776116,BULLISH,NORMAL_GREEN,,,,,,,
2025-07-23,6358.91,0.7811880905664648,0.5921747916977257,-32.366311443271954,60369.0,-35749.0,-1735.0,757.0,40505.0,32078.0,78.33333333333333,0.007676706216408,0.0207467270580854,25.0,0.0108126848611578,NONE,NO_SIGNAL,,,,,,,
2025-07-24,6363.35,0.0698232873244109,1.0903738224093005,84.13040164767422,39912.0,-43519.0,-2956.0,1659.0,49120.0,32369.5,91.66666666666666,0.0188424232787406,0.0207467270580854,71.66666666666667,0.0051165740452108,BEARISH,WEAK_YELLOW,,,,,,,
2025-07-25,6388.64,0.3974321701619487,0.9049964967595026,-17.00126340525916,45672.0,-41333.0,-2408.0,501.0,41289.0,33166.5,76.66666666666667,0.0055719910136352,0.0194950667075103,13.333333333333334,0.0084385460729545,NONE,NO_SIGNAL,,,,,,,
2025-07-28,6389.77,0.0176876455708852,1.0019334699962728,10.711309224275434,42928.0,-43011.0,-1730.0,807.0,42418.0,34254.5,80.0,0.0091211175912111,0.0194950667075103,35.0,0.0062969190074855,BEARISH,WEAK_YELLOW,,,,,,,
2025-07-29,6370.86,-0.2959417944620957,1.5101812258195886,50.726697035603216,29466.0,-44499.0,-984.0,1494.0,33631.0,34746.0,46.66666666666666,0.019543973941368,0.0189087522945873,76.66666666666667,0.0101631049146795,NONE,NO_SIGNAL,,,,,,,
2025-07-30,6362.9,-0.1249438851269713,0.5063545711013658,-66.47060879553956,35801.0,-18128.0,-2588.0,2407.0,41156.0,34746.0,73.33333333333333,0.0408492295159866,0.0192167979919377,90.0,0.0068276579096862,BULLISH,NORMAL_GREEN,,,,,,,
2025-07-31,6339.39,-0.369485611906506,2.4665385846942045,387.1168792510879,18738.0,-46218.0,-920.0,785.0,23770.0,34746.0,11.666666666666666,0.0117760009600816,0.0198222426569407,45.0,-0.000973189173003,NONE,NO_SIGNAL,,,,,,,
2025-08-01,6238.01,-1.599207494727417,1.1175873140685406,-54.69005346181939,30522.0,-34111.0,-650.0,2519.0,20433.0,34746.0,8.333333333333332,0.0371522963924368,0.0198222426569407,88.33333333333333,-0.0231398960412418,BULLISH,REVERSAL_GREEN_STANDARD,REVERSAL_GREEN,STANDARD,0,0,0,1,1
2025-08-04,6329.94,1.473707159815385,0.5083866094036344,-54.510345365958976,71483.0,-36341.0,-1268.0,1755.0,30406.0,34746.0,36.66666666666666,0.0158326341714254,0.0207467270580854,63.33333333333333,-0.0083007864463054,NONE,NO_SIGNAL,,,,,,,
2025-08-05,6299.19,-0.4857865951336082,1.380266327319002,171.49934750211665,22003.0,-30370.0,-549.0,1220.0,26537.0,34746.0,18.33333333333333,0.0225333382586531,0.0207467270580854,76.66666666666667,-0.0138017030981892,NONE,NO_SIGNAL,,,,,,,
2025-08-06,6345.06,0.7281888623775545,0.5002790801518197,-63.75488771623152,53748.0,-26889.0,-1830.0,1160.0,35886.0,34746.0,53.333333333333336,0.0138711181795353,0.0213951559306878,55.00000000000001,-0.002501756552473,NONE,NO_SIGNAL,,,,,,,
2025-08-07,6340.0,-0.0797470788298393,0.761396141439961,52.19427948274395,32862.0,-25021.0,-1776.0,661.0,42111.0,35163.5,80.0,0.010958222811671,0.0213951559306878,40.0,0.0063051297422282,BEARISH,WEAK_YELLOW,,,,,,,
2025-08-08,6389.45,0.7799684542586727,0.9106617836694691,19.60420260959235,38774.0,-35310.0,-2420.0,1009.0,41698.0,35163.5,76.66666666666667,0.013017171313199,0.0207467270580854,48.333333333333336,0.0364280017044895,BEARISH,WEAK_YELLOW,,,,,,,
2025-08-11,6373.45,-0.2504127898332431,1.2277600584098682,34.82064147489161,26023.0,-31950.0,-1233.0,1222.0,33424.0,35163.5,43.333333333333336,0.0202224134507182,0.0207467270580854,73.33333333333333,0.0146694281391179,NONE,NO_SIGNAL,,,,,,,
2025-08-12,6445.76,1.1345503612643082,0.7671138755288757,-37.51923510833198,55306.0,-42426.0,-2477.0,1494.0,36275.0,34746.0,60.0,0.0146898321583434,0.0207467270580854,56.66666666666666,0.0346251107700952,NONE,NO_SIGNAL,,,,,,,
2025-08-13,6466.58,0.3230030283473128,1.125757603500998,46.7523453052991,54613.0,-61481.0,-5312.0,992.0,70798.0,34746.0,100.0,0.0081047075932613,0.0207467270580854,26.666666666666668,0.0221240354752985,BEARISH,WEAK_YELLOW,,,,,,,
2025-08-14,6468.54,0.0303096845627903,0.9283316880552812,-17.53716029380934,25325.0,-23510.0,-4154.0,404.0,51684.0,34746.0,93.33333333333331,0.0075665349390369,0.0207467270580854,20.0,0.0179033030157971,NONE,NO_SIGNAL,,,,,,,
2025-08-15,6449.8,-0.2897098881664117,1.161267033661222,25.09182317086536,22162.0,-25736.0,-1077.0,634.0,29574.0,35163.5,30.0,0.0127799391239492,0.0207467270580854,43.333333333333336,0.0038689817303942,NONE,NO_SIGNAL,,,,,,,
2025-08-18,6449.15,-0.0100778318707694,0.9450061851234336,-18.622835426229656,37186.0,-35141.0,-428.0,686.0,29937.0,34746.0,33.33333333333333,0.0093408314156942,0.0207467270580854,30.0,0.0066945872200012,BULLISH,NORMAL_GREEN,,,,,,,
2025-08-19,6411.37,-0.5858136343549147,1.385315902375845,46.59331591516512,24707.0,-34227.0,-589.0,893.0,35346.0,34746.0,51.66666666666667,0.0147808527542372,0.0203310722889533,58.333333333333336,-0.019396686791034,NONE,NO_SIGNAL,,,,,,,
2025-08-20,6395.78,-0.243161757939414,0.8296804785928927,-40.10893275894879,36273.0,-30095.0,-1066.0,4273.0,27088.0,35143.5,18.33333333333333,0.0595897192742689,0.0197135838187056,95.0,-0.0258217433070208,BULLISH,REVERSAL_GREEN_STANDARD,REVERSAL_GREEN,STANDARD,0,0,0,1,1
2025-08-21,6370.17,-0.400420277120217,0.8060717089767077,-2.845525503531754,26747.0,-21560.0,-1667.0,1388.0,33020.0,35143.5,41.66666666666667,0.027023869787002,0.0197135838187056,83.33333333333334,-0.0294394281414597,NONE,NO_SIGNAL,,,,,,,
2025-08-22,6466.91,1.518640789806236,0.7534810860988629,-6.524310714813142,51708.0,-38961.0,-2592.0,1224.0,40315.0,34746.0,70.0,0.0129544372122559,0.0197135838187056,45.0,-0.0101234982777451,NONE,NO_SIGNAL,,,,,,,
2025-08-25,6439.32,-0.426633430803891,1.995518887679035,164.8399441598202,23878.0,-47649.0,-1708.0,2156.0,37178.0,35143.5,63.33333333333333,0.0285975779602339,0.0197135838187056,85.0,-0.0126592917100024,NONE,NO_SIGNAL,,,,,,,
2025-08-26,6465.94,0.4133976879546308,0.7302075844716032,-63.40763352428604,44512.0,-32503.0,-830.0,824.0,33171.0,35366.0,40.0,0.0104742655938171,0.0204207505433801,33.33333333333333,0.0049743824629051,NONE,NO_SIGNAL,,,,,,,
2025-08-27,6481.4,0.2390990327779008,1.3672336265884653,87.2390338944275,25575.0,-34967.0,-2043.0,903.0,48058.0,35366.0,88.33333333333333,0.014223160282258,0.0197135838187056,58.333333333333336,0.0126689460765923,BEARISH,WEAK_YELLOW,,,,,,,
2025-08-28,6501.86,0.3156725398833604,0.8710013990657086,-36.294618408483714,42171.0,-36731.0,-1963.0,1195.0,41967.0,35636.0,75.0,0.0145625152327565,0.0197135838187056,58.333333333333336,0.0236349344790085,NONE,NO_SIGNAL,,,,,,,
2025-08-29,6460.26,-0.6398169139292365,0.9200133311114814,5.6270784522672646,36006.0,-33126.0,-980.0,982.0,32043.0,35936.5,33.33333333333333,0.01381269868062,0.0197135838187056,53.333333333333336,-0.0038828771483132,NONE,NO_SIGNAL,,,,,,,
2025-09-02,6415.54,-0.6922322011807647,0.5402660181793918,-41.27628373311845,67439.0,-36435.0,-949.0,3365.0,26194.0,35636.0,11.666666666666666,0.031103264687396,0.0190178109443975,88.33333333333333,-0.0093102934604497,BULLISH,REVERSAL_GREEN_HIGH,REVERSAL_GREEN,HIGH,1,0,0,1,1
2025-09-03,6448.26,0.5100116280157385,0.5511804602231797,2.020197768604404,73573.0,-40552.0,-1073.0,2821.0,24079.0,35636.0,8.333333333333332,0.0239029308840102,0.0197135838187056,83.33333333333334,-0.0057234917539321,NONE,NO_SIGNAL,,,,,,,
2025-09-04,6502.08,0.834643764364329,0.5805209222886422,5.323204319250019,117100.0,-67979.0,-1891.0,776.0,31304.0,35636.0,35.0,0.0041332438507345,0.0197135838187056,3.333333333333333,0.0019474815042177,BEARISH,RELIABLE_YELLOW,,,,,,,
2025-09-05,6481.5,-0.3165141001033489,1.3384803403135208,130.56539203388294,42549.0,-56951.0,-1997.0,640.0,31382.0,35366.0,36.66666666666666,0.0062660935801913,0.0190178109443975,10.0,-0.0031767403698483,NONE,NO_SIGNAL,,,,,,,
2025-09-08,6495.15,0.2105993982874254,0.8701598618865047,-34.98896952922882,44601.0,-38810.0,-884.0,931.0,26015.0,34652.0,13.333333333333334,0.0109238964635205,0.0190178109443975,36.66666666666666,0.0140584062879416,NONE,NO_SIGNAL,,,,,,,
2025-09-09,6512.61,0.268815962679847,0.8704203877150948,0.0299399960859148,45910.0,-39961.0,-808.0,690.0,43846.0,33794.5,86.66666666666667,0.0078975380283624,0.0190178109443975,23.33333333333333,0.0253794021931756,NONE,NO_SIGNAL,,,,,,,
2025-09-10,6532.04,0.2983442890024168,1.408118486012068,61.77452939819836,30991.0,-43639.0,-2868.0,1242.0,65341.0,33794.5,98.33333333333331,0.015773431546863,0.0190178109443975,70.0,0.0180048609926657,BEARISH,WEAK_YELLOW,,,,,,,
2025-09-11,6587.47,0.8485863528086224,1.0219951042578663,-27.421228084842607,55967.0,-57198.0,-7068.0,1441.0,72043.0,34652.0,100.0,0.0118431217844403,0.0190178109443975,45.0,0.0144590725149662,NONE,NO_SIGNAL,,,,,,,
2025-09-12,6584.29,-0.0482734646229943,1.3260030564405418,29.74651746530963,38607.0,-51193.0,-1854.0,1413.0,42478.0,35366.0,81.66666666666667,0.0151826103774699,0.0190178109443975,68.33333333333333,0.0178200271608726,BEARISH,WEAK_YELLOW,,,,,,,
2025-09-15,6615.28,0.4706657817319604,1.2308161605206074,-7.178482391695951,44256.0,-54471.0,-2005.0,1098.0,44353.0,35636.0,83.33333333333334,0.0107826770107041,0.0187097139538654,36.66666666666666,0.0215701085917834,NONE,NO_SIGNAL,,,,,,,
2025-09-16,6606.76,-0.128792734396721,1.2881112362605351,4.655047404942536,25747.0,-33165.0,-2044.0,1958.0,41633.0,36080.5,68.33333333333333,0.0311218488730648,0.0165408450066292,93.33333333333331,0.0176274508135436,NONE,NO_SIGNAL,,,,,,,
2025-09-17,6600.35,-0.0970218382384091,0.7309253485499148,-43.25603814528974,33998.0,-24850.0,-1748.0,1160.0,51136.0,36361.5,88.33333333333333,0.0187835999740915,0.0187097139538654,75.0,0.015307068039956,BULLISH,NORMAL_GREEN,,,,,,,
2025-09-18,6631.96,0.4789139969850087,1.2684084783141387,73.5346134636784,32648.0,-41411.0,-4191.0,1881.0,55084.0,36652.0,91.66666666666666,0.0234740612247444,0.0186950081277031,85.0,0.0188414615281486,BEARISH,MIXED_YELLOW,,,,,,,
2025-09-19,6664.36,0.4885433567150432,1.0602244147804218,-16.413014190067344,51690.0,-54803.0,-1897.0,1504.0,37994.0,36652.0,55.00000000000001,0.0136859155185906,0.0187983058002538,55.00000000000001,0.0210596570489782,NONE,NO_SIGNAL,,,,,,,
2025-09-22,6693.75,0.4410025868950784,0.6915063021240992,-34.77736482164355,74102.0,-51242.0,-2287.0,807.0,39402.0,36652.0,56.66666666666666,0.0062831872187358,0.0187983058002538,11.666666666666666,0.0181340555730911,NONE,NO_SIGNAL,,,,,,,
2025-09-23,6656.92,-0.5502147525676904,1.3885292531018587,100.79777275155912,40782.0,-56627.0,-1613.0,1317.0,41870.0,36652.0,71.66666666666667,0.0131255045396107,0.0187983058002538,51.66666666666667,0.0125182217600945,NONE,NO_SIGNAL,,,,,,,
2025-09-24,6637.97,-0.2846661819580154,1.0685337726523887,-23.04564197942728,36420.0,-38916.0,-1302.0,1408.0,45109.0,37017.0,85.0,0.0180406426978961,0.0187983058002538,71.66666666666667,0.010806835476655,BULLISH,NORMAL_GREEN,,,,,,,
2025-09-25,6604.72,-0.5009061505249379,1.0059664461247635,-5.855437434823985,33856.0,-34058.0,-1034.0,3512.0,36809.0,37279.5,46.66666666666666,0.0484681203422577,0.0187983058002538,98.33333333333331,-0.002682349130514,BULLISH,REVERSAL_GREEN_HIGH,REVERSAL_GREEN,HIGH,0,1,0,1,1
2025-09-26,6643.7,0.590183989631643,0.7231864004744021,-28.11028605772108,50590.0,-36586.0,-1194.0,860.0,26819.0,37017.0,10.0,0.0096380141208113,0.0190178109443975,25.0,-0.0054102432598224,NONE,NO_SIGNAL,,,,,,,
2025-09-29,6661.21,0.2635579571624191,1.2064868336544636,66.82930332525916,34254.0,-41327.0,-2217.0,1648.0,31270.0,36832.5,26.666666666666668,0.0207436497746897,0.0190178109443975,78.33333333333333,-0.0064503870232213,BEARISH,STRONG_YELLOW,,,,,,,
2025-09-30,6688.46,0.4090848359382226,1.1389318987009578,-5.599309753665615,38105.0,-43399.0,-1098.0,1742.0,22180.0,36832.5,1.6666666666666667,0.0206535141800246,0.0197135838187056,76.66666666666667,0.0026881449786055,NONE,NO_SIGNAL,,,,,,,
2025-10-01,6711.2,0.3399885773406774,0.4844515320651555,-57.4643986512529,79011.0,-38277.0,-3642.0,1839.0,46753.0,36628.5,86.66666666666667,0.0149793514649463,0.0203301886330448,60.0,0.0109944522479006,NONE,NO_SIGNAL,,,,,,,
2025-10-02,6715.35,0.0618369293122089,0.8347287532973965,72.30387315301772,43595.0,-36390.0,-1957.0,1043.0,32282.0,36832.5,33.33333333333333,0.0125685364824968,0.0197135838187056,38.333333333333336,0.0193648570471638,BEARISH,RELIABLE_YELLOW,,,,,,,
2025-10-03,6715.79,0.0065521529034162,1.4561562200702352,74.44663482814482,37588.0,-54734.0,-1414.0,933.0,37902.0,36832.5,55.00000000000001,0.0098553908882527,0.0197135838187056,25.0,0.0109501228476387,BEARISH,WEAK_YELLOW,,,,,,,
2025-10-06,6740.28,0.3646629808257806,1.1510912003203524,-20.950020028425836,39956.0,-45993.0,-2675.0,1484.0,35359.0,36832.5,43.333333333333336,0.0164691259377635,0.0197135838187056,68.33333333333333,0.0139709508902958,NONE,NO_SIGNAL,,,,,,,
2025-10-07,6714.59,-0.3811414362608012,1.19872092532399,4.137788994510783,47378.0,-56793.0,-1682.0,1456.0,34169.0,36832.5,40.0,0.0135682934329832,0.0197135838187056,46.66666666666666,0.0059141296489677,NONE,NO_SIGNAL,,,,,,,
2025-10-08,6753.72,0.5827608238179849,0.6274577126988135,-47.65606410606169,99025.0,-62134.0,-2747.0,1517.0,48521.0,36832.5,88.33333333333333,0.0091704297467704,0.0197135838187056,20.0,0.0127140244085279,NONE,NO_SIGNAL,,,,,,,
2025-10-09,6735.11,-0.2755518440207827,0.8806630453043625,40.35416689938598,35714.0,-31452.0,-849.0,1162.0,26362.0,37017.0,10.0,0.0167974904953958,0.0197135838187056,68.33333333333333,0.0073777591923296,NONE,NO_SIGNAL,,,,,,,
2025-10-10,6552.51,-2.7111658161485086,2.43661842407535,176.6799898175857,21765.0,-53033.0,-618.0,1988.0,14700.0,36993.5,0.0,0.0256834272130639,0.0190178109443975,86.66666666666667,-0.0237533254655651,NONE,NO_SIGNAL,,,,,,,
2025-10-13,6654.72,1.5598602672868944,0.9291283177122912,-61.86812393225346,35529.0,-33011.0,-1011.0,2378.0,22957.0,36993.5,5.0,0.0330603789848322,0.0197135838187056,93.33333333333331,-0.0104728153508641,NONE,NO_SIGNAL,,,,,,,
2025-10-14,6644.31,-0.1564303231390673,0.9807094194312796,5.551558459222483,27008.0,-26487.0,-1297.0,2477.0,24552.0,36993.5,10.0,0.043252021163282,0.0203301886330448,96.66666666666669,-0.0114991864724848,NONE,NO_SIGNAL,,,,,,,
2025-10-15,6671.0601,0.4026016245479047,1.1510426667690772,17.36837068788173,26039.0,-29972.0,-1385.0,1497.0,30287.0,36542.0,25.0,0.0254189801844022,0.0206760480786909,81.66666666666667,-0.0159891037219079,BEARISH,STRONG_YELLOW,,,,,,,
2025-10-16,6629.0698,-0.6294396898028132,1.4667476992533426,27.42774369697647,17277.0,-25341.0,-1158.0,1591.0,21779.0,36080.5,3.333333333333333,0.0350695439416315,0.0211910718956805,91.66666666666666,-0.0183439087548675,NONE,NO_SIGNAL,,,,,,,
2025-10-17,6664.0098,0.5270724408422911,0.7156838064069482,-51.20607267553434,31778.0,-22743.0,-871.0,970.0,19731.0,35622.5,1.6666666666666667,0.0172101770696568,0.022768519000176,61.66666666666667,0.0240239317290058,NONE,NO_SIGNAL,,,,,,,
2025-10-20,6735.1299,1.067226821905343,0.7492957154269857,4.696474716786492,47566.0,-35641.0,-1130.0,1706.0,35821.0,35352.5,51.66666666666667,0.0198272956544983,0.022768519000176,68.33333333333333,0.0152384582973856,NONE,NO_SIGNAL,,,,,,,
2025-10-21,6735.3501,0.0032694246921538,1.4164413196322336,89.03635647043242,29584.0,-41904.0,-2849.0,1181.0,49848.0,35352.5,90.0,0.0156386556847374,0.022768519000176,53.333333333333336,0.0215694392551677,BEARISH,WEAK_YELLOW,,,,,,,
2025-10-22,6699.3999,-0.5337539914962885,1.0348263647498923,-26.941811820444794,30207.0,-31259.0,-1432.0,2535.0,28011.0,35352.5,25.0,0.0387419192150749,0.022768519000176,93.33333333333331,0.0046439783749085,BULLISH,NORMAL_GREEN,,,,,,,
2025-10-23,6738.4399,0.5827387614224966,0.8027745414149078,-22.424227990274414,36907.0,-29628.0,-899.0,1307.0,32509.0,35352.5,41.66666666666667,0.0190133981175717,0.0235812786395609,65.0,0.0170052959062443,NONE,NO_SIGNAL,,,,,,,
2025-10-24,6791.6899,0.7902422636432593,1.1780731678626044,46.75019038175083,42505.0,-50074.0,-2092.0,1173.0,39101.0,34757.5,65.0,0.0122386377864029,0.022768519000176,26.666666666666668,0.0208091560286527,BEARISH,WEAK_YELLOW,,,,,,,
2025-10-27,6875.1602,1.2290063478899382,0.4451552210724365,-62.21327900370669,90355.0,-40222.0,-2252.0,645.0,45711.0,35352.5,83.33333333333334,0.004832401816084,0.022768519000176,1.6666666666666667,0.0261163427238861,NONE,NO_SIGNAL,,,,,,,
2025-10-28,6890.8901,0.2287932141566528,1.010395396324485,126.9759734346846,53870.0,-54430.0,-4616.0,560.0,71958.0,35590.0,98.33333333333331,0.0049349642215093,0.0211910718956805,3.333333333333333,0.0343498245440616,BEARISH,WEAK_YELLOW,,,,,,,
2025-10-29,6890.5898,-0.0043579275774474,1.1665257478761526,15.452401319287778,24837.0,-28973.0,-3890.0,1405.0,73214.0,35853.5,100.0,0.0237712545469926,0.0211910718956805,78.33333333333333,0.0495397456121082,NONE,NO_SIGNAL,,,,,,,
2025-10-30,6822.3398,-0.9904812502407268,0.8763736263736264,-24.873186213917243,28392.0,-24882.0,-2356.0,3577.0,41959.0,36080.5,68.33333333333333,0.0604151536135929,0.0214262526372034,100.0,0.0245121818415816,BULLISH,NORMAL_GREEN,,,,,,,
2025-10-31,6840.2002,0.2617928822601367,1.0237950554898136,16.821755548053964,31267.0,-32011.0,-2267.0,3537.0,31528.0,36542.0,31.666666666666664,0.0512000231608812,0.0235483595553065,96.66666666666669,0.0189638950958486,BEARISH,STRONG_YELLOW,,,,,,,
2025-11-03,6851.9702,0.1720709870450809,1.0912407772762898,6.587814760856414,37001.0,-40377.0,-833.0,1818.0,21182.0,36048.0,3.333333333333333,0.0227167651726249,0.023804173631247,71.66666666666667,0.0057490081275759,BEARISH,RELIABLE_YELLOW,,,,,,,
2025-11-04,6771.5498,-1.1736828627771922,0.9840726602606292,-9.82075809915659,30388.0,-29904.0,-661.0,1773.0,22898.0,35590.0,8.333333333333332,0.0282657909001052,0.023804173631247,81.66666666666667,-0.0222094801223241,BULLISH,REVERSAL_GREEN_HIGH,REVERSAL_GREEN,HIGH,0,1,0,1,1
2025-11-05,6796.29,0.3653550624407975,0.8530815340743758,-13.311123403383728,34366.0,-29317.0,-2897.0,2002.0,21750.0,35590.0,5.0,0.0291913330028287,0.0242819432091082,83.33333333333334,-0.0205471633499486,NONE,NO_SIGNAL,,,,,,,
2025-11-06,6720.3198,-1.1178186922570998,0.9324244631768828,9.300743942206749,28827.0,-26879.0,-1043.0,1622.0,15099.0,35352.5,1.6666666666666667,0.0277877713248017,0.0254850919415676,78.33333333333333,-0.0237131233874785,NONE,NO_SIGNAL,,,,,,,
2025-11-07,6728.7998,0.1261844711616166,0.6052272283986737,-35.09101784646539,41016.0,-24824.0,-2577.0,3038.0,18617.0,34757.5,3.333333333333333,0.0425162689804772,0.0260185378565484,91.66666666666666,-0.0318742726337152,NONE,NO_SIGNAL,,,,,,,
2025-11-10,6832.4302,1.540102292833856,0.6846610979512114,13.124635810372576,48126.0,-32950.0,-4539.0,1607.0,45254.0,33670.0,81.66666666666667,0.0184242507624223,0.0272148451714519,55.00000000000001,-0.0152143315364655,BEARISH,WEAK_YELLOW,,,,,,,
2025-11-11,6846.6099,0.2075352339494074,0.7161181392066932,4.594541934632224,39682.0,-28417.0,-2763.0,1051.0,49421.0,34757.5,88.33333333333333,0.0146148818711498,0.0272148451714519,38.333333333333336,0.0026388834590873,NONE,NO_SIGNAL,,,,,,,
2025-11-12,6850.9199,0.0629508627328023,1.0304586137514744,43.895058278094126,28826.0,-29704.0,-2951.0,1377.0,48340.0,35352.5,85.0,0.0219065194565528,0.0272148451714519,63.33333333333333,-0.0044870051668542,BEARISH,WEAK_YELLOW,,,,,,,
2025-11-13,6737.4902,-1.6556856839035516,1.6833065202990445,63.35508266273986,21134.0,-35575.0,-703.0,2312.0,25448.0,35590.0,20.0,0.0387114058000133,0.0272148451714519,88.33333333333333,-0.0062553819049222,NONE,NO_SIGNAL,,,,,,,
2025-11-14,6734.1099,-0.0501715015481574,0.8949199474599737,-46.83559193360763,28169.0,-25209.0,-864.0,1805.0,18723.0,35590.0,5.0,0.0322051135654004,0.0272148451714519,85.0,-0.0023048570889256,BULLISH,REVERSAL_GREEN_STANDARD,REVERSAL_GREEN,STANDARD,0,0,0,1,1
2025-11-17,6672.4102,-0.9162265082724664,1.3189792014326998,47.38516055836297,24569.0,-32406.0,-743.0,4072.0,15471.0,35590.0,3.333333333333333,0.0659006311700922,0.0279072762186275,100.0,-0.0320752148718547,NONE,NO_SIGNAL,,,,,,,
2025-11-18,6617.3198,-0.8256446823368235,1.0620821394460362,-19.476960797229943,21987.0,-23352.0,-536.0,1979.0,12420.0,34764.0,0.0,0.0413549546537384,0.0283487376651374,90.0,-0.0413994112257033,BULLISH,REVERSAL_GREEN_STANDARD,REVERSAL_GREEN,STANDARD,0,0,0,0,1
2025-11-19,6642.1602,0.3753846081309131,0.740090916341016,-30.316979369690312,25078.0,-18560.0,-775.0,1867.0,16501.0,33670.0,6.666666666666667,0.0403414001728608,0.028497176425786,88.33333333333333,-0.0351700454625276,NONE,NO_SIGNAL,,,,,,,
2025-11-20,6538.7598,-1.5567284872171627,2.302219732511729,211.0725563142734,14281.0,-32878.0,-440.0,1485.0,15907.0,33339.0,6.666666666666667,0.0302542580066824,0.0296693159239705,75.0,-0.0383263114909213,NONE,NO_SIGNAL,,,,,,,
2025-11-21,6602.9902,0.9823024849452412,1.015085777972376,-55.90838860264159,25123.0,-25502.0,-1067.0,1254.0,9692.0,32395.5,0.0,0.0236845087447588,0.0304665096768608,61.66666666666667,-0.0315758028379388,NONE,NO_SIGNAL,,,,,,,
2025-11-24,6705.1201,1.546721968480269,0.5840662183135024,-42.46139282138609,40593.0,-23709.0,-3030.0,1004.0,35173.0,32162.5,55.00000000000001,0.0146921095762116,0.0304665096768608,31.666666666666664,0.0018984862334634,NONE,NO_SIGNAL,,,,,,,
2025-11-25,6765.8799,0.9061701967127966,0.6248787152729649,6.9876489479753,50501.0,-31557.0,-3919.0,924.0,47782.0,32395.5,83.33333333333334,0.0106327890357993,0.0304665096768608,15.0,0.0201446018365043,BEARISH,WEAK_YELLOW,,,,,,,
2025-11-26,6812.6099,0.6906714380194634,0.983249370277078,57.35043397142541,55580.0,-54649.0,-7154.0,896.0,81456.0,33339.0,100.0,0.0075753092264899,0.0294570642537921,8.333333333333332,0.023135181046948,BEARISH,WEAK_YELLOW,,,,,,,
2025-11-28,6849.0898,0.5354761322822643,0.834242861669542,-15.154498249568803,85209.0,-71085.0,-795.0,429.0,32686.0,34671.0,48.333333333333336,0.0027234982668647,0.0294570642537921,0.0,0.0558760473522315,NONE,NO_SIGNAL,,,,,,,
2025-12-01,6812.6299,-0.5323320479751925,1.22561505065123,46.91345973263088,27640.0,-33876.0,-1847.0,558.0,40940.0,34671.0,63.33333333333333,0.0087295255080489,0.0294570642537921,11.666666666666666,0.0447796491661012,NONE,NO_SIGNAL,,,,,,,
2025-12-02,6829.3701,0.2457230210025196,1.020082481620943,-16.76974910850494,27885.0,-28445.0,-1897.0,950.0,36279.0,35266.0,53.333333333333336,0.0160535343123172,0.0294570642537921,41.66666666666667,0.0266688055182371,NONE,NO_SIGNAL,,,,,,,
2025-12-03,6849.7202,0.2979791650184582,0.6485563645493346,-36.4211839498745,39830.0,-25832.0,-1705.0,1051.0,32771.0,35590.0,45.0,0.0153614545879739,0.0294570642537921,36.66666666666666,0.0230263157894736,NONE,NO_SIGNAL,,,,,,,
2025-12-04,6857.1201,0.1080321499847603,0.8253167314045087,27.254434081145806,27547.0,-22735.0,-1127.0,512.0,27535.0,35266.0,33.33333333333333,0.0098611351861481,0.0294570642537921,15.0,0.013104709196027,BEARISH,RELIABLE_YELLOW,,,,,,,
2025-12-05,6870.3999,0.1936643927237025,1.0195194102955796,23.530684826973093,41241.0,-42046.0,-910.0,1100.0,31622.0,34671.0,41.66666666666667,0.0128961159243584,0.0294570642537921,25.0,0.0093773296190213,BEARISH,RELIABLE_YELLOW,,,,,,,
2025-12-08,6846.5098,-0.3477250283495214,0.9751027182933798,-4.35663034500956,36751.0,-35836.0,-1997.0,753.0,44753.0,33470.0,76.66666666666667,0.0099950887346191,0.0294570642537921,16.666666666666664,0.0104911966459664,NONE,NO_SIGNAL,,,,,,,
2025-12-09,6840.5098,-0.0876358929625675,1.1598955861414333,18.95111811107215,21070.0,-24439.0,-1153.0,1102.0,40646.0,33470.0,66.66666666666666,0.0230717695335399,0.0294570642537921,61.66666666666667,0.0040038280502334,NONE,NO_SIGNAL,,,,,,,
2025-12-10,6886.6802,0.6749555420562325,0.7279386228017555,-37.24102139026561,31673.0,-23056.0,-1880.0,3046.0,37952.0,33470.0,61.66666666666667,0.0510602631799513,0.0294570642537921,95.0,0.0055441878593003,NONE,NO_SIGNAL,,,,,,,
2025-12-11,6901.0,0.2079347317449187,0.534588620548506,-26.561305609677177,46417.0,-24814.0,-4794.0,588.0,30961.0,33470.0,38.333333333333336,0.0076749376737629,0.0294570642537921,8.333333333333332,0.0034343500310838,NONE,NO_SIGNAL,,,,,,,
2025-12-12,6827.4102,-1.066364295029698,1.5125833938833475,182.9434327149325,30278.0,-45798.0,-773.0,839.0,22174.0,32728.5,21.666666666666668,0.0107996086911749,0.0294570642537921,21.666666666666668,-0.0199763960190446,NONE,NO_SIGNAL,,,,,,,
2025-12-15,6816.5098,-0.1596564389818033,1.0939764327014565,-27.67496740177584,27326.0,-29894.0,-737.0,2260.0,21344.0,32597.5,18.33333333333333,0.0375309298038759,0.0294570642537921,81.66666666666667,-0.0228432084870894,BULLISH,REVERSAL_GREEN_HIGH,REVERSAL_GREEN,HIGH,1,1,0,1,1
2025-12-16,6800.2598,-0.2383917939940416,1.0193988914919148,-6.817106747480894,35002.0,-35681.0,-1115.0,2892.0,21410.0,32395.5,20.0,0.0387200428437541,0.0307419718963619,83.33333333333334,-0.0227105012973188,BULLISH,REVERSAL_GREEN_STANDARD,REVERSAL_GREEN,STANDARD,0,0,0,1,1
2025-12-17,6721.4302,-1.1592145347152805,1.221072196508619,19.783551532173107,27439.0,-33505.0,-714.0,3668.0,20717.0,31952.0,16.666666666666664,0.0561491595995468,0.0324189299202584,96.66666666666669,-0.0447947014697145,NONE,NO_SIGNAL,,,,,,,
2025-12-18,6774.7598,0.7934263752378268,1.1097703520352036,-9.115091211777491,29088.0,-32281.0,-1913.0,2730.0,35498.0,31575.0,63.33333333333333,0.0413561170696237,0.033562670224032,86.66666666666667,-0.0278347241070654,NONE,NO_SIGNAL,,,,,,,
2025-12-19,6834.5,0.8818054331608982,0.6684563410237456,-39.766246251049495,77109.0,-51544.0,-2926.0,2187.0,43097.0,31575.0,80.0,0.0163494460475756,0.0356848904071926,38.333333333333336,0.0045060080106809,NONE,NO_SIGNAL,,,,,,,
2025-12-22,6878.4902,0.6436491330748417,0.9072871082601724,35.7287009755425,147164.0,-133520.0,-3415.0,809.0,74305.0,31575.0,98.33333333333331,0.002839513105985,0.033562670224032,1.6666666666666667,0.0139332938622458,BEARISH,WEAK_YELLOW,,,,,,,
2025-12-23,6909.79,0.4550388106971503,0.9235201904374836,1.789189114396228,344470.0,-318125.0,-6800.0,752.0,70437.0,31952.0,93.33333333333331,0.001122141858428,0.033562670224032,0.0,0.0173023677442876,NONE,NO_SIGNAL,,,,,,,
2025-12-24,6932.0498,0.3221487194256189,1.3758048632679345,48.97398860507829,39603.0,-54486.0,-6246.0,1125.0,127487.0,32395.5,100.0,0.0110881135422826,0.033562670224032,23.33333333333333,0.0395906356396065,BEARISH,WEAK_YELLOW,,,,,,,
2025-12-26,6929.9399,-0.0304368846282598,1.2771387165436348,-7.1715218748346965,44162.0,-56401.0,-4031.0,630.0,64344.0,32597.5,90.0,0.0059872272485364,0.033562670224032,8.333333333333332,0.0243547476907541,BULLISH,NORMAL_GREEN,,,,,,,
2025-12-29,6905.7402,-0.349205048661394,1.126703444162815,-11.779086361734304,33535.0,-37784.0,-6854.0,1286.0,83612.0,32597.5,98.33333333333331,0.0161844473250355,0.033562670224032,41.66666666666667,0.0062742491912863,BULLISH,NORMAL_GREEN,,,,,,,
2025-12-30,6896.2402,-0.1375667158750038,1.6544028086264957,46.83569285223781,27914.0,-46181.0,-822.0,1337.0,29615.0,32728.5,40.0,0.0175335064390064,0.033562670224032,48.333333333333336,-0.0003892868265338,NONE,NO_SIGNAL,,,,,,,
2025-12-31,6845.5,-0.7357661352921041,1.133484887295082,-31.48676480813556,31232.0,-35401.0,-590.0,4235.0,12404.0,32597.5,1.6666666666666667,0.059265582579977,0.033562670224032,96.66666666666669,-0.01379243546903,BULLISH,REVERSAL_GREEN_HIGH,REVERSAL_GREEN,HIGH,1,0,0,1,0
2026-01-02,6858.4702,0.18947045504345,0.9814989024772656,-13.40873500135602,35079.0,-34430.0,-1015.0,1171.0,14556.0,32065.5,5.0,0.0163330776204756,0.0356848904071926,40.0,-0.0190221329134101,NONE,NO_SIGNAL,,,,,,,
2026-01-05,6902.0498,0.6354128359411737,1.0211795134567991,4.042858415774209,40983.0,-41851.0,-1905.0,942.0,21852.0,31575.0,30.0,0.0109942694412997,0.0356848904071926,23.33333333333333,-0.0108247073946281,NONE,NO_SIGNAL,,,,,,,
2026-01-06,6944.8198,0.6196709852774429,0.7182749478374096,-29.66222506697436,63743.0,-45785.0,-1683.0,669.0,32185.0,31244.5,53.333333333333336,0.0059796210225241,0.0356848904071926,8.333333333333332,0.0028067790025738,NONE,NO_SIGNAL,,,,,,,
2026-01-07,6920.9302,-0.3439916468387038,1.3697623365467213,90.7016722037734,31431.0,-43053.0,-2476.0,1045.0,33385.0,31575.0,58.333333333333336,0.0133965771424908,0.0356848904071926,30.0,0.0061044473868683,NONE,NO_SIGNAL,,,,,,,
2026-01-08,6921.46,0.0076550403586006,0.888575192923019,-35.12924328440895,26565.0,-23605.0,-2240.0,2465.0,25748.0,31903.5,38.333333333333336,0.0449202733485193,0.0356848904071926,90.0,0.0089274314728788,BULLISH,NORMAL_GREEN,,,,,,,
2026-01-09,6966.2798,0.6475483496256595,0.8310116869318852,-6.4781806255220005,50826.0,-42237.0,-2800.0,778.0,28400.0,31903.5,41.66666666666667,0.008050413385623,0.0378260488029103,15.0,0.0215674302259163,NONE,NO_SIGNAL,,,,,,,
2026-01-12,6977.27,0.1577628277290799,1.012308647083161,21.816415220419884,38672.0,-39148.0,-2293.0,2232.0,30329.0,31903.5,45.0,0.0271054708846924,0.0356848904071926,65.0,0.0142847372175052,BEARISH,RELIABLE_YELLOW,,,,,,,
2026-01-13,6963.7402,-0.1939125187931711,1.3183740370431076,30.234394504268547,30505.0,-40217.0,-1688.0,1226.0,34388.0,31903.5,58.333333333333336,0.0166494649356293,0.0356848904071926,46.66666666666666,0.0034962325914733,NONE,NO_SIGNAL,,,,,,,
2026-01-14,6926.6001,-0.5333355198977818,1.0830351204990971,-17.85069410740492,31577.0,-34199.0,-1328.0,2164.0,25580.0,32347.0,33.33333333333333,0.031240977074551,0.0335365676250193,73.33333333333333,-0.0076640958399055,BULLISH,REVERSAL_GREEN_HIGH,REVERSAL_GREEN,HIGH,0,0,1,1,1
2026-01-15,6944.4702,0.2579923734878253,1.3418119068162209,23.893665257860786,28975.0,-38879.0,-1543.0,4092.0,33586.0,32347.0,56.66666666666666,0.0556818027187742,0.0335365676250193,93.33333333333331,0.0014212012070475,BEARISH,MIXED_YELLOW,,,,,,,
2026-01-16,6940.0098,-0.0642295217855526,3.43256104220298,155.8153661303823,12819.0,-44002.0,-674.0,2674.0,18658.0,32347.0,15.0,0.0444414898037195,0.0378260488029103,86.66666666666667,-0.0095727451509658,BEARISH,STRONG_YELLOW,,,,,,,
2026-01-20,6796.8599,-2.06267576163941,1.209920468815404,-64.75166926561369,33446.0,-40467.0,-855.0,4174.0,13656.0,31903.5,5.0,0.0528742621164905,0.0387135650609485,91.66666666666666,-0.0312015335857199,BULLISH,REVERSAL_GREEN_STANDARD,REVERSAL_GREEN,STANDARD,0,0,0,0,1
2026-01-21,6875.6201,1.1587733329621708,0.568785510635243,-52.989843109925786,48753.0,-27730.0,-993.0,6110.0,14793.0,31903.5,8.333333333333332,0.0730983657550307,0.0387135650609485,100.0,-0.0166964242628963,NONE,NO_SIGNAL,,,,,,,
2026-01-22,6913.3501,0.5487505046999352,1.205382388008857,111.92213329461164,29355.0,-35384.0,-1282.0,1204.0,27279.0,31575.0,40.0,0.0179100037188545,0.0391253821760308,48.333333333333336,0.0009849142344486,BEARISH,RELIABLE_YELLOW,,,,,,,
2026-01-23,6915.6099,0.032687480994209,1.3576825240138195,12.63500591347977,26339.0,-35760.0,-1242.0,998.0,17125.0,31244.5,16.666666666666664,0.0155115870622794,0.0391253821760308,36.66666666666666,0.0006318286091995,BEARISH,RELIABLE_YELLOW,,,,,,,
2026-01-26,6950.23,0.5006080519376788,1.0722534218267572,-21.02325817255325,41133.0,-44105.0,-1262.0,2007.0,20435.0,30645.0,23.33333333333333,0.0226761725061294,0.0391253821760308,51.66666666666667,0.0062391107563826,NONE,NO_SIGNAL,,,,,,,
2026-01-27,6978.6001,0.4081893692726712,0.926857465106443,-13.55985010265658,35465.0,-32871.0,-3334.0,1188.0,48653.0,29972.0,86.66666666666667,0.0163056905212879,0.0391253821760308,38.333333333333336,0.037128368300686,NONE,NO_SIGNAL,,,,,,,
2026-01-28,6978.0298,-0.0081721260973166,0.7020384277772359,-24.25605293079106,30759.0,-21594.0,-4480.0,1539.0,69241.0,29972.0,91.66666666666666,0.0263653806619612,0.0391253821760308,58.333333333333336,0.0266182460617361,BULLISH,NORMAL_GREEN,,,,,,,
2026-01-29,6969.0098,-0.129262847229461,0.6819046983003306,-2.867895642216034,29947.0,-20421.0,-12530.0,11351.0,41106.0,29972.0,76.66666666666667,0.1528774798313782,0.0387135650609485,100.0,0.0128399968825501,NONE,NO_SIGNAL,,,,,,,
2026-01-30,6939.0298,-0.4301902402260915,1.3342799188640977,95.66955942521484,22185.0,-29601.0,-1872.0,3002.0,24903.0,29972.0,38.333333333333336,0.0529827038475114,0.0387135650609485,90.0,-0.002302289661068,NONE,NO_SIGNAL,,,,,,,
2026-02-02,6976.4399,0.5391258011314459,0.7859115148704762,-41.09845289888344,47443.0,-37286.0,-2398.0,1753.0,22993.0,29972.0,36.66666666666666,0.0197232223222322,0.0391253821760308,50.0,0.0004449603404914,NONE,NO_SIGNAL,,,,,,,
2026-02-03,6917.8101,-0.8403971200268034,1.3656323657615188,73.76413755517817,30971.0,-42295.0,-1411.0,3274.0,24288.0,29972.0,36.66666666666666,0.0420007440571641,0.0391253821760308,80.0,-0.0241793219818989,NONE,NO_SIGNAL,,,,,,,
2026-02-04,6882.7202,-0.507240000704845,0.6605212003401774,-51.63257572825244,32924.0,-21747.0,-1229.0,3054.0,18507.0,29972.0,18.33333333333333,0.0518031007225972,0.0405947887930802,86.66666666666667,-0.0441504058433798,BULLISH,REVERSAL_GREEN_STANDARD,REVERSAL_GREEN,STANDARD,0,0,0,1,1
2026-02-05,6798.3999,-1.2251013777953568,0.8348926993843693,26.39907681303617,28751.0,-24004.0,-726.0,4653.0,11832.0,29972.0,1.6666666666666667,0.0800392197337186,0.0413552452577097,98.33333333333331,-0.0520650982051824,NONE,NO_SIGNAL,,,,,,,
2026-02-06,6932.2998,1.9695796359375568,0.5497366211161158,-34.15481755661788,52396.0,-28804.0,-1563.0,3404.0,19133.0,29972.0,23.33333333333333,0.0395046827671846,0.0413552452577097,71.66666666666667,-0.0206028976476085,NONE,NO_SIGNAL,,,,,,,
2026-02-09,6964.8198,0.4691083902632176,0.7833675564681725,42.49870326588794,42856.0,-33572.0,-2423.0,1325.0,37222.0,29007.5,71.66666666666667,0.0165261424865296,0.0413552452577097,43.333333333333336,-0.0200626534913852,BEARISH,WEAK_YELLOW,,,,,,,
2026-02-10,6941.8101,-0.3303703564591975,1.373602751504729,75.34588204005324,23260.0,-31950.0,-2255.0,1701.0,32657.0,29007.5,58.333333333333336,0.0287496197140249,0.0413552452577097,60.0,-0.0088817276139199,NONE,NO_SIGNAL,,,,,,,
2026-02-11,6941.4702,-0.0048964174344079,0.7882603705525496,-42.613658156330814,30495.0,-24038.0,-1935.0,1765.0,36276.0,29007.5,71.66666666666667,0.0303092748098157,0.0413552452577097,61.66666666666667,0.0113423819001989,BULLISH,NORMAL_GREEN,,,,,,,
2026-02-12,6832.7598,-1.5661005070654932,1.9592579898894693,148.55467344071624,23342.0,-45733.0,-685.0,4073.0,17000.0,29972.0,16.666666666666664,0.0551650346051223,0.0413552452577097,88.33333333333333,0.0050835591001796,NONE,NO_SIGNAL,,,,,,,
2026-02-13,6836.1699,0.0499080913103355,1.2537970314118052,-36.00653727677091,23176.0,-29058.0,-819.0,3337.0,14821.0,29972.0,11.666666666666666,0.0591771590707572,0.0415172738165088,91.66666666666666,-0.0137093887938919,BULLISH,REVERSAL_GREEN_WEAK,REVERSAL_GREEN,WEAK,0,0,0,0,0
2026-02-17,6843.2202,0.1031323109742965,0.7945866613982107,-36.62557483458968,35431.0,-28153.0,-1015.0,5303.0,12328.0,29972.0,3.333333333333333,0.0758633515493119,0.0415172738165088,96.66666666666669,-0.0221408767550393,NONE,NO_SIGNAL,,,,,,,
2026-02-18,6881.3101,0.5566078379298567,1.0122664786746562,27.39535255895196,28370.0,-28718.0,-1199.0,1869.0,17179.0,29972.0,20.0,0.0310692200279273,0.0426109304938029,63.33333333333333,-0.0103887864549259,BEARISH,RELIABLE_YELLOW,,,,,,,
2026-02-19,6861.8901,-0.282213702300671,0.8221796429572857,-18.77833947106972,21398.0,-17593.0,-346.0,1211.0,14088.0,29972.0,8.333333333333332,0.0298658380191378,0.0426109304938029,60.0,-0.0164073857960895,BULLISH,REVERSAL_GREEN_WEAK,REVERSAL_GREEN,WEAK,0,0,0,0,0
2026-02-20,6909.5098,0.6939735161307858,0.8092035825216368,-1.5782512431195106,33161.0,-26834.0,-962.0,1563.0,18994.0,29972.0,23.33333333333333,0.025,0.0426109304938029,55.00000000000001,0.0125689018111332,NONE,NO_SIGNAL,,,,,,,
2026-02-23,6837.75,-1.0385657170643214,1.1660329531051965,44.0963656477656,28404.0,-33120.0,-1269.0,4480.0,16806.0,29972.0,13.333333333333334,0.0665943246176029,0.0426109304938029,93.33333333333331,-0.001370843371065,NONE,NO_SIGNAL,,,,,,,
2026-02-24,6890.0698,0.7651610544404219,0.6176410932508494,-47.03056276359564,39442.0,-24361.0,-1349.0,2427.0,19092.0,29007.5,25.0,0.0359135234318353,0.0445611856899194,65.0,0.010221275994632,NONE,NO_SIGNAL,,,,,,,
2026-02-25,6946.1299,0.8136361695493921,0.4489390578966533,-27.31392667969377,60418.0,-27124.0,-3847.0,2168.0,42260.0,27967.5,83.33333333333334,0.023173038896074,0.0445611856899194,50.0,0.0171090854452571,NONE,NO_SIGNAL,,,,,,,
2026-02-26,6908.8599,-0.5365577744234185,1.0431261548138535,132.3536204893947,25437.0,-26534.0,-2450.0,3482.0,31249.0,27967.5,56.66666666666666,0.0601350534514619,0.0445611856899194,91.66666666666666,0.0088382568825788,NONE,NO_SIGNAL,,,,,,,
2026-02-27,6878.8799,-0.4339355614954687,0.9940525911323466,-4.70447063905366,29929.0,-29751.0,-680.0,2998.0,19535.0,27967.5,28.33333333333333,0.0473184128286877,0.0464552708063773,75.0,-0.0030309374968843,NONE,NO_SIGNAL,,,,,,,
2026-03-02,6881.6201,0.0398349737142478,0.8208382445656643,-17.425068664563316,36481.0,-29945.0,-812.0,2228.0,12900.0,27407.0,5.0,0.032073244464918,0.0482538754165036,60.0,0.0102853451495361,NONE,NO_SIGNAL,,,,,,,
2026-03-03,6816.6299,-0.9444026124022732,0.789737998480193,-3.788839797776189,30267.0,-23903.0,-1388.0,5379.0,19364.0,26513.5,30.0,0.0882714935096903,0.0482538754165036,98.33333333333331,-0.01089692369157,NONE,NO_SIGNAL,,,,,,,
2026-03-04,6869.5,0.7756046723322862,0.7551768428307384,-4.376281211739286,31921.0,-24106.0,-1262.0,1954.0,16133.0,25664.0,15.0,0.0329827996556555,0.0512459725656128,58.333333333333336,-0.0104197443321711,NONE,NO_SIGNAL,,,,,,,
2026-03-05,6830.71,-0.5646699177523806,1.004349029375717,32.995210182951354,25293.0,-25403.0,-1275.0,2461.0,18697.0,25241.5,26.666666666666668,0.0452123750734861,0.0512459725656128,71.66666666666667,-0.0014152870939769,NONE,NO_SIGNAL,,,,,,,
2026-03-06,6740.02,-1.3276804314631965,1.213832678948958,20.857654405605608,19866.0,-24114.0,-713.0,3532.0,12681.0,24595.5,5.0,0.0732400207361327,0.0512459725656128,93.33333333333331,-0.0132506625331266,NONE,NO_SIGNAL,,,,,,,
2026-03-09,6795.9902,0.8304159334838745,0.5646309908177051,-53.4836225280562,43671.0,-24658.0,-1255.0,3694.0,20513.0,23640.5,40.0,0.0504107644859302,0.0520708910710706,71.66666666666667,-0.0012388602485713,NONE,NO_SIGNAL,,,,,,,
2026-03-10,6781.48,-0.2135111966465208,0.9236755705078836,63.58924421952224,24671.0,-22788.0,-2975.0,1200.0,18203.0,22583.5,25.0,0.0232405004454429,0.0520708910710706,36.66666666666666,0.0092599137626352,NONE,NO_SIGNAL,,,,,,,
2026-03-11,6775.7998,-0.0837604770639988,1.0007653520619484,8.345980343691096,22212.0,-22229.0,-757.0,1752.0,16903.0,22013.0,20.0,0.0373162939297124,0.0520708910710706,56.66666666666666,-0.0054140127388535,NONE,NO_SIGNAL,,,,,,,
2026-03-12,6672.6201,-1.522767836204364,1.4136685585627844,41.25874318591287,21319.0,-30138.0,-786.0,3042.0,12618.0,21631.0,5.0,0.0550239667179162,0.0520708910710706,78.33333333333333,-0.0195277724841776,NONE,NO_SIGNAL,,,,,,,
2026-03-13,6632.1899,-0.6059119115742861,1.342498717898142,-5.034407834393495,25349.0,-34031.0,-580.0,3128.0,10331.0,21377.0,0.0,0.0495815369008369,0.0529013725492458,70.0,-0.0109048488112042,BULLISH,REVERSAL_GREEN_WEAK,REVERSAL_GREEN,WEAK,0,0,0,0,0
2026-03-16,6699.3799,1.0130892060252972,0.9781476219470944,-27.13977235832949,29562.0,-28916.0,-541.0,3624.0,9381.0,21063.5,0.0,0.0578516354580719,0.0529013725492458,83.33333333333334,-0.0128181767280157,NONE,NO_SIGNAL,,,,,,,
2026-03-17,6716.0898,0.2494245773403625,1.157045132226579,18.289418311253726,23974.0,-27739.0,-1887.0,2375.0,15044.0,20615.0,21.666666666666668,0.0424296560964716,0.0534930195651126,60.0,-0.0076112095349311,BEARISH,RELIABLE_YELLOW,,,,,,,
2026-03-18,6624.7002,-1.3607560756558,1.9700722394220849,70.26753620500037,22287.0,-43907.0,-579.0,3407.0,11490.0,20474.0,3.333333333333333,0.0485465944713593,0.0529013725492458,68.33333333333333,-0.0217482743248481,NONE,NO_SIGNAL,,,,,,,
2026-03-19,6606.4902,-0.2748803636427155,0.6738392700032679,-65.79621515803214,39781.0,-26806.0,-574.0,5688.0,11077.0,19985.0,3.333333333333333,0.0780793147469423,0.0529013725492458,95.0,-0.007902545366464,BULLISH,REVERSAL_GREEN_WEAK,REVERSAL_GREEN,WEAK,0,0,0,0,0
2026-03-20,6506.48,-1.5138174275956762,1.5633739456419868,132.00991916579824,26675.0,-41703.0,-593.0,5481.0,6598.0,19449.5,0.0,0.0736179014667168,0.0534930195651126,91.66666666666666,-0.0201145922223577,NONE,NO_SIGNAL,,,,,,,
2026-03-23,6581.0,1.145319742779516,0.9969542001955328,-36.23059902113555,26594.0,-26513.0,-429.0,3139.0,7977.0,19248.5,1.6666666666666667,0.0553859726510807,0.0550592336897177,76.66666666666667,-0.0195201832465992,NONE,NO_SIGNAL,,,,,,,
2026-03-24,6556.3701,-0.3742577115939838,0.5997107817236297,-39.84570388428994,35959.0,-21565.0,-525.0,1458.0,10050.0,19112.5,5.0,0.0245013191725343,0.0552202691166119,30.0,-0.0316370288181845,BULLISH,REVERSAL_GREEN_WEAK,REVERSAL_GREEN,WEAK,0,0,0,0,0
2026-03-25,6591.8999,0.5419126659735207,0.8691338160364709,44.9254945089518,26103.0,-22687.0,-792.0,2106.0,12979.0,19043.0,21.666666666666668,0.0407444668008048,0.0552202691166119,51.66666666666667,-0.0113380524511692,BEARISH,RELIABLE_YELLOW,,,,,,,
2026-03-26,6477.1602,-1.7406165406122165,1.510307226997771,73.77154117478216,25128.0,-37951.0,-851.0,2775.0,9528.0,18845.5,5.0,0.0416010793793568,0.0552202691166119,51.66666666666667,-0.0320654330155952,NONE,NO_SIGNAL,,,,,,,
2026-03-27,6368.8501,-1.672184980078162,1.2476074274602509,-17.393798747803256,26227.0,-32721.0,-747.0,4645.0,7050.0,18677.5,1.6666666666666667,0.072194591234069,0.0552202691166119,86.66666666666667,-0.0333934643775399,BULLISH,REVERSAL_GREEN_HIGH,REVERSAL_GREEN,HIGH,0,0,1,0,0
2026-03-30,6343.7202,-0.3945751525852303,0.840030648731483,-32.66867203239324,35238.0,-29601.0,-683.0,6442.0,6650.0,18582.5,1.6666666666666667,0.0895169807125785,0.0554599301680041,98.33333333333331,-0.0517649469747425,BULLISH,REVERSAL_GREEN_WEAK,REVERSAL_GREEN,WEAK,0,0,0,0,0
2026-03-31,6528.52,2.913113980027071,0.5440663867543373,-35.232555195941565,50492.0,-27471.0,-553.0,1961.0,7834.0,18582.5,5.0,0.0243672105073499,0.0554599301680041,23.33333333333333,-0.0127585779759693,NONE,NO_SIGNAL,,,,,,,
2026-04-01,6575.3198,0.7168515988309698,1.244631153256171,128.76457424269438,28684.0,-35701.0,-2938.0,1104.0,30932.0,18582.5,80.0,0.0161339822000087,0.0554599301680041,8.333333333333332,-0.0070367634990973,BEARISH,WEAK_YELLOW,,,,,,,
2026-04-02,6582.6899,0.1120873238743547,0.8575295569443891,-31.10171196495096,25121.0,-21542.0,-1725.0,615.0,14987.0,18582.5,35.0,0.0125502520253862,0.0554599301680041,3.333333333333333,0.0182454517746224,NONE,NO_SIGNAL,,,,,,,
2026-04-06,6611.8301,0.4426792153766845,0.8688193743693239,1.3165514043811388,29730.0,-25830.0,-3047.0,1720.0,23048.0,18355.0,68.33333333333333,0.0285112801896331,0.0554599301680041,30.0,0.0452619724352443,NONE,NO_SIGNAL,,,,,,,
2026-04-07,6616.8501,0.0759245159672072,0.497741873926595,-42.71054621820491,31442.0,-15650.0,-1708.0,791.0,21856.0,18355.0,66.66666666666666,0.0159504748845556,0.0554599301680041,5.0,0.0533157559188701,BULLISH,NORMAL_GREEN,,,,,,,
2026-04-08,6782.8101,2.5081420538754617,1.0963277264231954,120.26029632075468,39594.0,-43408.0,-4686.0,926.0,57344.0,18355.0,98.33333333333331,0.0104498160561536,0.0554599301680041,1.6666666666666667,0.0489230447511501,BEARISH,WEAK_YELLOW,,,,,,,
2026-04-09,6824.6602,0.6170023837170469,0.8470162224797219,-22.740600090162854,34520.0,-29239.0,-8193.0,500.0,53238.0,18355.0,96.66666666666669,0.0069011207420085,0.0554599301680041,0.0,0.0433152207599016,NONE,NO_SIGNAL,,,,,,,
2026-04-10,6816.8901,-0.113853287523391,1.3495491448191763,59.3297871991449,31163.0,-42056.0,-2058.0,501.0,47514.0,18355.0,93.33333333333331,0.0066114175618253,0.0554599301680041,0.0,0.0439086320613524,NONE,NO_SIGNAL,,,,,,,
2026-04-13,6886.2402,1.017327534736112,0.5115470800749988,-62.094964674773664,65601.0,-33558.0,-1929.0,677.0,40656.0,18355.0,88.33333333333333,0.0066525819289539,0.0554599301680041,1.6666666666666667,0.0482068647067877,NONE,NO_SIGNAL,,,,,,,
2026-04-14,6967.3799,1.1782873911368783,0.8108905155616409,58.51727966910785,56967.0,-46194.0,-10873.0,781.0,77340.0,18355.0,100.0,0.0068022470931498,0.0554599301680041,3.333333333333333,0.0669593852908891,BEARISH,WEAK_YELLOW,,,,,,,
2026-04-15,7022.9502,0.7975781541638138,0.7740598571625197,-4.542001379016192,65389.0,-50615.0,-3534.0,1091.0,60617.0,18355.0,96.66666666666669,0.0090442596722181,0.0552202691166119,6.666666666666667,0.0512166189854363,NONE,NO_SIGNAL,,,,,,,
2026-04-16,7041.2798,0.2609957279776864,1.124967983197582,45.333461332227,39042.0,-43921.0,-3876.0,1305.0,69695.0,18355.0,98.33333333333331,0.0148053185696133,0.0552202691166119,11.666666666666666,0.0489430169810387,BEARISH,WEAK_YELLOW,,,,,,,
2026-04-17,7126.0601,1.2040467416164713,1.0937308039747065,-2.776717176793586,55350.0,-60538.0,-8716.0,1238.0,72981.0,18602.0,98.33333333333331,0.0098377330303078,0.0552202691166119,8.333333333333332,0.0610261328692762,NONE,NO_SIGNAL,,,,,,,
2026-04-20,7109.1401,-0.2374383567155136,0.9369849118803094,-14.331304515221644,31548.0,-29560.0,-3251.0,1142.0,54576.0,18845.5,90.0,0.0174348483229263,0.0550592336897177,23.33333333333333,0.0472820181492465,BULLISH,NORMAL_GREEN,,,,,,,
2026-04-21,7064.0098,-0.6348207992131094,1.2875426927916591,37.413385900511706,27815.0,-35813.0,-3813.0,1821.0,56846.0,18845.5,90.0,0.0262914729577546,0.0550592336897177,36.66666666666666,0.0246336679358485,NONE,NO_SIGNAL,,,,,,,
2026-04-22,7137.8999,1.0460078920049076,0.7967944707599726,-38.11510288390071,33567.0,-26746.0,-4188.0,2969.0,61941.0,19043.0,93.33333333333331,0.0440047428486734,0.0550592336897177,61.66666666666667,0.0271390234882464,NONE,NO_SIGNAL,,,,,,,
2026-04-23,7108.3999,-0.4132868268438505,1.7212050192861676,116.01618515807522,20481.0,-35252.0,-3733.0,573.0,51121.0,19043.0,83.33333333333334,0.009543796532254,0.0550592336897177,8.333333333333332,0.0166890067775491,NONE,NO_SIGNAL,,,,,,,
2026-04-24,7165.0801,0.79736932076655,0.946822563871947,-44.99071561709592,35579.0,-33687.0,-4300.0,1095.0,39168.0,19043.0,75.0,0.0146662916382046,0.0550592336897177,15.0,0.0226076097997371,NONE,NO_SIGNAL,,,,,,,
2026-04-27,7173.9102,0.1232379802704519,1.0890883977900552,15.025606628587806,27512.0,-29963.0,-1716.0,1405.0,46563.0,19043.0,81.66666666666667,0.023186348933923,0.0550592336897177,28.33333333333333,0.0261256461306935,BEARISH,WEAK_YELLOW,,,,,,,
2026-04-28,7138.7998,-0.4894178909571556,0.8667932043064285,-20.411124931153545,32138.0,-27857.0,-1115.0,2131.0,37956.0,19043.0,75.0,0.0336964943628342,0.0534930195651126,50.0,0.0198093200457933,BULLISH,NORMAL_GREEN,,,,,,,
2026-04-29,7135.9502,-0.0399170740157162,1.660835876966424,91.60693331639062,17036.0,-28294.0,-1208.0,1007.0,34879.0,19043.0,70.0,0.0211799347986118,0.052608317221427,26.666666666666668,0.0094997184242837,BEARISH,WEAK_YELLOW,,,,,,,
2026-04-30,7209.0098,1.023824409536922,0.5563552536646312,-66.50149112380484,56827.0,-31616.0,-1798.0,895.0,27143.0,19043.0,63.33333333333333,0.0098204880617977,0.052608317221427,10.0,0.0241769260765416,NONE,NO_SIGNAL,,,,,,,
2026-05-01,7230.1201,0.2928321723185911,1.553262706356428,179.1854118614522,30772.0,-47797.0,-2101.0,847.0,36157.0,19043.0,70.0,0.0103904706993633,0.052608317221427,13.333333333333334,0.0146990477058366,BEARISH,WEAK_YELLOW,,,,,,,
2026-05-07,7337.1099,1.4797790150124834,0.7028033289531318,-54.75309320972912,50226.0,-35299.0,-3541.0,373.0,57794.0,19112.5,91.66666666666666,0.0041704401882847,0.0515640650439267,0.0,0.0401142235518086,NONE,NO_SIGNAL,,,,,,,
2026-05-11,7412.8398,1.0321489119305527,1.0248170154137604,45.81846345837426,58065.0,-59506.0,-3258.0,1477.0,39693.0,19248.5,75.0,0.0120762677219433,0.0497888437971102,18.33333333333333,0.0593682505399568,BEARISH,WEAK_YELLOW,,,,,,,
2026-05-12,7400.96,-0.1602597698118324,0.730204887418632,-28.74777873161888,37484.0,-27371.0,-1943.0,1705.0,45436.0,19449.5,78.33333333333333,0.0248894209012743,0.0497888437971102,41.66666666666667,0.0369284356062626,BULLISH,NORMAL_GREEN,,,,,,,
2026-05-13,7444.25,0.5849241179522569,0.7537274696164241,3.221367400175512,55869.0,-42110.0,-3059.0,1649.0,51817.0,19449.5,83.33333333333334,0.0160585078929173,0.0497888437971102,26.666666666666668,0.0266716590764624,NONE,NO_SIGNAL,,,,,,,
2026-05-14,7501.2402,0.7655599959700554,1.0820381132585484,43.55826965006373,44394.0,-48036.0,-5428.0,1047.0,53421.0,19449.5,85.0,0.0105859157777665,0.0497888437971102,18.33333333333333,0.0349675338824246,BEARISH,WEAK_YELLOW,,,,,,,
2026-05-15,7408.5,-1.2363315602132108,1.8185574175612016,68.06777832294944,25898.0,-47097.0,-1022.0,1939.0,37221.0,19449.5,65.0,0.0255279372268155,0.0497888437971102,46.66666666666666,-0.0036980546869008,NONE,NO_SIGNAL,,,,,,,
2026-05-18,7403.0498,-0.0735668488897944,1.2732756952061424,-29.98430058294864,30998.0,-39469.0,-1111.0,3106.0,31051.0,20024.0,58.333333333333336,0.0415885597986181,0.0488053300787287,65.0,-0.011230323572636,BULLISH,REVERSAL_GREEN_HIGH,REVERSAL_GREEN,HIGH,0,1,0,1,1
2026-05-19,7353.6099,-0.6678315199230345,1.1470709803479502,-9.911813704867722,26613.0,-30527.0,-1366.0,3530.0,36825.0,21184.5,63.33333333333333,0.0569024437423431,0.0476254582393556,83.33333333333334,-0.0085776962758573,BULLISH,REVERSAL_GREEN_STANDARD,REVERSAL_GREEN,STANDARD,0,0,0,1,1
2026-05-20,7432.9702,1.079201930469531,0.961936509167022,-16.139757203583848,25799.0,-24817.0,-2583.0,2321.0,46680.0,22452.0,76.66666666666667,0.0418047550432276,0.0476254582393556,68.33333333333333,-0.0027055909892793,NONE,NO_SIGNAL,,,,,,,
2026-05-21,7445.7202,0.1715330434124418,0.7711855339182538,-19.8298924545391,37384.0,-28830.0,-1451.0,1348.0,32948.0,25095.5,56.66666666666666,0.0195325518380594,0.0476254582393556,33.33333333333333,-0.008101257294921,NONE,NO_SIGNAL,,,,,,,
2026-05-22,7473.4702,0.3726973248336707,0.4607530833945928,-40.253925530268965,61215.0,-28205.0,-4370.0,671.0,37927.0,29037.5,63.33333333333333,0.0071034606874794,0.0476254582393556,8.333333333333332,0.0109899508231772,NONE,NO_SIGNAL,,,,,,,
2026-05-26,7519.1201,0.6108260122586806,1.363423250899726,195.9119103131598,30287.0,-41294.0,-7140.0,1591.0,57412.0,30991.5,90.0,0.0198102400637513,0.0476254582393556,36.66666666666666,0.033704196915675,BEARISH,WEAK_YELLOW,,,,,,,
2026-05-27,7520.3599,0.0164886314290901,0.6616385126018673,-51.47225836399294,37058.0,-24519.0,-1657.0,1387.0,41478.0,31150.0,68.33333333333333,0.0214636109004812,0.0457388845122865,40.0,0.0388341962194354,BULLISH,NORMAL_GREEN,,,,,,,
2026-05-28,7563.6299,0.5753713994459231,0.8028229255774166,21.338602618572967,49098.0,-39417.0,-2888.0,1504.0,41985.0,32098.5,68.33333333333333,0.0161882312419946,0.0457388845122865,33.33333333333333,0.030956329463792,BEARISH,WEAK_YELLOW,,,,,,,
2026-05-29,7580.0601,0.2172263875576341,1.1374994027996752,41.68745891026322,41862.0,-47618.0,-3903.0,956.0,33893.0,32098.5,51.66666666666667,0.0101336668822014,0.0457388845122865,16.666666666666664,0.0323046228297321,BEARISH,WEAK_YELLOW,,,,,,,
2026-06-01,7599.96,0.2625295807351158,1.1406382104983452,0.2759392832158536,41397.0,-47219.0,-2989.0,1006.0,39473.0,33420.5,63.33333333333333,0.0108626405070671,0.0443066509048766,23.33333333333333,0.034481008374926,NONE,NO_SIGNAL,,,,,,,
2026-06-02,7609.7798,0.1292085747819804,0.8791537086465705,-22.9244031494905,40837.0,-35902.0,-2039.0,508.0,39492.0,34386.0,63.33333333333333,0.0064071841182554,0.0428234277845221,1.6666666666666667,0.0208696953074352,NONE,NO_SIGNAL,,,,,,,
2026-06-03,7553.6802,-0.7372039858498991,2.4083837913367487,173.94342623480256,21470.0,-51708.0,-1968.0,4007.0,37086.0,35518.0,53.333333333333336,0.050623476052708,0.0428234277845221,83.33333333333334,0.019577335884849,NONE,NO_SIGNAL,,,,,,,
2026-06-04,7584.3101,0.4054963830742997,1.1740287911654506,-51.2524210057975,30426.0,-35721.0,-1980.0,1335.0,31625.0,36491.0,43.333333333333336,0.0192191414010538,0.0428234277845221,41.66666666666667,0.0059063724479273,NONE,NO_SIGNAL,,,,,,,
2026-06-05,7383.7402,-2.644537174185424,2.653867321451251,126.04789093943552,23621.0,-62687.0,-1231.0,4101.0,15605.0,36491.0,26.666666666666668,0.0447512003491924,0.0428234277845221,76.66666666666667,-0.0454478164322724,NONE,NO_SIGNAL,,,,,,,
2026-06-08,7405.73,0.2978138369494454,1.4824926090169992,-44.138405223426645,21648.0,-32093.0,-2108.0,2093.0,18907.0,36491.0,31.666666666666664,0.0361223292257775,0.0428234277845221,65.0,-0.036586363115974,NONE,NO_SIGNAL,,,,,,,
2026-06-09,7386.6499,-0.2576396925083601,1.175137362637363,-20.73232908617572,27664.0,-32509.0,-1445.0,6584.0,25735.0,36491.0,36.66666666666666,0.0965367584528313,0.0419609803065386,100.0,-0.0518444341320046,BULLISH,REVERSAL_GREEN_HIGH,REVERSAL_GREEN,HIGH,0,1,0,1,1
2026-06-10,7266.9902,-1.619945464045891,1.535205848403232,30.64054443454738,15594.0,-23940.0,-1247.0,5094.0,15511.0,36491.0,25.0,0.1110408719346049,0.0419609803065386,100.0,-0.068865622679386,NONE,NO_SIGNAL,,,,,,,
2026-06-11,7394.2998,1.7518889732368148,0.6016145521204216,-60.81212478794546,28367.0,-17066.0,-602.0,2933.0,20100.0,36491.0,31.666666666666664,0.0598962587812448,0.0428234277845221,90.0,-0.0338235820151706,NONE,NO_SIGNAL,,,,,,,
2026-06-12,7431.46,0.5025519792962729,1.0095627227679735,67.80889345341092,23006.0,-23226.0,-770.0,1149.0,16219.0,36491.0,28.33333333333333,0.0238624327635978,0.0441913572238032,51.66666666666667,0.0219254503898196,BEARISH,RELIABLE_YELLOW,,,,,,,
2026-06-15,7554.29,1.6528380695045142,1.206828963440616,19.53977065751662,35203.0,-42484.0,-5183.0,2065.0,50863.0,36491.0,76.66666666666667,0.024312709719197,0.0428234277845221,53.333333333333336,0.0380322633163787,BEARISH,WEAK_YELLOW,,,,,,,
2026-06-16,7511.3501,-0.5684174157995048,2.027567712523465,68.00787633924188,18645.0,-37804.0,-1821.0,1200.0,38520.0,36955.5,56.66666666666666,0.0201782411299815,0.0419609803065386,46.66666666666666,0.0309331060239472,NONE,NO_SIGNAL,,,,,,,
2026-06-17,7420.1001,-1.214828210443819,1.2758365344564262,-37.07551532922424,21607.0,-27567.0,-848.0,3137.0,22759.0,37153.5,30.0,0.0590116443123459,0.0416519982953245,88.33333333333333,0.0412845918203443,BULLISH,NORMAL_GREEN,,,,,,,
2026-06-18,7500.5801,1.0846214864405956,1.527839983713355,19.752017006182964,19648.0,-30019.0,-1211.0,3872.0,23857.0,37153.5,31.666666666666664,0.0707214611872146,0.0416519982953245,90.0,0.0319405569424482,BEARISH,STRONG_YELLOW,,,,,,,
2026-06-22,7472.79,-0.3705060092618728,1.291068404388484,-15.497145110013877,27162.0,-35068.0,-1446.0,1104.0,21123.0,37153.5,25.0,0.0170422970052485,0.0416519982953245,40.0,0.0237620125072013,BULLISH,NORMAL_GREEN,,,,,,,
2026-06-23,7365.46,-1.4362774813690748,1.0431671834009062,-19.201246049003608,25158.0,-26244.0,-646.0,4093.0,15135.0,37153.5,15.0,0.0729057195276179,0.0415916896938028,93.33333333333331,-0.0395980273866111,BULLISH,REVERSAL_GREEN_STANDARD,REVERSAL_GREEN,STANDARD,0,0,0,1,0
2026-06-24,7358.2202,-0.0982939286887751,0.7926756405299968,-24.01259806259083,28453.0,-22554.0,-529.0,4025.0,15969.0,37153.5,18.33333333333333,0.0724429005957416,0.0415916896938028,93.33333333333331,-0.0262619597492577,BULLISH,REVERSAL_GREEN_STANDARD,REVERSAL_GREEN,STANDARD,0,0,0,1,0
2026-06-25,7357.4902,-0.009920877333891,0.828930483649719,4.573729942739435,22599.0,-18733.0,-729.0,9453.0,13161.0,37153.5,10.0,0.1835035136079512,0.0415916896938028,100.0,-0.0081764308754032,NONE,NO_SIGNAL,,,,,,,
2026-06-26,7354.02,-0.0471655402272896,1.408904109589041,69.96649747826157,20440.0,-28798.0,-717.0,7455.0,11820.0,37153.5,6.666666666666667,0.1298554258839923,0.0416519982953245,98.33333333333331,-0.0448558698715494,BEARISH,STRONG_YELLOW,,,,,,,
2026-06-29,7440.4302,1.1750063230722807,0.7891835043661164,-43.9860030931196,31378.0,-24763.0,-965.0,2016.0,21101.0,37153.5,23.33333333333333,0.0340989817665166,0.0423547519945891,68.33333333333333,-0.0198341176182748,NONE,NO_SIGNAL,,,,,,,
2026-06-30,7499.3599,0.7920200635710639,0.867969695375388,9.98325365056305,38014.0,-32995.0,-2575.0,1758.0,21591.0,37153.5,25.0,0.0233335987895197,0.0423547519945891,55.00000000000001,0.0291144256793787,BEARISH,RELIABLE_YELLOW,,,,,,,
2026-07-01,7483.23,-0.2150836900093433,1.2284181636726548,41.52777109820367,24048.0,-29541.0,-2504.0,1286.0,33437.0,37153.5,41.66666666666667,0.0224123808361944,0.0416426086097705,53.333333333333336,0.0191942806803551,NONE,NO_SIGNAL,,,,,,,
2026-07-02,7483.2402,0.0001363047774871,1.065453686200378,-13.266205457680202,29624.0,-31563.0,-1982.0,1670.0,18940.0,37153.5,16.666666666666664,0.0257561035796357,0.0374888868689876,66.66666666666666,-0.0071009596799945,NONE,NO_SIGNAL,,,,,,,
2026-07-06,7537.4302,0.7241515513560559,0.7869252179513722,-26.14177151540903,43473.0,-34210.0,-1194.0,1647.0,22203.0,37153.5,25.0,0.0204535293825443,0.0374888868689876,50.0,0.0216861099740757,NONE,NO_SIGNAL,,,,,,,
2026-07-07,7503.8501,-0.4455112566083885,1.1236014715363902,42.78376723794648,26367.0,-29626.0,-1055.0,766.0,24648.0,37153.5,31.666666666666664,0.0132493859618777,0.0374888868689876,30.0,-0.0216915588467778,NONE,NO_SIGNAL,,,,,,,
2026-07-08,7482.71,-0.2817233782428485,0.90568109961061,-19.39481012140365,30047.0,-27213.0,-1078.0,2832.0,20666.0,37153.5,16.666666666666664,0.0462972045120156,0.0374888868689876,81.66666666666667,-0.0346322119717501,BULLISH,REVERSAL_GREEN_HIGH,REVERSAL_GREEN,HIGH,1,0,0,1,0
2026-07-09,7543.6401,0.8142785167405853,0.7403888160768894,-18.250605384697398,36624.0,-27116.0,-2273.0,1256.0,34992.0,37153.5,45.0,0.01867130476148,0.0416426086097705,41.66666666666667,,NONE,NO_SIGNAL,,,,,,,
2026-07-10,7575.3901,0.4208843420300479,0.8359265442404007,12.903723839284687,44925.0,-37554.0,-3649.0,1524.0,32039.0,37153.5,36.66666666666666,0.0173869392598001,0.0416426086097705,38.333333333333336,0.0169018137499681,BEARISH,RELIABLE_YELLOW,,,,,,,
2026-07-13,7515.3398,-0.7927024114573356,1.6457824259603169,96.8812256650882,20462.0,-33676.0,-2595.0,1583.0,35809.0,36955.5,46.66666666666666,0.0271452088620618,0.0416426086097705,68.33333333333333,-0.0162010566995252,NONE,NO_SIGNAL,,,,,,,
2026-07-14,7543.5898,0.3758978403078927,1.0535961417487942,-35.98205175061222,23845.0,-25123.0,-1717.0,1746.0,27013.0,36491.0,31.666666666666664,0.0333009097671225,0.0416426086097705,68.33333333333333,0.0133358281311128,NONE,NO_SIGNAL,,,,,,,
2026-07-15,7572.3999,0.3819149869469296,1.3896120759616946,31.89228973970708,30805.0,-42807.0,-1834.0,2461.0,35219.0,35983.0,48.333333333333336,0.0315889457943445,0.0416426086097705,66.66666666666666,0.0082833306457772,BEARISH,RELIABLE_YELLOW,,,,,,,
2026-07-16,7533.77,-0.5101407811280545,1.435875756496974,3.329251474967365,22472.0,-32267.0,-760.0,653.0,20553.0,35514.0,16.666666666666664,0.0116291494514888,0.0416426086097705,20.0,,NONE,NO_SIGNAL,,,,,,,
2026-07-17,7457.6899,-1.0098542960562895,1.1798319327731093,-17.83189266657169,27370.0,-32292.0,-662.0,2436.0,9214.0,35105.5,0.0,0.0388145315487571,0.0416426086097705,73.33333333333333,-0.0423886808156471,BULLISH,REVERSAL_GREEN_WEAK,REVERSAL_GREEN,WEAK,0,0,0,0,0
2026-07-20,7443.2798,-0.193224714264395,1.2327387395867653,4.484266389476543,21247.0,-26192.0,-738.0,1545.0,16524.0,34935.5,13.333333333333334,0.0310727645710148,0.0416426086097705,63.33333333333333,-0.0231025062358949,NONE,NO_SIGNAL,,,,,,,
2026-07-21,7509.2002,0.8856364636460334,0.820906456030831,-33.40791283106649,31397.0,-25774.0,-853.0,1619.0,24031.0,34386.0,33.33333333333333,0.0271448451620475,0.0416426086097705,60.0,-0.0159384284827018,NONE,NO_SIGNAL,,,,,,,
2026-07-22,7498.96,-0.13636871740349,0.87352017852415,6.409222647329615,26439.0,-23095.0,-929.0,2100.0,22969.0,33665.0,31.666666666666664,0.0399520575309628,0.0416426086097705,73.33333333333333,-0.018189776352449,NONE,NO_SIGNAL,,,,,,,
2026-07-23,7408.2998,-1.2089703105497285,0.8595214701117986,-1.6025626833260809,37657.0,-32367.0,-1611.0,6046.0,13953.0,33192.5,5.0,0.0778311298773187,0.0416426086097705,93.33333333333331,-0.0206129992812403,NONE,NO_SIGNAL,,,,,,,
2026-07-24,7411.98,0.0496767152970756,1.160799652325076,35.05185067385113,27612.0,-32052.0,-1122.0,3778.0,12404.0,32493.5,3.333333333333333,0.0585155814385725,0.0423547519945891,83.33333333333334,-0.0167395291029663,BEARISH,STRONG_YELLOW,,,,,,,
2026-07-27,7413.1802,0.0161927042436671,0.7560938171547861,-34.8644001020905,32574.0,-24629.0,-2038.0,2803.0,15562.0,31832.0,11.666666666666666,0.0451776158855006,0.0425413663697188,76.66666666666667,-0.0206091555717673,BULLISH,REVERSAL_GREEN_HIGH,REVERSAL_GREEN,HIGH,0,1,0,0,0
2026-07-28,7428.7798,0.2104306057473248,0.7748026498472768,2.4744062532997324,25209.0,-19532.0,-1863.0,3474.0,18766.0,31338.0,20.0,0.0693717800231638,0.0448578042332695,86.66666666666667,-0.0475406620212031,NONE,NO_SIGNAL,,,,,,,
2026-07-29,7316.1499,-1.5161292033450735,2.1492633302151543,177.39493800631695,17104.0,-36761.0,-628.0,4613.0,10348.0,29097.0,1.6666666666666667,0.0780462220417554,0.0454575130421293,93.33333333333331,-0.0625932339980452,NONE,NO_SIGNAL,,,,,,,
2026-07-30,7437.6299,1.6604361810574677,0.5996879126155323,-72.09797868018806,41655.0,-24980.0,-1468.0,3095.0,15601.0,27078.0,15.0,0.0434703222000618,0.0473787723971887,70.0,-0.0134808097222586,NONE,NO_SIGNAL,,,,,,,
2026-07-31,7489.7202,0.7003615493155868,0.9091719891823464,51.60752285584727,34758.0,-31601.0,-1268.0,1211.0,21260.0,26374.0,36.66666666666666,0.0175920276591417,0.0473787723971887,25.0,0.0042428688865121,BEARISH,RELIABLE_YELLOW,,,,,,,
2026-08-03,7600.5,1.4790913017017626,0.7578094813493833,-16.648391023252863,67290.0,-50993.0,-5387.0,1251.0,50211.0,25191.5,91.66666666666666,0.0100143290559633,0.0473787723971887,6.666666666666667,0.0251396648044692,NONE,NO_SIGNAL,,,,,,,
2026-08-04,7736.52,1.7896191040063236,0.881464049049359,16.317368777148555,64588.0,-56932.0,-6131.0,1301.0,57041.0,25191.5,96.66666666666669,0.0100890253737824,0.0473787723971887,6.666666666666667,0.0701781093012636,BEARISH,WEAK_YELLOW,,,,,,,
2026-08-05,7723.5498,-0.1676490204898462,1.4554681784930503,65.11940334523491,32808.0,-47751.0,-4822.0,1541.0,61548.0,25191.5,100.0,0.0177285382296771,0.0473787723971887,26.666666666666668,0.0831069772546437,NONE,NO_SIGNAL,,,,,,,
2026-08-06,7709.96,-0.1759527723897092,1.232735326688815,-15.303175644475209,22575.0,-27829.0,-1960.0,1722.0,47744.0,25191.5,88.33333333333333,0.0318381836334726,0.0473787723971887,56.66666666666666,0.0449272025222289,BULLISH,NORMAL_GREEN,,,,,,,
2026-08-07,7757.6401,0.6184221448619631,1.0804374829581604,-12.354464128138009,33007.0,-35662.0,-2369.0,850.0,37479.0,25191.5,73.33333333333333,0.0118239483641219,0.0473787723971887,13.333333333333334,0.0503912473264032,NONE,NO_SIGNAL,,,,,,,
2026-08-10,7753.1099,-0.0583966250251699,1.0265757022151176,-4.985182538796518,35032.0,-35963.0,-2382.0,963.0,36148.0,25191.5,68.33333333333333,0.0129539951573849,0.0473787723971887,15.0,0.0291682885688335,NONE,NO_SIGNAL,,,,,,,
2026-08-11,7728.2002,-0.3212865588297697,0.9673206659652164,-5.772105858539456,32314.0,-31258.0,-2593.0,2822.0,38296.0,25191.5,78.33333333333333,0.0409062577007262,0.0473787723971887,65.0,-0.0080997406074805,BULLISH,REVERSAL_GREEN_HIGH,REVERSAL_GREEN,HIGH,1,1,1,1,0
2026-08-12,7748.5,0.2626717667070677,1.2829082789659143,32.62492202477625,28663.0,-36772.0,-1535.0,1136.0,42343.0,25191.5,88.33333333333333,0.0166798813614072,0.0473787723971887,18.33333333333333,0.0083088458810416,BEARISH,WEAK_YELLOW,,,,,,,
2026-08-13,7798.9902,0.6516125701748754,0.829638518705657,-35.33142374181376,47499.0,-39407.0,-3315.0,904.0,46618.0,25191.5,88.33333333333333,0.0099204389574759,0.0473787723971887,3.333333333333333,0.0236377967437642,NONE,NO_SIGNAL,,,,,,,
