signal_code,market_date,direction,triggered,status,entry_timestamp,entry_price,exit_timestamp,exit_price,exit_reason,return_pct,mfe_pct,mae_pct,benchmark,benchmark_directional_return_pct,directional_excess_vs_benchmark_pct,source_revision,source_hash,base_signal_code,feature_tier,production_action,feature_confirmation,MSFT_GEXChange,MSFT_GEX_ZScore,QQQ_GEX_Trending_Up,QQQ_GEX_ZScore_60day,QQQ_Is_Potential_Swing_Up,QQQ_Price_Above_SMA20,QQQ_TodayChange
MSFT_STRONG_BEARISH_CONTINUATION,2026-01-08,SHORT,True,FINAL,2026-01-09T07:30:00-05:00,475.75,2026-01-09T16:00:00-05:00,479.26,D1_REGULAR_SESSION_CLOSE,-0.73778245,0.74198634,-0.85549133,QQQ,-0.78807276,0.05029031,d3d1c7544f6750b3c859eb04eb097f195f80dc114312343d44b72e6f7f22684a,c339d5494bbec6ae0e970cb926c29b8a0a9a1b825140c9071f9096d16878849c,MSFT_STRONG_BEARISH_CONTINUATION,BASE,PLAN_ENTRY,NOT_APPLICABLE,-32.05,-0.2025482602180443,0,0.2447601709380815,0,1,-0.57
MSFT_STRONG_BEARISH_CONTINUATION,2026-01-13,SHORT,True,FINAL,2026-01-14T07:30:00-05:00,467.81,2026-01-14T16:00:00-05:00,459.38,D1_REGULAR_SESSION_CLOSE,1.80201364,2.26801479,-0.08336718,QQQ,0.55049111,1.25152253,691dad83fea0e2a2d7e5465718bfdb3d2c614e98c75d237381545b38ef124d16,c339d5494bbec6ae0e970cb926c29b8a0a9a1b825140c9071f9096d16878849c,MSFT_STRONG_BEARISH_CONTINUATION,BASE,PLAN_ENTRY,NOT_APPLICABLE,-156.3,-1.6193163913862796,1,0.9087187280224828,0,1,-0.15
MSFT_STRONG_BEARISH_CONTINUATION,2026-01-20,SHORT,True,FINAL,2026-01-21T07:30:00-05:00,452.35,2026-01-21T16:00:00-05:00,444.12,D1_REGULAR_SESSION_CLOSE,1.81938764,3.02199624,-0.72068089,QQQ,-1.57777595,3.39716359,79e026203d6dedf31b776b3abb4ea61753ac7562fe889e560aa8e60885efd050,c339d5494bbec6ae0e970cb926c29b8a0a9a1b825140c9071f9096d16878849c,MSFT_STRONG_BEARISH_CONTINUATION,BASE,PLAN_ENTRY,NOT_APPLICABLE,-179.44,-1.0166858033736086,0,-0.889459718728421,0,0,-2.12
MSFT_STRONG_BEARISH_CONTINUATION,2026-01-29,SHORT,True,FINAL,2026-01-30T07:30:00-05:00,435.43,2026-01-30T16:00:00-05:00,430.3,D1_REGULAR_SESSION_CLOSE,1.17814574,2.06003261,-0.95767402,QQQ,0.75177169,0.42637405,3b49251e91b4b92b657056137565452efe7caad4867da4a6257a192e1580764d,c339d5494bbec6ae0e970cb926c29b8a0a9a1b825140c9071f9096d16878849c,MSFT_STRONG_BEARISH_CONTINUATION,BASE,PLAN_ENTRY,NOT_APPLICABLE,-55.83,0.5252454251019727,1,0.4722023707227832,0,1,-0.6
MSFT_STRONG_BEARISH_CONTINUATION,2026-02-05,SHORT,True,FINAL,2026-02-06T07:30:00-05:00,399.59,2026-02-06T16:00:00-05:00,400.89,D1_REGULAR_SESSION_CLOSE,-0.32533347,1.66921094,-0.7032208,QQQ,-1.42752562,1.10219216,868a2bd1487065f442ffeefbc5551e730d4f0f701a6f2cda67b6fd00f9dc9760,c339d5494bbec6ae0e970cb926c29b8a0a9a1b825140c9071f9096d16878849c,MSFT_STRONG_BEARISH_CONTINUATION,BASE,PLAN_ENTRY,NOT_APPLICABLE,245.55,-1.555930371136287,0,-2.522415541490792,0,0,-1.44
MSFT_STRONG_BEARISH_CONTINUATION,2026-02-11,SHORT,True,FINAL,2026-02-12T07:30:00-05:00,405.88,2026-02-12T16:00:00-05:00,401.88,D1_REGULAR_SESSION_CLOSE,0.98551296,1.93653297,-0.3079728,QQQ,2.3765402,-1.39102724,56b5f1e736eaa58bde81ae59d228f3c6a3ae14cfaf8d6eb323788160a8119128,c339d5494bbec6ae0e970cb926c29b8a0a9a1b825140c9071f9096d16878849c,MSFT_STRONG_BEARISH_CONTINUATION,BASE,PLAN_ENTRY,NOT_APPLICABLE,-78.47,-0.2027139369084846,0,-1.3934801514518964,1,0,0.27
MSFT_STRONG_BEARISH_CONTINUATION,2026-02-13,SHORT,True,FINAL,2026-02-17T07:30:00-05:00,399.21,2026-02-17T16:00:00-05:00,396.87,D1_REGULAR_SESSION_CLOSE,0.58615766,1.17231532,-0.41832619,QQQ,-0.62093089,1.20708856,f735bbae9272c719038e20bc1d99e46062c86366f48b091a2f90b9bf5962acc5,c339d5494bbec6ae0e970cb926c29b8a0a9a1b825140c9071f9096d16878849c,MSFT_STRONG_BEARISH_CONTINUATION,BASE,PLAN_ENTRY,NOT_APPLICABLE,104.02,-0.1031176282403503,0,-1.8770880330859825,1,0,0.21
MSFT_STRONG_BEARISH_CONTINUATION,2026-02-19,SHORT,True,FINAL,2026-02-20T07:30:00-05:00,397.54,2026-02-20T16:00:00-05:00,397.21,D1_REGULAR_SESSION_CLOSE,0.08301051,0.59868189,-0.64396036,QQQ,-1.06245227,1.14546279,3e116b0146919b4b2c8752aa531aadadceddb815c9d638ef2fc6a019dd068740,c339d5494bbec6ae0e970cb926c29b8a0a9a1b825140c9071f9096d16878849c,MSFT_STRONG_BEARISH_CONTINUATION,BASE,PLAN_ENTRY,NOT_APPLICABLE,101.92,0.4392573641748042,0,-1.972732103860024,0,0,-0.38
MSFT_STRONG_BEARISH_CONTINUATION,2026-03-19,SHORT,True,FINAL,2026-03-20T07:30:00-04:00,387.45,2026-03-20T16:00:00-04:00,381.86,D1_REGULAR_SESSION_CLOSE,1.44276681,1.89185701,-0.19873532,QQQ,1.38585345,0.05691336,0d44c04764f620ab7c06f034487e27617e401fefa4a396dcba0d083020498e5a,c339d5494bbec6ae0e970cb926c29b8a0a9a1b825140c9071f9096d16878849c,MSFT_STRONG_BEARISH_CONTINUATION,BASE,PLAN_ENTRY,NOT_APPLICABLE,-23.15,-1.436369108745431,0,-1.2058556419576194,1,0,-0.32
MSFT_STRONG_BEARISH_CONTINUATION,2026-03-26,SHORT,True,FINAL,2026-03-27T07:30:00-04:00,364.6,2026-03-27T16:00:00-04:00,356.78,D1_REGULAR_SESSION_CLOSE,2.14481624,2.21886999,0.0,QQQ,1.45409951,0.69071673,adc9a1ca1c0a480e3b83b736bc44495713a48c2ec2b666e31688ba64e8005c5f,c339d5494bbec6ae0e970cb926c29b8a0a9a1b825140c9071f9096d16878849c,MSFT_STRONG_BEARISH_CONTINUATION,BASE,PLAN_ENTRY,NOT_APPLICABLE,-143.91,-0.4825094439307471,0,-0.7392221690700621,0,0,-2.39
MSFT_STRONG_BEARISH_CONTINUATION,2026-04-07,SHORT,True,FINAL,2026-04-08T07:30:00-04:00,384.74,2026-04-08T16:00:00-04:00,374.3,D1_REGULAR_SESSION_CLOSE,2.71352082,3.46207829,-0.32749389,QQQ,0.56782749,2.14569333,24afc63bf65a2d0a823ed3bbc856ac2454b07deac53567c22fb2b86793826381,c339d5494bbec6ae0e970cb926c29b8a0a9a1b825140c9071f9096d16878849c,MSFT_STRONG_BEARISH_CONTINUATION,BASE,PLAN_ENTRY,NOT_APPLICABLE,18.63,1.4888619113219892,1,1.1240960217365792,0,1,0.02
MSFT_STRONG_BEARISH_CONTINUATION,2026-04-09,SHORT,True,FINAL,2026-04-10T07:30:00-04:00,374.12,2026-04-10T16:00:00-04:00,370.87,D1_REGULAR_SESSION_CLOSE,0.86870523,1.09323212,-0.40628675,QQQ,0.03762781,0.83107742,c08136dade229199c6a7214668111bd5ec5f1c956baa141967e832e2cb026762,c339d5494bbec6ae0e970cb926c29b8a0a9a1b825140c9071f9096d16878849c,MSFT_STRONG_BEARISH_CONTINUATION,BASE,PLAN_ENTRY,NOT_APPLICABLE,38.56,1.805893426634982,1,1.927886943902809,0,1,0.68
MSFT_STRONG_BEARISH_CONTINUATION,2026-04-30,SHORT,True,FINAL,2026-05-01T07:30:00-04:00,409.42,2026-05-01T16:00:00-04:00,414.51,D1_REGULAR_SESSION_CLOSE,-1.24322212,0.10258414,-1.87826682,QQQ,-1.0583121,-0.18491002,9d73a25c8bf6e4dcb40f945f37267b23df65b63e5d1f76eea266ccfbda9bd9f6,c339d5494bbec6ae0e970cb926c29b8a0a9a1b825140c9071f9096d16878849c,MSFT_STRONG_BEARISH_CONTINUATION,BASE,PLAN_ENTRY,NOT_APPLICABLE,-39.85,-1.0633516665476284,1,1.4669247542772357,0,1,0.93
MSFT_STRONG_BEARISH_CONTINUATION,2026-05-12,SHORT,True,FINAL,2026-05-13T07:30:00-04:00,406.2,2026-05-13T16:00:00-04:00,405.09,D1_REGULAR_SESSION_CLOSE,0.2732644,1.27277203,-0.02461841,QQQ,-0.38638791,0.65965231,4e90e7603ef2e171e95ed6e5c70c3a629f34ed4130128325d6f3d2142f0036ba,c339d5494bbec6ae0e970cb926c29b8a0a9a1b825140c9071f9096d16878849c,MSFT_STRONG_BEARISH_CONTINUATION,BASE,PLAN_ENTRY,NOT_APPLICABLE,-26.38,-1.5412224628645697,0,0.5448154748918483,0,1,-0.85
MSFT_STRONG_BEARISH_CONTINUATION,2026-05-21,SHORT,True,FINAL,2026-05-22T07:30:00-04:00,419.36,2026-05-22T16:00:00-04:00,418.55,D1_REGULAR_SESSION_CLOSE,0.19315147,0.72014498,-1.20183136,QQQ,-0.2739458,0.46709727,aff0d948f850241c6b957556aa797f707b29d076326add46a9833ba1390f568c,c339d5494bbec6ae0e970cb926c29b8a0a9a1b825140c9071f9096d16878849c,MSFT_STRONG_BEARISH_CONTINUATION,BASE,PLAN_ENTRY,NOT_APPLICABLE,22.28,1.5119700053450758,0,0.5238679345441416,0,1,0.19
MSFT_STRONG_BEARISH_CONTINUATION,2026-06-08,SHORT,True,FINAL,2026-06-09T07:30:00-04:00,410.26,2026-06-09T16:00:00-04:00,403.2,D1_REGULAR_SESSION_CLOSE,1.72085994,2.86647492,-0.4119339,QQQ,1.93666362,-0.21580368,21e710f363286f51ed56c53bda8f4f5e0bc2f59f2aac16abfbe606eaaacbe59d,c339d5494bbec6ae0e970cb926c29b8a0a9a1b825140c9071f9096d16878849c,MSFT_STRONG_BEARISH_CONTINUATION,BASE,PLAN_ENTRY,NOT_APPLICABLE,-16.72,-1.189339854552263,0,-0.7846304425982006,1,0,1.56
MSFT_STRONG_BEARISH_CONTINUATION,2026-06-11,SHORT,True,FINAL,2026-06-12T07:30:00-04:00,393.34,2026-06-12T16:00:00-04:00,390.69,D1_REGULAR_SESSION_CLOSE,0.67371739,2.81435908,-0.27457162,QQQ,-0.0513226,0.72503999,b1124a70855970c89780d5764794119efeed957a7856bd1368d860afa7f3b3ca,c339d5494bbec6ae0e970cb926c29b8a0a9a1b825140c9071f9096d16878849c,MSFT_STRONG_BEARISH_CONTINUATION,BASE,PLAN_ENTRY,NOT_APPLICABLE,-16.44,-1.6610690353861322,0,0.0946190740987021,0,0,3.38
MSFT_STRONG_BEARISH_CONTINUATION,2026-07-14,SHORT,True,FINAL,2026-07-15T07:30:00-04:00,386.38,2026-07-15T16:00:00-04:00,395.6,D1_REGULAR_SESSION_CLOSE,-2.38625188,0.09576065,-3.25327398,QQQ,0.7261913,-3.11244318,cacac227fd9496e02613bede08a4ca7edbf0d2db3d04ed11e833b5f99af72f64,c339d5494bbec6ae0e970cb926c29b8a0a9a1b825140c9071f9096d16878849c,MSFT_STRONG_BEARISH_CONTINUATION,BASE,PLAN_ENTRY,NOT_APPLICABLE,6.28,1.1300943050515233,1,-0.601589982069425,1,0,1.12
MSFT_STRONG_BEARISH_CONTINUATION,2026-07-22,SHORT,True,FINAL,2026-07-23T07:30:00-04:00,389.59,2026-07-23T16:00:00-04:00,381.5,D1_REGULAR_SESSION_CLOSE,2.07654201,3.00572397,-0.55956262,QQQ,1.51875989,0.55778211,a8ec8959f3c07859460a12fe309b92a643bc06dfb32e575ec7a20280b6158a4b,c339d5494bbec6ae0e970cb926c29b8a0a9a1b825140c9071f9096d16878849c,MSFT_STRONG_BEARISH_CONTINUATION,BASE,PLAN_ENTRY,NOT_APPLICABLE,-31.57,-0.4227987414621753,0,-0.5781311177907918,0,0,-0.51
MSFT_BULL_SHARE_COLLAPSE,2026-01-07,SHORT,True,FINAL,2026-01-08T07:30:00-05:00,480.65,2026-01-09T16:00:00-05:00,479.26,D2_REGULAR_SESSION_CLOSE,0.28919172,1.75387496,-0.39321752,QQQ,-0.63754617,0.92673789,fce7f4bc89f4ab26f0c5f87598744b0c3d65d8b120b8b7b465c3c102dcc9e357,c339d5494bbec6ae0e970cb926c29b8a0a9a1b825140c9071f9096d16878849c,MSFT_BULL_SHARE_COLLAPSE,BASE,PLAN_ENTRY,NOT_APPLICABLE,41.97,0.3821514100411238,0,0.68227874100971,0,1,0.1
MSFT_BULL_SHARE_COLLAPSE,2026-01-12,SHORT,True,FINAL,2026-01-13T07:30:00-05:00,475.55,2026-01-14T16:00:00-05:00,459.38,D2_REGULAR_SESSION_CLOSE,3.40027337,3.85868994,-0.35748081,QQQ,1.08390269,2.31637068,272304ee13a7bc22714317560fd35b36e40d309d3c3dcc372cef1186d61ef756,c339d5494bbec6ae0e970cb926c29b8a0a9a1b825140c9071f9096d16878849c,MSFT_BULL_SHARE_COLLAPSE,BASE,PLAN_ENTRY,NOT_APPLICABLE,-55.19,-1.0519953453073856,1,1.1213037893819764,0,1,0.08
MSFT_BULL_SHARE_COLLAPSE,2026-01-16,SHORT,True,FINAL,2026-01-20T07:30:00-05:00,453.08,2026-01-21T16:00:00-05:00,444.12,D2_REGULAR_SESSION_CLOSE,1.9775757,3.17824667,-0.82104706,QQQ,-0.94039778,2.91797349,1036df6ccf525de4c8e3c3ae1e8dd4b3744ef0b7425f9fdb8740b071873e96ad,c339d5494bbec6ae0e970cb926c29b8a0a9a1b825140c9071f9096d16878849c,MSFT_BULL_SHARE_COLLAPSE,BASE,PLAN_ENTRY,NOT_APPLICABLE,-125.07,-0.7436928045414612,1,-0.4391214113634849,0,1,-0.08
MSFT_BULL_SHARE_COLLAPSE,2026-02-10,SHORT,True,FINAL,2026-02-11T07:30:00-05:00,414.2,2026-02-12T16:00:00-05:00,401.88,D2_REGULAR_SESSION_CLOSE,2.9744085,3.90632545,-0.89811685,QQQ,1.94458504,1.02982346,03ce3343c3b3c015fc933eafa215c87f56cc29eb21e7950c16bd802b56dd15ba,c339d5494bbec6ae0e970cb926c29b8a0a9a1b825140c9071f9096d16878849c,MSFT_BULL_SHARE_COLLAPSE,BASE,PLAN_ENTRY,NOT_APPLICABLE,-13.58,0.9181191516505928,0,-1.4538050745020576,0,0,-0.46
MSFT_BULL_SHARE_COLLAPSE,2026-02-25,SHORT,True,FINAL,2026-02-26T07:30:00-05:00,400.38,2026-02-27T16:00:00-05:00,392.73,D2_REGULAR_SESSION_CLOSE,1.91068485,2.60752285,-1.77581298,QQQ,1.49519979,0.41548506,f4741cc96e4f0e3a335619ddc87c2c0b5c77941f68666107cd7f2ca7fbde7bef,c339d5494bbec6ae0e970cb926c29b8a0a9a1b825140c9071f9096d16878849c,MSFT_BULL_SHARE_COLLAPSE,BASE,PLAN_ENTRY,NOT_APPLICABLE,64.6,2.0597916437753563,1,0.5705909313655058,0,1,1.45
MSFT_BULL_SHARE_COLLAPSE,2026-03-17,SHORT,True,FINAL,2026-03-18T07:30:00-04:00,399.8,2026-03-19T16:00:00-04:00,388.88,D2_REGULAR_SESSION_CLOSE,2.73136568,3.17908954,-0.12756378,QQQ,2.10001486,0.63135082,c3e32f8d70624b6fed2ade2a0922c1f9343d21ac191e13a8e0c0f5a32a6f0b47,c339d5494bbec6ae0e970cb926c29b8a0a9a1b825140c9071f9096d16878849c,MSFT_BULL_SHARE_COLLAPSE,BASE,PLAN_ENTRY,NOT_APPLICABLE,29.17,-0.6275186814255816,0,-0.291114133700235,0,0,0.49
MSFT_BULL_SHARE_COLLAPSE,2026-03-20,SHORT,True,FINAL,2026-03-23T07:30:00-04:00,386.0,2026-03-24T16:00:00-04:00,372.75,D2_REGULAR_SESSION_CLOSE,3.43264249,3.66580311,-0.7746114,QQQ,1.19801008,2.2346324,94b3232e5bdfee5f94b0eee92e100682ea2505898a50a3aa5fdee827cc2fe2af,c339d5494bbec6ae0e970cb926c29b8a0a9a1b825140c9071f9096d16878849c,MSFT_BULL_SHARE_COLLAPSE,BASE,PLAN_ENTRY,NOT_APPLICABLE,-38.92,-1.0540565894754168,0,-0.7566596123970631,1,0,-1.85
MSFT_BULL_SHARE_COLLAPSE,2026-04-08,SHORT,True,FINAL,2026-04-09T07:30:00-04:00,374.11,2026-04-10T16:00:00-04:00,370.87,D2_REGULAR_SESSION_CLOSE,0.86605544,1.88714549,-0.40897062,QQQ,-1.21419934,2.08025478,e4e47948172deb62173caf44eb660105593bfc3d0714c2ff3a63ee4200323a67,c339d5494bbec6ae0e970cb926c29b8a0a9a1b825140c9071f9096d16878849c,MSFT_BULL_SHARE_COLLAPSE,BASE,PLAN_ENTRY,NOT_APPLICABLE,3.28,1.4056554206151266,1,1.34848243623661,0,1,2.97
MSFT_BULL_SHARE_COLLAPSE,2026-04-14,SHORT,True,FINAL,2026-04-15T07:30:00-04:00,396.24,2026-04-16T16:00:00-04:00,420.01,D2_REGULAR_SESSION_CLOSE,-5.99888956,0.11356753,-6.20331112,QQQ,-1.959879,-4.03901056,49dc10ab81b8d7d7f7f836275c5489db7f7f23a5b96d661e2fbcdd64aa43943a,c339d5494bbec6ae0e970cb926c29b8a0a9a1b825140c9071f9096d16878849c,MSFT_BULL_SHARE_COLLAPSE,BASE,PLAN_ENTRY,NOT_APPLICABLE,31.39,2.4940520302070737,1,2.3792130038762527,0,1,1.82
MSFT_BULL_SHARE_COLLAPSE,2026-04-28,SHORT,True,FINAL,2026-04-29T07:30:00-04:00,426.45,2026-04-30T16:00:00-04:00,407.77,D2_REGULAR_SESSION_CLOSE,4.3803494,6.66901161,-4.37565951,QQQ,-1.17144286,5.55179226,5ac27e83ca623aea82dd4c701cb78a42c04bf3f536898aedcee95ec0cd7c2588,c339d5494bbec6ae0e970cb926c29b8a0a9a1b825140c9071f9096d16878849c,MSFT_BULL_SHARE_COLLAPSE,BASE,PLAN_ENTRY,NOT_APPLICABLE,-0.25,-0.3675249853722594,1,1.2539497298210995,0,1,-1.01
MSFT_BULL_SHARE_COLLAPSE,2026-05-01,SHORT,True,FINAL,2026-05-04T07:30:00-04:00,412.49,2026-05-05T16:00:00-04:00,411.27,D2_REGULAR_SESSION_CLOSE,0.29576475,0.89456714,-2.00974569,QQQ,-1.1472247,1.44298944,58a486862cd1883edc3a95f256d49d9b6dcad8752d393b75675473b5c57d2164,c339d5494bbec6ae0e970cb926c29b8a0a9a1b825140c9071f9096d16878849c,MSFT_BULL_SHARE_COLLAPSE,BASE,PLAN_ENTRY,NOT_APPLICABLE,8.05,-0.9640989241313684,0,1.0357299665737894,0,1,0.96
MSFT_BULL_SHARE_COLLAPSE,2026-05-15,SHORT,True,FINAL,2026-05-18T07:30:00-04:00,418.65,2026-05-19T16:00:00-04:00,417.57,D2_REGULAR_SESSION_CLOSE,0.25797205,0.71181178,-3.35602532,QQQ,0.57257859,-0.31460653,a4ca1b6f8b2e40bc972993da30470be1934ad8ddaccf17f81b01ea7d623f8afe,c339d5494bbec6ae0e970cb926c29b8a0a9a1b825140c9071f9096d16878849c,MSFT_BULL_SHARE_COLLAPSE,BASE,PLAN_ENTRY,NOT_APPLICABLE,-10.07,-0.7475764652396057,0,-0.2030695078754495,0,1,-1.51
MSFT_BULL_SHARE_COLLAPSE,2026-05-22,SHORT,True,FINAL,2026-05-26T07:30:00-04:00,419.51,2026-05-27T16:00:00-04:00,412.68,D2_REGULAR_SESSION_CLOSE,1.62808991,2.36466354,-0.0572096,QQQ,-0.62347407,2.25156399,1c818dedb7654fc04cdf9ffe27fec9405c4cd42095dfc1a7021ea1c386677d86,c339d5494bbec6ae0e970cb926c29b8a0a9a1b825140c9071f9096d16878849c,MSFT_BULL_SHARE_COLLAPSE,BASE,PLAN_ENTRY,NOT_APPLICABLE,-33.11,0.2917759579026682,0,0.0508394231405828,0,1,0.42
MSFT_BULL_SHARE_COLLAPSE,2026-06-09,SHORT,True,FINAL,2026-06-10T07:30:00-04:00,397.44,2026-06-11T16:00:00-04:00,390.03,D2_REGULAR_SESSION_CLOSE,1.86443237,3.38164251,-1.90972222,QQQ,-2.78024847,4.64468084,1f38125e9ff8acf23ec768fabd4145d15aada26b736e37d5c013e5aefa6f7a60,c339d5494bbec6ae0e970cb926c29b8a0a9a1b825140c9071f9096d16878849c,MSFT_BULL_SHARE_COLLAPSE,BASE,PLAN_ENTRY,NOT_APPLICABLE,-114.35,-1.8001832765473111,0,-0.8126816792338522,0,0,-1.15
MSFT_BULL_SHARE_COLLAPSE,2026-06-22,SHORT,True,FINAL,2026-06-23T07:30:00-04:00,371.5,2026-06-24T16:00:00-04:00,365.46,D2_REGULAR_SESSION_CLOSE,1.62584118,1.80888291,-1.98654105,QQQ,1.01267586,0.61316532,4b94348d753ca39542dc88652069f2c8b6b12d7ebb6b1ae00eba77c7b1d7df47,c339d5494bbec6ae0e970cb926c29b8a0a9a1b825140c9071f9096d16878849c,MSFT_BULL_SHARE_COLLAPSE,BASE,PLAN_ENTRY,NOT_APPLICABLE,-212.89,-1.1180849610319523,0,-0.3975417575680019,0,1,-0.36
MSFT_BULL_SHARE_COLLAPSE,2026-06-24,SHORT,True,FINAL,2026-06-25T07:30:00-04:00,364.01,2026-06-26T16:00:00-04:00,371.34,D2_REGULAR_SESSION_CLOSE,-2.01368094,4.06856954,-3.46144337,QQQ,2.57192135,-4.5856023,e510bc8ca5e5964c17e606215fc720c7cb04a11d80f2c7449e37a73b6e50da5e,c339d5494bbec6ae0e970cb926c29b8a0a9a1b825140c9071f9096d16878849c,MSFT_BULL_SHARE_COLLAPSE,BASE,PLAN_ENTRY,NOT_APPLICABLE,-317.84,-1.1753348639677437,0,-0.8732910017376967,1,0,-0.42
MSFT_BULL_SHARE_COLLAPSE,2026-07-15,SHORT,True,FINAL,2026-07-16T07:30:00-04:00,400.66,2026-07-17T16:00:00-04:00,393.82,D2_REGULAR_SESSION_CLOSE,1.70718315,2.80786702,-1.32780911,QQQ,2.37704112,-0.66985798,d4a1a10a907701b5814e5bca0a0eff48c54e196fafada6e63fe7f2ac4fe33238,c339d5494bbec6ae0e970cb926c29b8a0a9a1b825140c9071f9096d16878849c,MSFT_BULL_SHARE_COLLAPSE,BASE,PLAN_ENTRY,NOT_APPLICABLE,12.71,1.2629693314605,1,-0.5763804264881605,0,0,-0.27
MSFT_BULL_SHARE_COLLAPSE,2026-07-29,SHORT,True,FINAL,2026-07-30T07:30:00-04:00,427.13,2026-07-31T16:00:00-04:00,465.07,D2_REGULAR_SESSION_CLOSE,-8.88254161,0.44014703,-9.29693536,QQQ,-2.73215084,-6.15039077,7aba067b0a74adcfae21b689e198141d21a084a85f61b77dbf9b8a544b87b29c,c339d5494bbec6ae0e970cb926c29b8a0a9a1b825140c9071f9096d16878849c,MSFT_BULL_SHARE_COLLAPSE,BASE,PLAN_ENTRY,NOT_APPLICABLE,-11.34,0.1844152058642398,0,-2.093149434534578,0,0,-2.04
MSFT_BULL_SHARE_COLLAPSE,2026-08-05,SHORT,True,FINAL,2026-08-06T07:30:00-04:00,484.32,2026-08-07T16:00:00-04:00,499.89,D2_REGULAR_SESSION_CLOSE,-3.21481665,0.48108688,-4.30706971,QQQ,-1.10638059,-2.10843606,4c5ee2d67c16ad00cd677c9f986a90efda9b679c7c471870e86dd3efd74dc962,c339d5494bbec6ae0e970cb926c29b8a0a9a1b825140c9071f9096d16878849c,MSFT_BULL_SHARE_COLLAPSE,BASE,PLAN_ENTRY,NOT_APPLICABLE,-21.03,0.2917772347748333,1,0.8708026411450208,0,1,-0.9
MSFT_HIGH_GEX_BULLISH_CONFIRMATION,2026-01-28,LONG,True,FINAL,2026-01-29T07:30:00-05:00,447.79,2026-01-30T16:00:00-05:00,430.3,D2_REGULAR_SESSION_CLOSE,-3.90584872,1.00046897,-5.97824873,QQQ,-1.96291742,-1.94293131,cd4219913360aa559c854e2df8a1e3fc634b96817fd099c0b71b4afb6940d354,c339d5494bbec6ae0e970cb926c29b8a0a9a1b825140c9071f9096d16878849c,MSFT_HIGH_GEX_BULLISH_CONFIRMATION,BASE,PLAN_ENTRY,NOT_APPLICABLE,30.52,2.0452136102058107,1,1.1098695694875689,0,1,0.33
MSFT_HIGH_GEX_BULLISH_CONFIRMATION,2026-02-06,LONG,True,FINAL,2026-02-09T07:30:00-05:00,403.94,2026-02-10T16:00:00-05:00,413.32,D2_REGULAR_SESSION_CLOSE,2.32212705,4.88438877,-0.76001386,QQQ,0.52607352,1.79605353,93ac1df45d288be7cbe15add8f2ac251e0487bd89d7057da201d6fb7da9bdc48,c339d5494bbec6ae0e970cb926c29b8a0a9a1b825140c9071f9096d16878849c,MSFT_HIGH_GEX_BULLISH_CONFIRMATION,BASE,PLAN_ENTRY,NOT_APPLICABLE,-136.6,0.0093188452436981,0,-1.324793878135075,0,0,2.11
MSFT_HIGH_GEX_BULLISH_CONFIRMATION,2026-02-24,LONG,True,FINAL,2026-02-25T07:30:00-05:00,390.61,2026-02-26T16:00:00-05:00,401.81,D2_REGULAR_SESSION_CLOSE,2.8673101,4.32144594,-0.10496403,QQQ,-0.17531499,3.0426251,c8ff18c065eba1c3cd505137b15bf0b4f1886efd2cc2ec48232b5495241c7c29,c339d5494bbec6ae0e970cb926c29b8a0a9a1b825140c9071f9096d16878849c,MSFT_HIGH_GEX_BULLISH_CONFIRMATION,BASE,PLAN_ENTRY,NOT_APPLICABLE,-1068.85,1.0716909595492157,0,-0.6688613233350771,1,0,1.07
MSFT_HIGH_GEX_BULLISH_CONFIRMATION,2026-02-26,LONG,True,FINAL,2026-02-27T07:30:00-05:00,397.84,2026-03-02T16:00:00-05:00,398.37,D2_REGULAR_SESSION_CLOSE,0.13321938,0.83701991,-2.72471345,QQQ,0.20764325,-0.07442386,3dae92282343d3a38bced9961bc8178e570f28010ae8472002eea6aa5051e0cb,c339d5494bbec6ae0e970cb926c29b8a0a9a1b825140c9071f9096d16878849c,MSFT_HIGH_GEX_BULLISH_CONFIRMATION,BASE,PLAN_ENTRY,NOT_APPLICABLE,43.94,2.761356871308393,1,-0.7860412516227838,0,0,-1.21
MSFT_HIGH_GEX_BULLISH_CONFIRMATION,2026-03-03,LONG,True,FINAL,2026-03-04T07:30:00-05:00,401.94,2026-03-05T16:00:00-05:00,410.72,D2_REGULAR_SESSION_CLOSE,2.18440563,2.40334378,-0.37319003,QQQ,1.29237218,0.89203346,bd837d4e457ef8bcba50f9c2c3781e4c27b235ddab982f68dad541e3e185ec3e,c339d5494bbec6ae0e970cb926c29b8a0a9a1b825140c9071f9096d16878849c,MSFT_HIGH_GEX_BULLISH_CONFIRMATION,BASE,PLAN_ENTRY,NOT_APPLICABLE,208.43,1.309649758761687,1,-1.4599356217368018,0,0,-1.07
MSFT_HIGH_GEX_BULLISH_CONFIRMATION,2026-03-23,LONG,True,FINAL,2026-03-24T07:30:00-04:00,383.5,2026-03-25T16:00:00-04:00,371.03,D2_REGULAR_SESSION_CLOSE,-3.25162973,0.0,-3.61408083,QQQ,-0.02721598,-3.22441375,bfe8aa20ab326a77fe879183316cfdb38beb7da40fb4b17b85408f9fc20dc9b9,c339d5494bbec6ae0e970cb926c29b8a0a9a1b825140c9071f9096d16878849c,MSFT_HIGH_GEX_BULLISH_CONFIRMATION,BASE,PLAN_ENTRY,NOT_APPLICABLE,-164.25,-0.3118269510456189,0,-0.2823789124502199,1,0,1.02
MSFT_HIGH_GEX_BULLISH_CONFIRMATION,2026-04-13,LONG,True,FINAL,2026-04-14T07:30:00-04:00,388.98,2026-04-15T16:00:00-04:00,411.27,D2_REGULAR_SESSION_CLOSE,5.73037174,6.5196154,-0.63242326,QQQ,2.76846179,2.96190995,7d7290f1dcb7d717f5d5004c709beae2e1e3018e40df1d8e19e8ec7d05263b3f,c339d5494bbec6ae0e970cb926c29b8a0a9a1b825140c9071f9096d16878849c,MSFT_HIGH_GEX_BULLISH_CONFIRMATION,BASE,PLAN_ENTRY,NOT_APPLICABLE,186.63,2.3276242067244306,1,3.003673442253985,0,1,1.03
MSFT_HIGH_GEX_BULLISH_CONFIRMATION,2026-04-17,LONG,True,FINAL,2026-04-20T07:30:00-04:00,418.9,2026-04-21T16:00:00-04:00,424.25,D2_REGULAR_SESSION_CLOSE,1.27715445,1.9766054,-0.61828599,QQQ,-0.17198903,1.44914348,ced0c4d6737861f619c9722e1023ce079a14950414cb72ee0824075c6fd6f70a,c339d5494bbec6ae0e970cb926c29b8a0a9a1b825140c9071f9096d16878849c,MSFT_HIGH_GEX_BULLISH_CONFIRMATION,BASE,PLAN_ENTRY,NOT_APPLICABLE,-31.01,1.286370097929978,1,1.4065020620948054,0,1,1.31
MSFT_HIGH_GEX_BULLISH_CONFIRMATION,2026-05-07,LONG,True,FINAL,2026-05-08T07:30:00-04:00,420.94,2026-05-11T16:00:00-04:00,412.68,D2_REGULAR_SESSION_CLOSE,-1.96227491,0.09740105,-3.66798118,QQQ,1.87800803,-3.84028293,c5a097ebf4ccdffae71bbc99b589d7b186434e6564ac895af25aebf500b7bbd7,c339d5494bbec6ae0e970cb926c29b8a0a9a1b825140c9071f9096d16878849c,MSFT_HIGH_GEX_BULLISH_CONFIRMATION,BASE,PLAN_ENTRY,NOT_APPLICABLE,-1.04,-0.1170680210425806,0,0.6708097497982496,0,1,-0.12
MSFT_HIGH_GEX_BULLISH_CONFIRMATION,2026-05-28,LONG,True,FINAL,2026-05-29T07:30:00-04:00,430.39,2026-06-01T16:00:00-04:00,460.49,D2_REGULAR_SESSION_CLOSE,6.99365692,9.66797556,-0.04182253,QQQ,0.81582234,6.17783458,c9bd819858d4c96bc69edf0d5d64dfd020f9a9007f074f41a2322b50cba2c252,c339d5494bbec6ae0e970cb926c29b8a0a9a1b825140c9071f9096d16878849c,MSFT_HIGH_GEX_BULLISH_CONFIRMATION,BASE,PLAN_ENTRY,NOT_APPLICABLE,171.01,2.29909823244048,1,0.6779847674936871,0,1,0.84
MSFT_HIGH_GEX_BULLISH_CONFIRMATION,2026-05-29,LONG,True,FINAL,2026-06-01T07:30:00-04:00,470.21,2026-06-02T16:00:00-04:00,441.29,D2_REGULAR_SESSION_CLOSE,-6.15044342,0.38068097,-6.33121371,QQQ,0.83379505,-6.98423847,a7ffb2ddf05e17c1190275882ba302a0eeccbd3d486c38503441d4a9bf02c188,c339d5494bbec6ae0e970cb926c29b8a0a9a1b825140c9071f9096d16878849c,MSFT_HIGH_GEX_BULLISH_CONFIRMATION,BASE,PLAN_ENTRY,NOT_APPLICABLE,2.91,2.035724988629982,1,0.4792835356380138,0,1,0.37
MSFT_HIGH_GEX_BULLISH_CONFIRMATION,2026-07-30,LONG,True,FINAL,2026-07-31T07:30:00-04:00,448.5,2026-08-03T16:00:00-04:00,487.66,D2_REGULAR_SESSION_CLOSE,8.73132664,9.6187291,-0.01560758,QQQ,1.26968518,7.46164146,32454588a1f2661d914390f2a4fa0a7cde1d8e9efab403bdc935744e188ecfc4,c339d5494bbec6ae0e970cb926c29b8a0a9a1b825140c9071f9096d16878849c,MSFT_HIGH_GEX_BULLISH_CONFIRMATION,BASE,PLAN_ENTRY,NOT_APPLICABLE,122.25,3.105630474605236,0,-0.0939762309319801,0,0,3.3
MSFT_HIGH_GEX_BULLISH_CONFIRMATION,2026-08-03,LONG,True,FINAL,2026-08-04T07:30:00-04:00,477.1,2026-08-05T16:00:00-04:00,487.46,D2_REGULAR_SESSION_CLOSE,2.17145253,4.52944875,-0.16139174,QQQ,1.9415827,0.22986982,b1595768ce718bb9f88bec92b5bc2817e71a077689599cca2ab75c1cbca0cc33,c339d5494bbec6ae0e970cb926c29b8a0a9a1b825140c9071f9096d16878849c,MSFT_HIGH_GEX_BULLISH_CONFIRMATION,BASE,PLAN_ENTRY,NOT_APPLICABLE,-12.61,0.9784022312194668,1,1.0944752197686918,0,1,1.76
MSFT_BEARISH_CROWDING_SQUEEZE_WEAK,2026-01-07,LONG,True,FINAL,2026-01-08T07:30:00-05:00,480.65,2026-01-14T16:00:00-05:00,459.38,D5_REGULAR_SESSION_CLOSE,-4.42525746,0.39321752,-4.87880994,QQQ,-0.48980247,-3.93545499,fce7f4bc89f4ab26f0c5f87598744b0c3d65d8b120b8b7b465c3c102dcc9e357,c339d5494bbec6ae0e970cb926c29b8a0a9a1b825140c9071f9096d16878849c,MSFT_BEARISH_CROWDING_SQUEEZE_WATCH,WEAK,WATCH,NOT(QQQ.TodayChange > 1.0 OR MSFT.GEXChange < -10.0),41.97,0.3821514100411238,0,0.68227874100971,0,1,0.1
MSFT_BEARISH_CROWDING_SQUEEZE_CONFIRMED,2026-01-16,LONG,True,FINAL,2026-01-20T07:30:00-05:00,453.08,2026-01-26T16:00:00-05:00,470.45,D5_REGULAR_SESSION_CLOSE,3.83376004,4.66804979,-3.17824667,QQQ,2.47059209,1.36316795,1036df6ccf525de4c8e3c3ae1e8dd4b3744ef0b7425f9fdb8740b071873e96ad,c339d5494bbec6ae0e970cb926c29b8a0a9a1b825140c9071f9096d16878849c,MSFT_BEARISH_CROWDING_SQUEEZE_WATCH,HIGH,PLAN_ENTRY,QQQ.TodayChange > 1.0 OR MSFT.GEXChange < -10.0,-125.07,-0.7436928045414612,1,-0.4391214113634849,0,1,-0.08
MSFT_BEARISH_CROWDING_SQUEEZE_WEAK,2026-01-26,LONG,True,FINAL,2026-01-27T07:30:00-05:00,473.12,2026-02-02T16:00:00-05:00,423.34,D5_REGULAR_SESSION_CLOSE,-10.52164356,2.33767332,-11.01200541,QQQ,-0.47043865,-10.05120491,727c56cb35e0b4ba8da45b5bb974999d591afe5b553c68f9893d067f2370d19a,c339d5494bbec6ae0e970cb926c29b8a0a9a1b825140c9071f9096d16878849c,MSFT_BEARISH_CROWDING_SQUEEZE_WATCH,WEAK,WATCH,NOT(QQQ.TodayChange > 1.0 OR MSFT.GEXChange < -10.0),26.14,0.8801518989357229,0,-0.1001032231257211,0,1,0.44
MSFT_BEARISH_CROWDING_SQUEEZE_CONFIRMED,2026-02-25,LONG,True,FINAL,2026-02-26T07:30:00-05:00,400.38,2026-03-04T16:00:00-05:00,405.0,D5_REGULAR_SESSION_CLOSE,1.15390379,2.6574754,-3.34182527,QQQ,-0.98436689,2.13827068,f4741cc96e4f0e3a335619ddc87c2c0b5c77941f68666107cd7f2ca7fbde7bef,c339d5494bbec6ae0e970cb926c29b8a0a9a1b825140c9071f9096d16878849c,MSFT_BEARISH_CROWDING_SQUEEZE_WATCH,HIGH,PLAN_ENTRY,QQQ.TodayChange > 1.0 OR MSFT.GEXChange < -10.0,64.6,2.0597916437753563,1,0.5705909313655058,0,1,1.45
MSFT_BEARISH_CROWDING_SQUEEZE_WEAK,2026-03-05,LONG,True,FINAL,2026-03-06T07:30:00-05:00,409.2,2026-03-12T16:00:00-04:00,401.92,D5_REGULAR_SESSION_CLOSE,-1.77908113,0.94086022,-1.87927664,QQQ,-1.18610422,-0.59297692,039e9cc29ca451b4f470f73365b0e715b36ae51766da3e0738c24a588a595a81,c339d5494bbec6ae0e970cb926c29b8a0a9a1b825140c9071f9096d16878849c,MSFT_BEARISH_CROWDING_SQUEEZE_WATCH,WEAK,WATCH,NOT(QQQ.TodayChange > 1.0 OR MSFT.GEXChange < -10.0),79.23,1.9620527014010676,1,-0.6187094136787993,0,1,-0.3
MSFT_BEARISH_CROWDING_SQUEEZE_CONFIRMED,2026-04-08,LONG,True,FINAL,2026-04-09T07:30:00-04:00,374.11,2026-04-15T16:00:00-04:00,411.27,D5_REGULAR_SESSION_CLOSE,9.93290743,10.75352169,-1.88714549,QQQ,5.57902235,4.35388509,e4e47948172deb62173caf44eb660105593bfc3d0714c2ff3a63ee4200323a67,c339d5494bbec6ae0e970cb926c29b8a0a9a1b825140c9071f9096d16878849c,MSFT_BEARISH_CROWDING_SQUEEZE_WATCH,HIGH,PLAN_ENTRY,QQQ.TodayChange > 1.0 OR MSFT.GEXChange < -10.0,3.28,1.4056554206151266,1,1.34848243623661,0,1,2.97
MSFT_BEARISH_CROWDING_SQUEEZE_CONFIRMED,2026-04-14,LONG,True,FINAL,2026-04-15T07:30:00-04:00,396.24,2026-04-21T16:00:00-04:00,424.25,D5_REGULAR_SESSION_CLOSE,7.06894811,8.91378962,-0.11356753,QQQ,2.57602293,4.49292519,49dc10ab81b8d7d7f7f836275c5489db7f7f23a5b96d661e2fbcdd64aa43943a,c339d5494bbec6ae0e970cb926c29b8a0a9a1b825140c9071f9096d16878849c,MSFT_BEARISH_CROWDING_SQUEEZE_WATCH,HIGH,PLAN_ENTRY,QQQ.TodayChange > 1.0 OR MSFT.GEXChange < -10.0,31.39,2.4940520302070737,1,2.3792130038762527,0,1,1.82
MSFT_BEARISH_CROWDING_SQUEEZE_CONFIRMED,2026-04-15,LONG,True,FINAL,2026-04-16T07:30:00-04:00,416.4,2026-04-22T16:00:00-04:00,432.69,D5_REGULAR_SESSION_CLOSE,3.91210375,4.14024976,-1.02305476,QQQ,2.6416809,1.27042285,e900c1601268fe97db4672b69623a688d2aa204d7038d1f7386643717097b461,c339d5494bbec6ae0e970cb926c29b8a0a9a1b825140c9071f9096d16878849c,MSFT_BEARISH_CROWDING_SQUEEZE_WATCH,HIGH,PLAN_ENTRY,QQQ.TodayChange > 1.0 OR MSFT.GEXChange < -10.0,-11.42,1.8226686992307528,1,2.0670796844415147,0,1,1.4
MSFT_BEARISH_CROWDING_SQUEEZE_WEAK,2026-04-16,LONG,True,FINAL,2026-04-17T07:30:00-04:00,424.97,2026-04-23T16:00:00-04:00,415.78,D5_REGULAR_SESSION_CLOSE,-2.16250559,2.11073723,-3.18140104,QQQ,1.46731257,-3.62981816,5489de7092f0226ca8239eb21a5f399edfbc861a9d2a3767e12cdaf21f5b9532,c339d5494bbec6ae0e970cb926c29b8a0a9a1b825140c9071f9096d16878849c,MSFT_BEARISH_CROWDING_SQUEEZE_WATCH,WEAK,WATCH,NOT(QQQ.TodayChange > 1.0 OR MSFT.GEXChange < -10.0),46.69,2.422478444850667,1,2.155980722161696,0,1,0.48
MSFT_BEARISH_CROWDING_SQUEEZE_CONFIRMED,2026-04-17,LONG,True,FINAL,2026-04-20T07:30:00-04:00,418.9,2026-04-24T16:00:00-04:00,424.58,D5_REGULAR_SESSION_CLOSE,1.3559322,3.59035569,-1.77846741,QQQ,2.87268163,-1.51674943,ced0c4d6737861f619c9722e1023ce079a14950414cb72ee0824075c6fd6f70a,c339d5494bbec6ae0e970cb926c29b8a0a9a1b825140c9071f9096d16878849c,MSFT_BEARISH_CROWDING_SQUEEZE_WATCH,HIGH,PLAN_ENTRY,QQQ.TodayChange > 1.0 OR MSFT.GEXChange < -10.0,-31.01,1.286370097929978,1,1.4065020620948054,0,1,1.31
MSFT_BEARISH_CROWDING_SQUEEZE_WEAK,2026-04-21,LONG,True,FINAL,2026-04-22T07:30:00-04:00,427.3,2026-04-28T16:00:00-04:00,429.36,D5_REGULAR_SESSION_CLOSE,0.48209689,1.55394337,-5.30540604,QQQ,1.36735008,-0.8852532,e76772083b45c5c2e60319dee517244254217fe91962995925ba8040594a2c2a,c339d5494bbec6ae0e970cb926c29b8a0a9a1b825140c9071f9096d16878849c,MSFT_BEARISH_CROWDING_SQUEEZE_WATCH,WEAK,WATCH,NOT(QQQ.TodayChange > 1.0 OR MSFT.GEXChange < -10.0),11.44,1.1180898960917125,1,0.9420718498455892,0,1,-0.38
MSFT_BEARISH_CROWDING_SQUEEZE_WEAK,2026-04-28,LONG,True,FINAL,2026-04-29T07:30:00-04:00,426.45,2026-05-05T16:00:00-04:00,411.27,D5_REGULAR_SESSION_CLOSE,-3.55962012,4.37565951,-6.66901161,QQQ,3.28246473,-6.84208485,5ac27e83ca623aea82dd4c701cb78a42c04bf3f536898aedcee95ec0cd7c2588,c339d5494bbec6ae0e970cb926c29b8a0a9a1b825140c9071f9096d16878849c,MSFT_BEARISH_CROWDING_SQUEEZE_WATCH,WEAK,WATCH,NOT(QQQ.TodayChange > 1.0 OR MSFT.GEXChange < -10.0),-0.25,-0.3675249853722594,1,1.2539497298210995,0,1,-1.01
MSFT_BEARISH_CROWDING_SQUEEZE_WEAK,2026-05-01,LONG,True,FINAL,2026-05-04T07:30:00-04:00,412.49,2026-05-08T16:00:00-04:00,415.15,D5_REGULAR_SESSION_CLOSE,0.64486412,3.75281825,-1.78670998,QQQ,5.54021965,-4.89535553,58a486862cd1883edc3a95f256d49d9b6dcad8752d393b75675473b5c57d2164,c339d5494bbec6ae0e970cb926c29b8a0a9a1b825140c9071f9096d16878849c,MSFT_BEARISH_CROWDING_SQUEEZE_WATCH,WEAK,WATCH,NOT(QQQ.TodayChange > 1.0 OR MSFT.GEXChange < -10.0),8.05,-0.9640989241313684,0,1.0357299665737894,0,1,0.96
MSFT_BEARISH_CROWDING_SQUEEZE_WEAK,2026-05-07,LONG,True,FINAL,2026-05-08T07:30:00-04:00,420.94,2026-05-14T16:00:00-04:00,409.54,D5_REGULAR_SESSION_CLOSE,-2.70822445,0.09740105,-4.76552478,QQQ,2.78630697,-5.49453142,c5a097ebf4ccdffae71bbc99b589d7b186434e6564ac895af25aebf500b7bbd7,c339d5494bbec6ae0e970cb926c29b8a0a9a1b825140c9071f9096d16878849c,MSFT_BEARISH_CROWDING_SQUEEZE_WATCH,WEAK,WATCH,NOT(QQQ.TodayChange > 1.0 OR MSFT.GEXChange < -10.0),-1.04,-0.1170680210425806,0,0.6708097497982496,0,1,-0.12
MSFT_BEARISH_CROWDING_SQUEEZE_CONFIRMED,2026-07-07,LONG,True,FINAL,2026-07-08T07:30:00-04:00,383.0,2026-07-14T16:00:00-04:00,384.94,D5_REGULAR_SESSION_CLOSE,0.50652742,2.77806789,-2.51958225,QQQ,2.84816006,-2.34163264,c85dc0d12064747cc2f4230905a0ecf0d114a251f17ff50ae25b3c7fe7ecbc4e,c339d5494bbec6ae0e970cb926c29b8a0a9a1b825140c9071f9096d16878849c,MSFT_BEARISH_CROWDING_SQUEEZE_WATCH,HIGH,PLAN_ENTRY,QQQ.TodayChange > 1.0 OR MSFT.GEXChange < -10.0,-11.42,1.218465584388292,0,-1.4161879013145542,1,0,-1.85
MSFT_BEARISH_CROWDING_SQUEEZE_WEAK,2026-07-15,LONG,True,FINAL,2026-07-16T07:30:00-04:00,400.66,2026-07-22T16:00:00-04:00,390.28,D5_REGULAR_SESSION_CLOSE,-2.5907253,1.32780911,-3.37942395,QQQ,-0.72448507,-1.86624024,d4a1a10a907701b5814e5bca0a0eff48c54e196fafada6e63fe7f2ac4fe33238,c339d5494bbec6ae0e970cb926c29b8a0a9a1b825140c9071f9096d16878849c,MSFT_BEARISH_CROWDING_SQUEEZE_WATCH,WEAK,WATCH,NOT(QQQ.TodayChange > 1.0 OR MSFT.GEXChange < -10.0),12.71,1.2629693314605,1,-0.5763804264881605,0,0,-0.27
MSFT_BEARISH_CROWDING_SQUEEZE_CONFIRMED,2026-07-30,LONG,True,FINAL,2026-07-31T07:30:00-04:00,448.5,2026-08-06T16:00:00-04:00,499.87,D5_REGULAR_SESSION_CLOSE,11.45373467,11.82608696,-0.01560758,QQQ,3.47645009,7.97728458,32454588a1f2661d914390f2a4fa0a7cde1d8e9efab403bdc935744e188ecfc4,c339d5494bbec6ae0e970cb926c29b8a0a9a1b825140c9071f9096d16878849c,MSFT_BEARISH_CROWDING_SQUEEZE_WATCH,HIGH,PLAN_ENTRY,QQQ.TodayChange > 1.0 OR MSFT.GEXChange < -10.0,122.25,3.105630474605236,0,-0.0939762309319801,0,0,3.3
MSFT_BEARISH_CROWDING_SQUEEZE_CONFIRMED,2026-07-31,LONG,True,FINAL,2026-08-03T07:30:00-04:00,474.05,2026-08-07T16:00:00-04:00,499.89,D5_REGULAR_SESSION_CLOSE,5.4509018,6.56681785,-0.07383187,QQQ,4.69422974,0.75667207,a97bcd02abbda681e82c634544cc7022dc0a325d9efe8d5a5e0d3fe484190e83,c339d5494bbec6ae0e970cb926c29b8a0a9a1b825140c9071f9096d16878849c,MSFT_BEARISH_CROWDING_SQUEEZE_WATCH,HIGH,PLAN_ENTRY,QQQ.TodayChange > 1.0 OR MSFT.GEXChange < -10.0,-23.8,1.5605094514392186,0,0.0969026857430312,0,0,0.65
MSFT_BEARISH_CROWDING_SQUEEZE_CONFIRMED,2026-08-03,LONG,True,FINAL,2026-08-04T07:30:00-04:00,477.1,2026-08-10T16:00:00-04:00,505.97,D5_REGULAR_SESSION_CLOSE,6.05114232,7.67344372,-0.16139174,QQQ,2.14253368,3.90860864,b1595768ce718bb9f88bec92b5bc2817e71a077689599cca2ab75c1cbca0cc33,c339d5494bbec6ae0e970cb926c29b8a0a9a1b825140c9071f9096d16878849c,MSFT_BEARISH_CROWDING_SQUEEZE_WATCH,HIGH,PLAN_ENTRY,QQQ.TodayChange > 1.0 OR MSFT.GEXChange < -10.0,-12.61,0.9784022312194668,1,1.0944752197686918,0,1,1.76
MSFT_BEARISH_CROWDING_SQUEEZE_WEAK,2026-08-10,LONG,True,UNRESOLVED,,,,,,,,,,,,410c56ec38bf6d978708d49e4cbd9ba62726ff40b894cd3c5e99bacc1fc9bbda,c339d5494bbec6ae0e970cb926c29b8a0a9a1b825140c9071f9096d16878849c,MSFT_BEARISH_CROWDING_SQUEEZE_WATCH,WEAK,WATCH,NOT(QQQ.TodayChange > 1.0 OR MSFT.GEXChange < -10.0),-4.39,0.3698937205145279,1,1.309465144085307,0,1,-0.3
