signal_code,market_date,direction,triggered,status,entry_timestamp,entry_price,exit_timestamp,exit_price,exit_reason,return_pct,mfe_pct,mae_pct,benchmark,benchmark_directional_return_pct,directional_excess_vs_benchmark_pct,source_revision,source_hash,base_signal_code,feature_tier,production_action,feature_confirmation,ORCL_GEXChange,ORCL_GEX_ZScore,QQQ_GEX_Trending_Up,QQQ_GEX_ZScore_60day,QQQ_Is_Potential_Swing_Up,QQQ_Price_Above_SMA20,QQQ_TodayChange
ORCL_FAILED_BULLISH_SUPPORT_HIGH,2025-10-20,SHORT,True,FINAL,2025-10-21T07:30:00-04:00,278.13,2025-10-22T16:00:00-04:00,272.7,D2_REGULAR_SESSION_CLOSE,1.95232445,3.19275159,-0.78021069,QQQ,1.03965737,0.91266708,28ea64ac5046f524d46af3c5ad0448e0f3d97b6280cecb16eb3016a683f2d5c3,5deb7941eddc6a75b90e6d3375c6ec98c75590bf553a0edda4a29d57d2f8966b,ORCL_FAILED_BULLISH_SUPPORT,HIGH,PLAN_ENTRY,ORCL.GEXChange < -10.0,-132.47,-1.3452223808440262,0,-0.3327741517085722,0,1,1.26
ORCL_FAILED_BULLISH_SUPPORT_STANDARD,2025-10-21,SHORT,True,FINAL,2025-10-22T07:30:00-04:00,274.5,2025-10-23T16:00:00-04:00,280.07,D2_REGULAR_SESSION_CLOSE,-2.0291439,1.91256831,-3.13296903,QQQ,-0.07374994,-1.95539396,5e318552b9ff857fdcdcc78bf0038ae6e1d1969007c5c3cc806baec729a904d0,5deb7941eddc6a75b90e6d3375c6ec98c75590bf553a0edda4a29d57d2f8966b,ORCL_FAILED_BULLISH_SUPPORT,STANDARD,PLAN_ENTRY,NOT(ORCL.GEXChange < -10.0),125.23,-1.4119718014340492,0,-1.0602895211921426,0,1,-0.03
ORCL_FAILED_BULLISH_SUPPORT_STANDARD,2025-10-28,SHORT,True,FINAL,2025-10-29T07:30:00-04:00,282.15,2025-10-30T16:00:00-04:00,256.89,D2_REGULAR_SESSION_CLOSE,8.95268474,9.1688818,-0.12759171,QQQ,1.59553564,7.3571491,c311ab295550a3eb24e950b9e7440d817388cf681ba664bc5920f0b084dfebc4,5deb7941eddc6a75b90e6d3375c6ec98c75590bf553a0edda4a29d57d2f8966b,ORCL_FAILED_BULLISH_SUPPORT,STANDARD,PLAN_ENTRY,NOT(ORCL.GEXChange < -10.0),107.18,-0.4763754469569793,1,0.9223441857272688,0,1,0.77
ORCL_FAILED_BULLISH_SUPPORT_HIGH,2025-11-10,SHORT,True,FINAL,2025-11-11T07:30:00-05:00,237.93,2025-11-12T16:00:00-05:00,226.99,D2_REGULAR_SESSION_CLOSE,4.59799101,4.94263019,-0.9750767,QQQ,-0.01610462,4.61409562,1c9f0fd998141aad2cf07f0c017440a22f6813c5cf1922699fd0e77cdc983387,5deb7941eddc6a75b90e6d3375c6ec98c75590bf553a0edda4a29d57d2f8966b,ORCL_FAILED_BULLISH_SUPPORT,HIGH,PLAN_ENTRY,ORCL.GEXChange < -10.0,-24.55,-0.8185608831805267,0,0.5674082551549298,0,1,2.21
ORCL_FAILED_BULLISH_SUPPORT_STANDARD,2025-11-12,SHORT,True,FINAL,2025-11-13T07:30:00-05:00,225.5,2025-11-14T16:00:00-05:00,222.85,D2_REGULAR_SESSION_CLOSE,1.1751663,6.53215078,-1.01995565,QQQ,1.79372197,-0.61855568,e6e8d8953ace8201e525361016337dc7f3ee214e14a4df4d45665cfbb90d9c5c,5deb7941eddc6a75b90e6d3375c6ec98c75590bf553a0edda4a29d57d2f8966b,ORCL_FAILED_BULLISH_SUPPORT,STANDARD,PLAN_ENTRY,NOT(ORCL.GEXChange < -10.0),38.94,-1.3912104688798523,0,0.5809791689021541,0,1,-0.08
ORCL_FAILED_BULLISH_SUPPORT_STANDARD,2025-11-13,SHORT,True,FINAL,2025-11-14T07:30:00-05:00,213.65,2025-11-17T16:00:00-05:00,219.83,D2_REGULAR_SESSION_CLOSE,-2.89258132,1.34799906,-6.27194009,QQQ,-0.50114047,-2.39144086,59229ff80561b23fdf237e51d8430efc3fb620b4798135260e40744762402f1e,5deb7941eddc6a75b90e6d3375c6ec98c75590bf553a0edda4a29d57d2f8966b,ORCL_FAILED_BULLISH_SUPPORT,STANDARD,PLAN_ENTRY,NOT(ORCL.GEXChange < -10.0),1.46,-1.325458996428453,1,-1.1963824908355032,0,0,-2.04
ORCL_FAILED_BULLISH_SUPPORT_HIGH,2025-11-21,SHORT,True,FINAL,2025-11-24T07:30:00-05:00,198.72,2025-11-25T16:00:00-05:00,196.99,D2_REGULAR_SESSION_CLOSE,0.87057166,6.58715781,-2.56642512,QQQ,-2.45318258,3.32375423,f0dd87c95ea821242360d3c7276199b2336eebbdc4a4f062c212bd489c03524d,5deb7941eddc6a75b90e6d3375c6ec98c75590bf553a0edda4a29d57d2f8966b,ORCL_FAILED_BULLISH_SUPPORT,HIGH,PLAN_ENTRY,ORCL.GEXChange < -10.0,-42.49,-0.4744475242757189,0,-0.4587392276467706,1,0,0.75
ORCL_FAILED_BULLISH_SUPPORT_STANDARD,2025-12-12,SHORT,True,FINAL,2025-12-15T07:30:00-05:00,187.91,2025-12-16T16:00:00-05:00,188.62,D2_REGULAR_SESSION_CLOSE,-0.37784046,3.46442446,-1.50071843,QQQ,0.77846254,-1.15630299,3591c62ed2408947a871eed4e9d3cbfd2a6efd6839219232af0c53f506f34e7f,5deb7941eddc6a75b90e6d3375c6ec98c75590bf553a0edda4a29d57d2f8966b,ORCL_FAILED_BULLISH_SUPPORT,STANDARD,PLAN_ENTRY,NOT(ORCL.GEXChange < -10.0),301.85,-0.683814808223124,1,0.1866821254123389,0,1,-1.91
ORCL_FAILED_BULLISH_SUPPORT_STANDARD,2025-12-17,SHORT,True,FINAL,2025-12-18T07:30:00-05:00,180.74,2025-12-19T16:00:00-05:00,192.32,D2_REGULAR_SESSION_CLOSE,-6.40699347,1.51045701,-7.95618015,QQQ,-1.93552649,-4.47146698,98d81aeb9f4158c1f1277e51df3279761c154a3dfc162fe924fa7ecfa76cb2ed,5deb7941eddc6a75b90e6d3375c6ec98c75590bf553a0edda4a29d57d2f8966b,ORCL_FAILED_BULLISH_SUPPORT,STANDARD,PLAN_ENTRY,NOT(ORCL.GEXChange < -10.0),7129.79,-1.6724643161306607,0,-0.6217266849058006,0,0,-1.85
ORCL_FAILED_BULLISH_SUPPORT_STANDARD,2025-12-30,SHORT,True,FINAL,2025-12-31T07:30:00-05:00,196.42,2026-01-02T16:00:00-05:00,195.69,D2_REGULAR_SESSION_CLOSE,0.37165258,1.63934426,-1.10986661,QQQ,0.84260577,-0.47095319,dfe7effeae3f8e82c0c4ce87c915300f102cc312a6d81bbdf6c67d73a224946f,5deb7941eddc6a75b90e6d3375c6ec98c75590bf553a0edda4a29d57d2f8966b,ORCL_FAILED_BULLISH_SUPPORT,STANDARD,PLAN_ENTRY,NOT(ORCL.GEXChange < -10.0),121.36,0.5438095187028721,1,-0.2330404517746196,0,1,-0.23
ORCL_FAILED_BULLISH_SUPPORT_HIGH,2025-12-31,SHORT,True,FINAL,2026-01-02T07:30:00-05:00,198.23,2026-01-05T16:00:00-05:00,192.64,D2_REGULAR_SESSION_CLOSE,2.81995662,2.97634061,-1.74544721,QQQ,0.37241846,2.44753815,576116731e8943f2b7b9c7bf2499cad501c4a7caf5fd819313b4ae0f23e15e2b,5deb7941eddc6a75b90e6d3375c6ec98c75590bf553a0edda4a29d57d2f8966b,ORCL_FAILED_BULLISH_SUPPORT,HIGH,PLAN_ENTRY,ORCL.GEXChange < -10.0,-37.9,0.189291432297177,0,-1.2150579287718584,0,0,-0.83
ORCL_FAILED_BULLISH_SUPPORT_HIGH,2026-01-02,SHORT,True,FINAL,2026-01-05T07:30:00-05:00,198.76,2026-01-06T16:00:00-05:00,193.76,D2_REGULAR_SESSION_CLOSE,2.5155967,4.05514188,-1.47413967,QQQ,-0.99296984,3.50856654,5bd7bfd07d650d4957a480c8a366f4703578a92f961f8fb9e31c6f89b2d1d6c8,5deb7941eddc6a75b90e6d3375c6ec98c75590bf553a0edda4a29d57d2f8966b,ORCL_FAILED_BULLISH_SUPPORT,HIGH,PLAN_ENTRY,ORCL.GEXChange < -10.0,-26.19,0.0556066718912854,0,-0.4761495880646932,1,0,-0.19
ORCL_FAILED_BULLISH_SUPPORT_STANDARD,2026-01-05,SHORT,True,FINAL,2026-01-06T07:30:00-05:00,193.38,2026-01-07T16:00:00-05:00,192.87,D2_REGULAR_SESSION_CLOSE,0.26372944,1.38587238,-1.18419692,QQQ,-0.84518423,1.10891367,825a1cb917bab0a5baaa2b310f4333c11aa15b155037594fb7289cd58bf66a22,5deb7941eddc6a75b90e6d3375c6ec98c75590bf553a0edda4a29d57d2f8966b,ORCL_FAILED_BULLISH_SUPPORT,STANDARD,PLAN_ENTRY,NOT(ORCL.GEXChange < -10.0),-8.25,0.0187795374602168,0,0.2489935576691852,0,0,0.79
ORCL_FAILED_BULLISH_SUPPORT_HIGH,2026-01-14,SHORT,True,FINAL,2026-01-15T07:30:00-05:00,195.21,2026-01-16T16:00:00-05:00,191.12,D2_REGULAR_SESSION_CLOSE,2.09517955,4.44649352,-0.55837303,QQQ,0.53970949,1.55547006,da4c5fad4dfabb1ffa9062adcee145bad8dd3294b925deeb89a25874f5574ab2,5deb7941eddc6a75b90e6d3375c6ec98c75590bf553a0edda4a29d57d2f8966b,ORCL_FAILED_BULLISH_SUPPORT,HIGH,PLAN_ENTRY,ORCL.GEXChange < -10.0,-83.83,-0.3006938819908303,1,0.3021483673824949,0,1,-1.07
ORCL_FAILED_BULLISH_SUPPORT_HIGH,2026-01-15,SHORT,True,FINAL,2026-01-16T07:30:00-05:00,191.02,2026-01-20T16:00:00-05:00,179.96,D2_REGULAR_SESSION_CLOSE,5.78996964,6.10407287,-0.55491572,QQQ,2.6668801,3.12308953,f71664700be1a30176c33315699dc78666ab2e53c97ac797b3ee22e36f329bdf,5deb7941eddc6a75b90e6d3375c6ec98c75590bf553a0edda4a29d57d2f8966b,ORCL_FAILED_BULLISH_SUPPORT,HIGH,PLAN_ENTRY,ORCL.GEXChange < -10.0,-374.81,-1.160367068264545,1,0.0245054468387113,0,1,0.36
ORCL_FAILED_BULLISH_SUPPORT_STANDARD,2026-01-21,SHORT,True,FINAL,2026-01-22T07:30:00-05:00,177.42,2026-01-23T16:00:00-05:00,177.13,D2_REGULAR_SESSION_CLOSE,0.16345395,3.05489798,-2.21508285,QQQ,-0.23982359,0.40327754,5b2494d99bd8105b7e86ab8bc69b7cff50cf9239ad5ca0e8df95cac243e6eb36,5deb7941eddc6a75b90e6d3375c6ec98c75590bf553a0edda4a29d57d2f8966b,ORCL_FAILED_BULLISH_SUPPORT,STANDARD,PLAN_ENTRY,NOT(ORCL.GEXChange < -10.0),2.04,-1.871432318267564,0,0.0001152292349547,1,0,1.35
ORCL_FAILED_BULLISH_SUPPORT_HIGH,2026-01-26,SHORT,True,FINAL,2026-01-27T07:30:00-05:00,182.6,2026-01-28T16:00:00-05:00,172.8,D2_REGULAR_SESSION_CLOSE,5.36692223,5.88170865,-1.82913472,QQQ,-0.59917355,5.96609579,0f26dcc4db9385d2e5635aa117aeac13be8f6b725301e49970b43c705e7f4b01,5deb7941eddc6a75b90e6d3375c6ec98c75590bf553a0edda4a29d57d2f8966b,ORCL_FAILED_BULLISH_SUPPORT,HIGH,PLAN_ENTRY,ORCL.GEXChange < -10.0,-302.03,0.6268397951502275,0,-0.1001032231257211,0,1,0.44
ORCL_FAILED_BULLISH_SUPPORT_STANDARD,2026-02-03,SHORT,True,FINAL,2026-02-04T07:30:00-05:00,154.4,2026-02-05T16:00:00-05:00,136.45,D2_REGULAR_SESSION_CLOSE,11.62564767,12.40284974,-0.49222798,QQQ,3.10927915,8.51636851,111a5c7c3fc41529c707e282f706a86416abca2ef4b951b2fcddefec7046959c,5deb7941eddc6a75b90e6d3375c6ec98c75590bf553a0edda4a29d57d2f8966b,ORCL_FAILED_BULLISH_SUPPORT,STANDARD,PLAN_ENTRY,NOT(ORCL.GEXChange < -10.0),14.97,-1.5522988595126603,0,-0.7888882073352875,0,0,-1.54
ORCL_FAILED_BULLISH_SUPPORT_STANDARD,2026-02-04,SHORT,True,FINAL,2026-02-05T07:30:00-05:00,145.72,2026-02-06T16:00:00-05:00,142.8,D2_REGULAR_SESSION_CLOSE,2.00384299,9.14081801,-2.55970354,QQQ,-1.01073701,3.01458,d5e9c198f8f8d8ea0cf608fa058a787bc72b04bc29ba8dad4127ce489ae2a05c,5deb7941eddc6a75b90e6d3375c6ec98c75590bf553a0edda4a29d57d2f8966b,ORCL_FAILED_BULLISH_SUPPORT,STANDARD,PLAN_ENTRY,NOT(ORCL.GEXChange < -10.0),4.97,-1.4580848578870185,0,-1.614683985373268,0,0,-1.75
ORCL_FAILED_BULLISH_SUPPORT_HIGH,2026-02-19,SHORT,True,FINAL,2026-02-20T07:30:00-05:00,155.47,2026-02-23T16:00:00-05:00,141.29,D2_REGULAR_SESSION_CLOSE,9.12073069,10.86383225,-1.51154564,QQQ,0.15604768,8.96468301,f3379b0a1beb99c168e7e8e950b93fc313f9f50426f41c014e181437df8affbd,5deb7941eddc6a75b90e6d3375c6ec98c75590bf553a0edda4a29d57d2f8966b,ORCL_FAILED_BULLISH_SUPPORT,HIGH,PLAN_ENTRY,ORCL.GEXChange < -10.0,-174.27,1.1687673544655746,0,-1.972732103860024,0,0,-0.38
ORCL_FAILED_BULLISH_SUPPORT_STANDARD,2026-03-24,SHORT,True,FINAL,2026-03-25T07:30:00-04:00,149.25,2026-03-26T16:00:00-04:00,142.8,D2_REGULAR_SESSION_CLOSE,4.32160804,4.4958124,-0.39530988,QQQ,2.84674005,1.47486799,2554b8a99e6ebb784adf5f1fd7668e9978810dd6e923abad8570eaefcfccb244,5deb7941eddc6a75b90e6d3375c6ec98c75590bf553a0edda4a29d57d2f8966b,ORCL_FAILED_BULLISH_SUPPORT,STANDARD,PLAN_ENTRY,NOT(ORCL.GEXChange < -10.0),2734.48,-1.335152038084216,0,-0.5714853031179308,0,0,-0.68
ORCL_FAILED_BULLISH_SUPPORT_STANDARD,2026-03-26,SHORT,True,FINAL,2026-03-27T07:30:00-04:00,140.79,2026-03-30T16:00:00-04:00,138.79,D2_REGULAR_SESSION_CLOSE,1.42055544,2.72746644,-2.48597202,QQQ,2.19166083,-0.77110539,0dfd6b9db2f5baeb3a5792f209f633cccf7155f412e16f695c2055dec8dfddd2,5deb7941eddc6a75b90e6d3375c6ec98c75590bf553a0edda4a29d57d2f8966b,ORCL_FAILED_BULLISH_SUPPORT,STANDARD,PLAN_ENTRY,NOT(ORCL.GEXChange < -10.0),49.23,-1.977282335172472,0,-0.7392221690700621,0,0,-2.39
ORCL_FAILED_BULLISH_SUPPORT_STANDARD,2026-03-30,SHORT,True,FINAL,2026-03-31T07:30:00-04:00,140.33,2026-04-01T16:00:00-04:00,145.28,D2_REGULAR_SESSION_CLOSE,-3.5273997,0.34205088,-7.95980902,QQQ,-3.68957195,0.16217225,934049baeb1eb5dfe4bb50c88171579d1c7438aaf14f087e8f920f266067a984,5deb7941eddc6a75b90e6d3375c6ec98c75590bf553a0edda4a29d57d2f8966b,ORCL_FAILED_BULLISH_SUPPORT,STANDARD,PLAN_ENTRY,NOT(ORCL.GEXChange < -10.0),-5.94,-0.8362646737869862,0,-0.8645205288783807,0,0,-0.76
ORCL_FAILED_BULLISH_SUPPORT_STANDARD,2026-05-21,SHORT,True,FINAL,2026-05-22T07:30:00-04:00,189.89,2026-05-26T16:00:00-04:00,192.9,D2_REGULAR_SESSION_CLOSE,-1.58512823,0.10532414,-3.744273,QQQ,-2.06018421,0.47505598,5d30498e06b952cc4ff0d8fab1f98fd637bcb4f7526431981820827e1bc5430e,5deb7941eddc6a75b90e6d3375c6ec98c75590bf553a0edda4a29d57d2f8966b,ORCL_FAILED_BULLISH_SUPPORT,STANDARD,PLAN_ENTRY,NOT(ORCL.GEXChange < -10.0),37.91,0.4035948263565123,0,0.5238679345441416,0,1,0.19
ORCL_FAILED_BULLISH_SUPPORT_STANDARD,2026-06-08,SHORT,True,FINAL,2026-06-09T07:30:00-04:00,214.7,2026-06-10T16:00:00-04:00,203.78,D2_REGULAR_SESSION_CLOSE,5.08616674,7.87610619,-2.70144388,QQQ,3.89687751,1.18928923,7a869ea04020f7044cb31dd0d4673b5f6a6d98827940cc530ea84ef936276656,5deb7941eddc6a75b90e6d3375c6ec98c75590bf553a0edda4a29d57d2f8966b,ORCL_FAILED_BULLISH_SUPPORT,STANDARD,PLAN_ENTRY,NOT(ORCL.GEXChange < -10.0),4.84,-0.7863256452025283,0,-0.7846304425982006,1,0,1.56
ORCL_FAILED_BULLISH_SUPPORT_STANDARD,2026-06-09,SHORT,True,FINAL,2026-06-10T07:30:00-04:00,198.35,2026-06-11T16:00:00-04:00,183.83,D2_REGULAR_SESSION_CLOSE,7.32039324,11.63095538,-7.28510209,QQQ,-2.78024847,10.10064172,33bb1bd2b1f8b997969f378cb995374de9731802d46268c25cce0daa04289272,5deb7941eddc6a75b90e6d3375c6ec98c75590bf553a0edda4a29d57d2f8966b,ORCL_FAILED_BULLISH_SUPPORT,STANDARD,PLAN_ENTRY,NOT(ORCL.GEXChange < -10.0),-3.01,-0.7433200371164713,0,-0.8126816792338522,0,0,-1.15
ORCL_FAILED_BULLISH_SUPPORT_STANDARD,2026-06-24,SHORT,True,FINAL,2026-06-25T07:30:00-04:00,158.83,2026-06-26T16:00:00-04:00,148.62,D2_REGULAR_SESSION_CLOSE,6.42825663,6.81861109,-0.40294655,QQQ,2.57192135,3.85633527,c9203312f2e5b78607fc78382688b115932ec0c7fb21c4c9bf5715b3602036ef,5deb7941eddc6a75b90e6d3375c6ec98c75590bf553a0edda4a29d57d2f8966b,ORCL_FAILED_BULLISH_SUPPORT,STANDARD,PLAN_ENTRY,NOT(ORCL.GEXChange < -10.0),9.58,-1.645279810958939,0,-0.8732910017376967,1,0,-0.42
ORCL_FAILED_BULLISH_SUPPORT_STANDARD,2026-06-25,SHORT,True,FINAL,2026-06-26T07:30:00-04:00,148.96,2026-06-29T16:00:00-04:00,147.8,D2_REGULAR_SESSION_CLOSE,0.77873255,2.52416756,-3.9943609,QQQ,-2.3279481,3.10668064,141d81409fa11a5d24bb5df32bcd941165863eab4d6753dfbcbf5b7c3c181739,5deb7941eddc6a75b90e6d3375c6ec98c75590bf553a0edda4a29d57d2f8966b,ORCL_FAILED_BULLISH_SUPPORT,STANDARD,PLAN_ENTRY,NOT(ORCL.GEXChange < -10.0),10.54,-1.538429446748324,0,-1.1070851363068503,0,0,0.81
ORCL_FAILED_BULLISH_SUPPORT_HIGH,2026-06-26,SHORT,True,FINAL,2026-06-29T07:30:00-04:00,153.49,2026-06-30T16:00:00-04:00,146.7,D2_REGULAR_SESSION_CLOSE,4.42374096,5.87008926,-0.9251417,QQQ,-2.83014912,7.25389008,e665933f4d569fa8a3c7284d010f3eda204de0973423079951091fe9497b4f58,5deb7941eddc6a75b90e6d3375c6ec98c75590bf553a0edda4a29d57d2f8966b,ORCL_FAILED_BULLISH_SUPPORT,HIGH,PLAN_ENTRY,ORCL.GEXChange < -10.0,-37.81,-1.1045812590731512,0,-1.489451027956178,0,0,-1.38
ORCL_FAILED_BULLISH_SUPPORT_HIGH,2026-06-30,SHORT,True,FINAL,2026-07-01T07:30:00-04:00,148.69,2026-07-02T16:00:00-04:00,140.3,D2_REGULAR_SESSION_CLOSE,5.64261215,6.63797162,-0.42370032,QQQ,2.79217591,2.85043624,b0a4db3e96c5f945273b28207ac3e65fa6320ab2012b9600d1a67125da4e6547,5deb7941eddc6a75b90e6d3375c6ec98c75590bf553a0edda4a29d57d2f8966b,ORCL_FAILED_BULLISH_SUPPORT,HIGH,PLAN_ENTRY,ORCL.GEXChange < -10.0,-12.93,-0.808405444160951,0,0.434428821222039,0,1,1.7
ORCL_FAILED_BULLISH_SUPPORT_STANDARD,2026-07-01,SHORT,True,FINAL,2026-07-02T07:30:00-04:00,144.51,2026-07-06T16:00:00-04:00,143.79,D2_REGULAR_SESSION_CLOSE,0.49823542,3.93744378,-1.76458377,QQQ,0.14647156,0.35176386,084aabf11f81e8b167f69a81067be8ef3ee8e2fbc2650b8a789af741d4366486,5deb7941eddc6a75b90e6d3375c6ec98c75590bf553a0edda4a29d57d2f8966b,ORCL_FAILED_BULLISH_SUPPORT,STANDARD,PLAN_ENTRY,NOT(ORCL.GEXChange < -10.0),24.09,-0.8863633340311251,1,-0.6789544979359708,0,1,-1.52
ORCL_FAILED_BULLISH_SUPPORT_HIGH,2026-07-02,SHORT,True,FINAL,2026-07-06T07:30:00-04:00,144.1,2026-07-07T16:00:00-04:00,141.6,D2_REGULAR_SESSION_CLOSE,1.73490632,4.54545455,-1.59611381,QQQ,1.58681721,0.1480891,5c4b1fc17ba607ce9eef45a5bdff11355f9b77ccee0d16020d4e77094391ef33,5deb7941eddc6a75b90e6d3375c6ec98c75590bf553a0edda4a29d57d2f8966b,ORCL_FAILED_BULLISH_SUPPORT,HIGH,PLAN_ENTRY,ORCL.GEXChange < -10.0,-60.19,-0.2908614888165846,1,-1.2459697378613082,0,0,-1.73
ORCL_FAILED_BULLISH_SUPPORT_HIGH,2026-07-16,SHORT,True,FINAL,2026-07-17T07:30:00-04:00,122.19,2026-07-20T16:00:00-04:00,121.37,D2_REGULAR_SESSION_CLOSE,0.67108601,1.48129962,-5.11498486,QQQ,-0.45315917,1.12424518,a9a5eb387c8b1ab14aff9bfdc736b527bbaf48e24d630f4fa7dea6236f8021c2,5deb7941eddc6a75b90e6d3375c6ec98c75590bf553a0edda4a29d57d2f8966b,ORCL_FAILED_BULLISH_SUPPORT,HIGH,PLAN_ENTRY,ORCL.GEXChange < -10.0,-177.0,-0.6634211590170456,0,-2.2203219912263776,0,0,-1.64
ORCL_FAILED_BULLISH_SUPPORT_HIGH,2026-07-23,SHORT,True,FINAL,2026-07-24T07:30:00-04:00,122.65,2026-07-27T16:00:00-04:00,119.96,D2_REGULAR_SESSION_CLOSE,2.19323278,6.44109254,-0.35059111,QQQ,1.3997922,0.79344058,6c0d4219b8bdaa3e80f5ecb584c4b4c882648d70fcfc7ecc2a5dccb2f2fb8d82,5deb7941eddc6a75b90e6d3375c6ec98c75590bf553a0edda4a29d57d2f8966b,ORCL_FAILED_BULLISH_SUPPORT,HIGH,PLAN_ENTRY,ORCL.GEXChange < -10.0,-158.87,-0.9243541629432628,0,-3.4362887054261813,0,0,-1.9
