signal_code,market_date,direction,triggered,resolved,entry_timestamp,entry_price,exit_timestamp,exit_price,exit_reason,return_pct,source_revision,source_hash,feature__SCOptionCountChg_Rank60,feature__Prev2DaysChange
CRWD_CONTROLLED_SC_ACTIVITY_LONG,2026-05-11,LONG,True,True,2026-05-12T07:30:00-04:00,537.0,2026-05-12T16:00:00-04:00,546.44,D1_CLOSE,1.7579143389199414,c4803ca55e607f5ba904ce1b7c6e0a7aadc7e8d0129cc087614eb232c0f37c5a,ceb7bf531ae8b91b7ba459c7da185471608aac02585b9596b24c1ebfdacd2afc,0.14285714285714285,12.75
CRWD_CONTROLLED_SC_ACTIVITY_LONG,2026-05-12,LONG,True,True,2026-05-13T07:30:00-04:00,544.5,2026-05-13T16:00:00-04:00,562.34,D1_CLOSE,3.2764003673094733,3d717f06a9a7d004aae381d56cd208c36e7f5380c11ee90d28d42a493130964d,ceb7bf531ae8b91b7ba459c7da185471608aac02585b9596b24c1ebfdacd2afc,0.42857142857142855,7.23
CRWD_CONTROLLED_SC_ACTIVITY_LONG,2026-05-14,LONG,True,True,2026-05-15T07:30:00-04:00,577.88,2026-05-15T16:00:00-04:00,594.09,D1_CLOSE,2.8050806395791605,53a0ab22813784884fd45fd18e1e3cd0dbcf81ae08a0efe1690321a6935c79b0,ceb7bf531ae8b91b7ba459c7da185471608aac02585b9596b24c1ebfdacd2afc,0.5714285714285714,3.74
CRWD_CONTROLLED_SC_ACTIVITY_LONG,2026-05-15,LONG,True,True,2026-05-18T07:30:00-04:00,592.0,2026-05-18T16:00:00-04:00,619.09,D1_CLOSE,4.5760135135135105,b72a2985c45d8e95d99e89c93bcaa4f2c0d1b780012eeb2a3b567ddc2b491586,ceb7bf531ae8b91b7ba459c7da185471608aac02585b9596b24c1ebfdacd2afc,0.03571428571428571,6.19
CRWD_CONTROLLED_SC_ACTIVITY_LONG,2026-05-19,LONG,True,True,2026-05-20T07:30:00-04:00,611.07,2026-05-20T16:00:00-04:00,650.18,D1_CLOSE,6.400248744006398,d95e7d639280ae2133fdef72a3aa63a543d519c4555d84bdcfff3600ec7e7171,ceb7bf531ae8b91b7ba459c7da185471608aac02585b9596b24c1ebfdacd2afc,0.30357142857142855,6.7
CRWD_CONTROLLED_SC_ACTIVITY_LONG,2026-05-20,LONG,True,True,2026-05-21T07:30:00-04:00,647.45,2026-05-21T16:00:00-04:00,648.3,D1_CLOSE,0.13128426905550938,335bccb180d144a0666254ece88eef06e143104f62a9985b7fdc6db8bbc2731c,ceb7bf531ae8b91b7ba459c7da185471608aac02585b9596b24c1ebfdacd2afc,0.7857142857142857,3.84
CRWD_CONTROLLED_SC_ACTIVITY_LONG,2026-05-21,LONG,True,True,2026-05-22T07:30:00-04:00,649.0,2026-05-22T16:00:00-04:00,663.21,D1_CLOSE,2.1895223420647314,97c638b9a8f1e4b2b56c2c25b06ff721a50c326411f22ede3ee3e1f2ec2e02f4,ceb7bf531ae8b91b7ba459c7da185471608aac02585b9596b24c1ebfdacd2afc,0.21428571428571427,5.05
CRWD_CONTROLLED_SC_ACTIVITY_LONG,2026-05-22,LONG,True,True,2026-05-26T07:30:00-04:00,664.0,2026-05-26T16:00:00-04:00,671.7,D1_CLOSE,1.1596385542168797,238df1ce9f9ec1a2476827fa5a29e9f0229596e6dc1d55a62166e29017e55a6a,ceb7bf531ae8b91b7ba459c7da185471608aac02585b9596b24c1ebfdacd2afc,0.42857142857142855,5.08
CRWD_CONTROLLED_SC_ACTIVITY_LONG,2026-05-26,LONG,True,True,2026-05-27T07:30:00-04:00,645.36,2026-05-27T16:00:00-04:00,645.36,D1_CLOSE,0.0,000097984a41db338146d9673888fb8f76b54037b61923f73cca73a932243a95,ceb7bf531ae8b91b7ba459c7da185471608aac02585b9596b24c1ebfdacd2afc,0.625,2.06
CRWD_CONTROLLED_SC_ACTIVITY_LONG,2026-05-29,LONG,True,True,2026-06-01T07:30:00-04:00,740.99,2026-06-01T16:00:00-04:00,781.98,D1_CLOSE,5.531788553151862,6e732333635f8fac9aef7dce1052ec93d058501338c0b975f8fd085e5767ee81,ceb7bf531ae8b91b7ba459c7da185471608aac02585b9596b24c1ebfdacd2afc,0.44642857142857145,-0.08
CRWD_CONTROLLED_SC_ACTIVITY_LONG,2026-06-02,LONG,True,True,2026-06-03T07:30:00-04:00,771.47,2026-06-03T16:00:00-04:00,747.26,D1_CLOSE,-3.1381648022606234,e22d241e88c359f558ac7067a88cf7ce63a3fc27f321a34323254310cefe94c5,ceb7bf531ae8b91b7ba459c7da185471608aac02585b9596b24c1ebfdacd2afc,0.08928571428571429,16.57
CRWD_CONTROLLED_SC_ACTIVITY_LONG,2026-06-03,LONG,True,True,2026-06-04T07:30:00-04:00,673.0,2026-06-04T16:00:00-04:00,719.33,D1_CLOSE,6.884101040118873,5ba6b739f1ba8ec4d41c1a051e2bd228ace352d7aad2e281701fcd7781a898db,ceb7bf531ae8b91b7ba459c7da185471608aac02585b9596b24c1ebfdacd2afc,0.10714285714285714,5.19
CRWD_CONTROLLED_SC_ACTIVITY_LONG,2026-06-12,LONG,True,True,2026-06-15T07:30:00-04:00,692.5,2026-06-15T16:00:00-04:00,692.79,D1_CLOSE,0.04187725631767947,cc246f2d0a3c7798dbaf1cb68dbee1c0382d74e97ff1b99ad83a35c24fe26cdc,ceb7bf531ae8b91b7ba459c7da185471608aac02585b9596b24c1ebfdacd2afc,0.017857142857142856,7.23
CRWD_CONTROLLED_SC_ACTIVITY_LONG,2026-06-15,LONG,True,True,2026-06-16T07:30:00-04:00,692.2,2026-06-16T16:00:00-04:00,679.5,D1_CLOSE,-1.8347298468650797,68b156ed0bb3aea58c51ef0ed0862da3a717f925a4980e7cc5b251a6d0ef55ed,ceb7bf531ae8b91b7ba459c7da185471608aac02585b9596b24c1ebfdacd2afc,0.4642857142857143,5.41
CRWD_CONTROLLED_SC_ACTIVITY_LONG,2026-06-17,LONG,True,True,2026-06-18T07:30:00-04:00,678.54,2026-06-18T16:00:00-04:00,684.53,D1_CLOSE,0.8827777286527061,82c7dc97d31934a04a7d913c25d71e681d9b060e0d489a4c697d458186beabb8,ceb7bf531ae8b91b7ba459c7da185471608aac02585b9596b24c1ebfdacd2afc,0.25,-0.49
CRWD_CONTROLLED_SC_ACTIVITY_LONG,2026-06-24,LONG,True,True,2026-06-25T07:30:00-04:00,676.0,2026-06-25T16:00:00-04:00,678.99,D1_CLOSE,0.4423076923076863,7b48ddb90860b1179c61224dcda6d7c56e13304dd5076b0e9466254a4ea349e2,ceb7bf531ae8b91b7ba459c7da185471608aac02585b9596b24c1ebfdacd2afc,0.7407407407407407,-0.58
CRWD_CONTROLLED_SC_ACTIVITY_LONG,2026-06-25,LONG,True,True,2026-06-26T07:30:00-04:00,676.0,2026-06-26T16:00:00-04:00,699.76,D1_CLOSE,3.514792899408281,e514338b55e7b16d208867cca3c91a6134a09ce357cd8708c982f8bbb2e83b50,ceb7bf531ae8b91b7ba459c7da185471608aac02585b9596b24c1ebfdacd2afc,0.7222222222222222,-0.36
CRWD_CONTROLLED_SC_ACTIVITY_LONG,2026-06-26,LONG,True,True,2026-06-29T07:30:00-04:00,711.02,2026-06-29T16:00:00-04:00,742.56,D1_CLOSE,4.435880847233542,823152c94115b8635b54dd28845d8abc1ff8b5f824cfbb43ff64d09487d6ca47,ceb7bf531ae8b91b7ba459c7da185471608aac02585b9596b24c1ebfdacd2afc,0.07407407407407407,-0.33
CRWD_CONTROLLED_SC_ACTIVITY_LONG,2026-06-30,LONG,True,True,2026-07-01T07:30:00-04:00,765.85,2026-07-01T16:00:00-04:00,772.45,D1_CLOSE,0.8617875563099897,b3d1e4079ab8d135e65f7bbf5744451c9d75b711a1014ee9a4c50b85682cff8d,ceb7bf531ae8b91b7ba459c7da185471608aac02585b9596b24c1ebfdacd2afc,0.6481481481481481,9.47
CRWD_CONTROLLED_SC_ACTIVITY_LONG,2026-07-02,LONG,True,True,2026-07-06T07:30:00-04:00,193.3,2026-07-06T16:00:00-04:00,199.4,D1_CLOSE,3.1557165028453182,bf8174f4b6b0075c05bed034ac8494a7b92ac83c3a011a9247c3386b07014bac,ceb7bf531ae8b91b7ba459c7da185471608aac02585b9596b24c1ebfdacd2afc,0.0,4.02
CRWD_CONTROLLED_SC_ACTIVITY_LONG,2026-07-07,LONG,True,True,2026-07-08T07:30:00-04:00,191.09,2026-07-08T16:00:00-04:00,191.08,D1_CLOSE,-0.0052331362185298325,a1177a734166fc28a040668b4e46e38a2661b91fa21fb572a12859801c525ca2,ceb7bf531ae8b91b7ba459c7da185471608aac02585b9596b24c1ebfdacd2afc,0.2222222222222222,3.2
CRWD_CONTROLLED_SC_ACTIVITY_LONG,2026-07-10,LONG,True,True,2026-07-13T07:30:00-04:00,187.23,2026-07-13T16:00:00-04:00,187.87,D1_CLOSE,0.3418255621428168,b27bc433df46561885873ca85c48ba84c8fcf922d9d59c27bce7827851558f57,ceb7bf531ae8b91b7ba459c7da185471608aac02585b9596b24c1ebfdacd2afc,0.7222222222222222,1.94
CRWD_CONTROLLED_SC_ACTIVITY_LONG,2026-07-15,LONG,True,True,2026-07-16T07:30:00-04:00,208.5,2026-07-16T16:00:00-04:00,203.77,D1_CLOSE,-2.268585131894485,edbb94b6bcc1878415ecb45cb0db770ac3cb17eb961edf442d400ab9dda47ac8,ceb7bf531ae8b91b7ba459c7da185471608aac02585b9596b24c1ebfdacd2afc,0.3148148148148148,12.58
CRWD_CONTROLLED_SC_ACTIVITY_LONG,2026-07-16,LONG,True,True,2026-07-17T07:30:00-04:00,201.25,2026-07-17T16:00:00-04:00,203.08,D1_CLOSE,0.9093167701863525,094dcdbc41f3bf0ed59460cfa166590dc5c9a062110263239cfd2846dbada68d,ceb7bf531ae8b91b7ba459c7da185471608aac02585b9596b24c1ebfdacd2afc,0.4074074074074074,10.04
CRWD_CONTROLLED_SC_ACTIVITY_LONG,2026-07-29,LONG,True,True,2026-07-30T07:30:00-04:00,182.62,2026-07-30T16:00:00-04:00,185.23,D1_CLOSE,1.429197240170832,e17d26875fa9592a41045ffa14d96a4681691af37236600c554fecc9da2401f0,ceb7bf531ae8b91b7ba459c7da185471608aac02585b9596b24c1ebfdacd2afc,0.5185185185185185,-0.81
CRWD_CONTROLLED_SC_ACTIVITY_LONG,2026-07-30,LONG,True,True,2026-07-31T07:30:00-04:00,187.03,2026-07-31T16:00:00-04:00,190.85,D1_CLOSE,2.042453082393192,4f076b39677c8c2bd8aac8e9b412f6d2268deafc0053293fb864e2ae8ebd5525,ceb7bf531ae8b91b7ba459c7da185471608aac02585b9596b24c1ebfdacd2afc,0.37037037037037035,-0.41
CRWD_CONTROLLED_SC_ACTIVITY_LONG,2026-07-31,LONG,True,True,2026-08-03T07:30:00-04:00,196.45,2026-08-03T16:00:00-04:00,202.54,D1_CLOSE,3.1000254517689063,29b53fb7214dbaf80da2f1d3b5c610bafc3395daf5b277561aa6e74bb11548e2,ceb7bf531ae8b91b7ba459c7da185471608aac02585b9596b24c1ebfdacd2afc,0.3333333333333333,1.88
CRWD_CONTROLLED_SC_ACTIVITY_LONG,2026-08-05,LONG,True,True,2026-08-06T07:30:00-04:00,205.76,2026-08-06T16:00:00-04:00,207.45,D1_CLOSE,0.8213452566096402,27ce9f8f104314c2009f40e355a45d65bb9df12aa0b0feaced6766cc1e5bfc63,ceb7bf531ae8b91b7ba459c7da185471608aac02585b9596b24c1ebfdacd2afc,0.44642857142857145,10.67
CRWD_CONTROLLED_SC_ACTIVITY_LONG,2026-08-06,LONG,True,True,2026-08-07T07:30:00-04:00,211.95,2026-08-07T16:00:00-04:00,214.39,D1_CLOSE,1.15121490917669,de95ee97f37df667a7a050254f281b6b2eec5305390eb306d37e5d6038cb49e9,ceb7bf531ae8b91b7ba459c7da185471608aac02585b9596b24c1ebfdacd2afc,0.25,3.61
CRWD_CONTROLLED_SC_ACTIVITY_LONG,2026-08-11,LONG,True,True,2026-08-12T07:30:00-04:00,220.01,2026-08-12T16:00:00-04:00,221.81,D1_CLOSE,0.8181446297895523,de8eee8c3e20caa79be04ea32684a23f064ce79e2ef983cabc9d775f954ac3ff,ceb7bf531ae8b91b7ba459c7da185471608aac02585b9596b24c1ebfdacd2afc,0.26785714285714285,8.57
CRWD_CONTROLLED_SC_ACTIVITY_LONG,2026-08-12,LONG,True,True,2026-08-13T07:30:00-04:00,224.71,2026-08-13T16:00:00-04:00,225.54,D1_CLOSE,0.3693649592808379,c3b31808b231e79c909ac4745de550fc82a804f15fa50af4dfcdc6ab4c9c9f98,ceb7bf531ae8b91b7ba459c7da185471608aac02585b9596b24c1ebfdacd2afc,0.5714285714285714,3.49
CRWD_CONTROLLED_SC_ACTIVITY_LONG,2026-08-14,LONG,True,True,2026-08-17T07:30:00-04:00,216.2,2026-08-17T16:00:00-04:00,213.9,D1_CLOSE,-1.0638297872340385,55a0d77ec053803d5bd725c16d7069a148bf292a907b27cf3a34da6853f0dff2,ceb7bf531ae8b91b7ba459c7da185471608aac02585b9596b24c1ebfdacd2afc,0.25,1.64
