signal_code,market_date,direction,triggered,resolved,entry_timestamp,entry_price,exit_timestamp,exit_price,exit_reason,return_pct,source_revision,source_hash,feature__SafeGEXVolRank60,feature__NASDAQ_chg5
GDX_GEX_VOL_WEAK_NASDAQ_REVERSAL,2025-11-07,LONG,True,True,2025-11-10T07:30:00-05:00,75.36,2025-11-14T16:00:00-05:00,76.16,D5_CLOSE,1.0615711252653925,1af8b2b1b5db62fce12df550d98b2aea81d51c4c494d6f2486c2309ec6b9d6a0,f2b537d2325cc853ec1eadbafdcb92b272e1633c7eb2156050696303816c8516,0.4166666666666667,-3.0365563215743685
GDX_GEX_VOL_WEAK_NASDAQ_REVERSAL,2025-11-10,LONG,True,True,2025-11-11T07:30:00-05:00,76.61,2025-11-17T16:00:00-05:00,74.97,D5_CLOSE,-2.140712700691816,bf47b71e780e565778f2e89f964f33819c27b5a320401a1d078befe53befa29d,f2b537d2325cc853ec1eadbafdcb92b272e1633c7eb2156050696303816c8516,0.6,-1.2903478243820987
GDX_GEX_VOL_WEAK_NASDAQ_REVERSAL,2025-11-17,LONG,True,True,2025-11-18T07:30:00-05:00,74.44,2025-11-24T16:00:00-05:00,77.92,D5_CLOSE,4.674905964535192,78e07281251f7f919d34ab925f68941106be98f177ec0d2a2b7eb75d64ef23eb,f2b537d2325cc853ec1eadbafdcb92b272e1633c7eb2156050696303816c8516,0.7166666666666667,-3.4815050151867255
GDX_GEX_VOL_WEAK_NASDAQ_REVERSAL,2025-11-18,LONG,True,True,2025-11-19T07:30:00-05:00,77.32,2025-11-25T16:00:00-05:00,77.81,D5_CLOSE,0.6337299534402652,526aaeae78bcd25b2732c04eb6e870fffb6981be74643555c2ba4d75ec357d24,f2b537d2325cc853ec1eadbafdcb92b272e1633c7eb2156050696303816c8516,0.55,-4.412126846439602
GDX_GEX_VOL_WEAK_NASDAQ_REVERSAL,2025-11-19,LONG,True,True,2025-11-20T07:30:00-05:00,76.55,2025-11-26T16:00:00-05:00,81.55,D5_CLOSE,6.531678641410843,96fb0abdc4aebc4ef23c465b1a81a5ba27eb7fa53b8dd92675c7ef4fbec48501,f2b537d2325cc853ec1eadbafdcb92b272e1633c7eb2156050696303816c8516,0.5333333333333333,-3.5982817034932335
GDX_GEX_VOL_WEAK_NASDAQ_REVERSAL,2025-11-20,LONG,True,True,2025-11-21T07:30:00-05:00,72.18,2025-11-28T16:00:00-05:00,83.45,D5_CLOSE,15.613743419229698,1a405f410d339e041370e7e05c89346841edc1ac976c73eea0e99bb52906c084,f2b537d2325cc853ec1eadbafdcb92b272e1633c7eb2156050696303816c8516,0.7666666666666667,-3.4643469573110486
GDX_GEX_VOL_WEAK_NASDAQ_REVERSAL,2025-11-21,LONG,True,True,2025-11-24T07:30:00-05:00,74.06,2025-12-01T16:00:00-05:00,82.8,D5_CLOSE,11.801242236024834,cb5b5e6d608a97ca9f9a7ebc514a56141fd0a63f77982302c4f815198cd2ba14,f2b537d2325cc853ec1eadbafdcb92b272e1633c7eb2156050696303816c8516,0.7833333333333333,-2.7401464568392986
GDX_GEX_VOL_WEAK_NASDAQ_REVERSAL,2025-12-12,LONG,True,True,2025-12-15T07:30:00-05:00,87.24,2025-12-19T16:00:00-05:00,87.78,D5_CLOSE,0.6189821182943644,15a309d72d6c196a7519c9428240fa3a82d0f4816875c2dd26452919f4f41216,f2b537d2325cc853ec1eadbafdcb92b272e1633c7eb2156050696303816c8516,0.6166666666666667,-1.624221197279041
GDX_GEX_VOL_WEAK_NASDAQ_REVERSAL,2025-12-15,LONG,True,True,2025-12-16T07:30:00-05:00,84.43,2025-12-22T16:00:00-05:00,90.19,D5_CLOSE,6.822219590193046,a72d39c891a714b321ff0d90fed38be3a8c037148e61d8b694acb0e2026e0f1a,f2b537d2325cc853ec1eadbafdcb92b272e1633c7eb2156050696303816c8516,0.6333333333333333,-2.0746295180964935
GDX_GEX_VOL_WEAK_NASDAQ_REVERSAL,2025-12-16,LONG,True,True,2025-12-17T07:30:00-05:00,86.03,2025-12-23T16:00:00-05:00,90.27,D5_CLOSE,4.9285133093107,6a32ad98f0edc071662183438fb456d2eaacd96f17dc208fd1b5ae98ae0675a2,f2b537d2325cc853ec1eadbafdcb92b272e1633c7eb2156050696303816c8516,0.65,-1.972428024931383
GDX_GEX_VOL_WEAK_NASDAQ_REVERSAL,2025-12-17,LONG,True,True,2025-12-18T07:30:00-05:00,85.01,2025-12-24T16:00:00-05:00,89.86,D5_CLOSE,5.705211151629208,df298fff83e7125ad87164689857327a84a6b74165364e7da1814656e680dbac,f2b537d2325cc853ec1eadbafdcb92b272e1633c7eb2156050696303816c8516,0.65,-4.061993704073174
GDX_GEX_VOL_WEAK_NASDAQ_REVERSAL,2025-12-18,LONG,True,True,2025-12-19T07:30:00-05:00,85.6,2025-12-26T16:00:00-05:00,91.27,D5_CLOSE,6.623831775700939,d7c707f472e156f2762ddead04b1ef0346ebaf9053ded569bd2f254350211366,f2b537d2325cc853ec1eadbafdcb92b272e1633c7eb2156050696303816c8516,0.5166666666666667,-2.4900546792272604
GDX_GEX_VOL_WEAK_NASDAQ_REVERSAL,2025-12-31,LONG,True,True,2026-01-02T07:30:00-05:00,87.81,2026-01-08T16:00:00-05:00,91.52,D5_CLOSE,4.225031317617578,9ffd0a85f5dcaad0b9647fca73f74f9f95cd7ee1e90f9e6e18ad4e549c1c670b,f2b537d2325cc853ec1eadbafdcb92b272e1633c7eb2156050696303816c8516,1.0,-1.3574899189323975
GDX_GEX_VOL_WEAK_NASDAQ_REVERSAL,2026-01-02,LONG,True,True,2026-01-05T07:30:00-05:00,87.39,2026-01-09T16:00:00-05:00,92.53,D5_CLOSE,5.8816798260670655,ebbdd0e50602e8f0790514b94b69bea1007d6c1e5f61f6a0a1818b0fa5f2beab,f2b537d2325cc853ec1eadbafdcb92b272e1633c7eb2156050696303816c8516,1.0,-1.5994351999055745
GDX_GEX_VOL_WEAK_NASDAQ_REVERSAL,2026-02-03,LONG,True,True,2026-02-04T07:30:00-05:00,100.82,2026-02-10T16:00:00-05:00,103.06,D5_CLOSE,2.221781392580846,a0c1d28b4b6550003cd186499f87ac735e30d5d83e89c25a4740685ea4a2f170,f2b537d2325cc853ec1eadbafdcb92b272e1633c7eb2156050696303816c8516,0.5166666666666667,-2.359271739368307
GDX_GEX_VOL_WEAK_NASDAQ_REVERSAL,2026-02-04,LONG,True,True,2026-02-05T07:30:00-05:00,95.44,2026-02-11T16:00:00-05:00,105.96,D5_CLOSE,11.022632020117351,f6b2623640f744aeeb4ecf445e6ceaac1bb81109ab7e7ef30190c3bd13876009,f2b537d2325cc853ec1eadbafdcb92b272e1633c7eb2156050696303816c8516,0.45,-3.994010809839632
GDX_GEX_VOL_WEAK_NASDAQ_REVERSAL,2026-03-18,LONG,True,True,2026-03-19T07:30:00-04:00,82.33,2026-03-25T16:00:00-04:00,86.3,D5_CLOSE,4.822057573181104,36f5b384b22b30c610edafa2cf153a49e0a43bd4ba6bb54cc55b61ecf735dae8,f2b537d2325cc853ec1eadbafdcb92b272e1633c7eb2156050696303816c8516,0.6,-2.481544953590664
GDX_GEX_VOL_WEAK_NASDAQ_REVERSAL,2026-03-20,LONG,True,True,2026-03-23T07:30:00-04:00,80.25,2026-03-27T16:00:00-04:00,85.73,D5_CLOSE,6.8286604361370795,aa6847beec84569e9beb8077c82a48eec7072d84068eca11c67ada4830125b50,f2b537d2325cc853ec1eadbafdcb92b272e1633c7eb2156050696303816c8516,0.8166666666666667,-2.070764793808333
GDX_GEX_VOL_WEAK_NASDAQ_REVERSAL,2026-03-23,LONG,True,True,2026-03-24T07:30:00-04:00,82.96,2026-03-30T16:00:00-04:00,85.82,D5_CLOSE,3.4474445515911167,1e18b1241eec6dbe305a7d3eeb14d62b519943bba956395001af5a7cdac27da2,f2b537d2325cc853ec1eadbafdcb92b272e1633c7eb2156050696303816c8516,0.7666666666666667,-1.9103265716597484
GDX_GEX_VOL_WEAK_NASDAQ_REVERSAL,2026-03-24,LONG,True,True,2026-03-25T07:30:00-04:00,88.76,2026-03-31T16:00:00-04:00,91.75,D5_CLOSE,3.36863452005407,91a4c259c934000cc17ebd19c89b5ee60effc6a0a63318c4323cce272bf1283d,f2b537d2325cc853ec1eadbafdcb92b272e1633c7eb2156050696303816c8516,0.6333333333333333,-3.192409816161046
GDX_GEX_VOL_WEAK_NASDAQ_REVERSAL,2026-03-25,LONG,True,True,2026-03-26T07:30:00-04:00,83.44,2026-04-01T16:00:00-04:00,95.96,D5_CLOSE,15.004793863854271,c9d92ab9867dc75332f72ee10284b8c4d109afde698bab59ebc576496131a395,f2b537d2325cc853ec1eadbafdcb92b272e1633c7eb2156050696303816c8516,0.6333333333333333,-1.0048545531587738
GDX_GEX_VOL_WEAK_NASDAQ_REVERSAL,2026-03-26,LONG,True,True,2026-03-27T07:30:00-04:00,82.97,2026-04-02T16:00:00-04:00,94.58,D5_CLOSE,13.99300952151381,a405c82aa8dbc0a160a086a23679b9e52f579a22df710a40b9ab95207841aaae,f2b537d2325cc853ec1eadbafdcb92b272e1633c7eb2156050696303816c8516,0.6,-3.0900321151134835
GDX_GEX_VOL_WEAK_NASDAQ_REVERSAL,2026-03-27,LONG,True,True,2026-03-30T07:30:00-04:00,87.18,2026-04-06T16:00:00-04:00,93.85,D5_CLOSE,7.650837348015593,375e5377bde118c8983e7d7e14e810667915de0f25fab089544691bcb41d4def,f2b537d2325cc853ec1eadbafdcb92b272e1633c7eb2156050696303816c8516,0.6333333333333333,-3.230148821883305
GDX_GEX_VOL_WEAK_NASDAQ_REVERSAL,2026-03-30,LONG,True,True,2026-03-31T07:30:00-04:00,87.78,2026-04-07T16:00:00-04:00,95.04,D5_CLOSE,8.270676691729339,561a88a7f4a0cadb1ff7dcbb2f532cfa3a87acf90f1573dcb1f893f7d5e2f1f9,f2b537d2325cc853ec1eadbafdcb92b272e1633c7eb2156050696303816c8516,0.65,-5.249609557398083
GDX_GEX_VOL_WEAK_NASDAQ_REVERSAL,2026-05-21,LONG,True,True,2026-05-22T07:30:00-04:00,85.3,2026-05-29T16:00:00-04:00,89.47,D5_CLOSE,4.888628370457204,74958680b42f3fe15311a71e178b34d602b7c088825b7c159332dd477b749ae2,f2b537d2325cc853ec1eadbafdcb92b272e1633c7eb2156050696303816c8516,0.8,-1.2844688011164118
GDX_GEX_VOL_WEAK_NASDAQ_REVERSAL,2026-06-05,LONG,True,True,2026-06-08T07:30:00-04:00,79.55,2026-06-12T16:00:00-04:00,80.04,D5_CLOSE,0.6159648020113151,a7f4adfeaa996f34a2ae7e06ec134ce7caf66705280f8b32b3cbf6edc29db032,f2b537d2325cc853ec1eadbafdcb92b272e1633c7eb2156050696303816c8516,0.95,-4.6832285560285065
GDX_GEX_VOL_WEAK_NASDAQ_REVERSAL,2026-06-08,LONG,True,True,2026-06-09T07:30:00-04:00,79.72,2026-06-15T16:00:00-04:00,85.23,D5_CLOSE,6.911690918213753,24f5b90bf691fdd5804dc9cfed36c6a7efbb83ace2218a384cad16a6b277e88a,f2b537d2325cc853ec1eadbafdcb92b272e1633c7eb2156050696303816c8516,1.0,-4.272006480792568
GDX_GEX_VOL_WEAK_NASDAQ_REVERSAL,2026-06-09,LONG,True,True,2026-06-10T07:30:00-04:00,74.7,2026-06-16T16:00:00-04:00,87.25,D5_CLOSE,16.800535475234256,410e8656bf21518c93383597b278fbd2b8be7f0bff8b482c457c6979b02dcbc4,f2b537d2325cc853ec1eadbafdcb92b272e1633c7eb2156050696303816c8516,1.0,-5.222873337203227
GDX_GEX_VOL_WEAK_NASDAQ_REVERSAL,2026-06-10,LONG,True,True,2026-06-11T07:30:00-04:00,74.57,2026-06-17T16:00:00-04:00,84.4,D5_CLOSE,13.182244870591408,a1f64884ae4f8dba97806ab761f07d8b3eb24380ee246e0aec8e9e8d097fd49f,f2b537d2325cc853ec1eadbafdcb92b272e1633c7eb2156050696303816c8516,1.0,-6.272740460208503
GDX_GEX_VOL_WEAK_NASDAQ_REVERSAL,2026-06-11,LONG,True,True,2026-06-12T07:30:00-04:00,78.56,2026-06-18T16:00:00-04:00,82.53,D5_CLOSE,5.053462321792268,26a5e76f4ed9a34eccbbf2b4a291b1c9d8344244c0a1b7b71728f3901a1e4d0a,f2b537d2325cc853ec1eadbafdcb92b272e1633c7eb2156050696303816c8516,0.95,-3.806426105298377
GDX_GEX_VOL_WEAK_NASDAQ_REVERSAL,2026-06-23,LONG,True,True,2026-06-24T07:30:00-04:00,75.95,2026-06-30T16:00:00-04:00,75.42,D5_CLOSE,-0.6978275181040217,d7dcde14c32390869d7e70928d73af8f5cc86442cf773c01492c1e4899bc490a,f2b537d2325cc853ec1eadbafdcb92b272e1633c7eb2156050696303816c8516,0.8666666666666667,-4.1107138621716555
GDX_GEX_VOL_WEAK_NASDAQ_REVERSAL,2026-06-24,LONG,True,True,2026-06-25T07:30:00-04:00,74.28,2026-07-01T16:00:00-04:00,75.11,D5_CLOSE,1.1173936456650546,39e2b76c50b43752d4400108003808a9d8061328455ad648a8fdb952d62645e3,f2b537d2325cc853ec1eadbafdcb92b272e1633c7eb2156050696303816c8516,0.9333333333333333,-3.4110085281810143
GDX_GEX_VOL_WEAK_NASDAQ_REVERSAL,2026-06-25,LONG,True,True,2026-06-26T07:30:00-04:00,76.5,2026-07-02T16:00:00-04:00,78.41,D5_CLOSE,2.4967320261437775,40cdc6a145800734e52d69a6babc1724e2413c0a1aad8f039ff6a644b325e39e,f2b537d2325cc853ec1eadbafdcb92b272e1633c7eb2156050696303816c8516,0.7333333333333333,-2.548110285445959
GDX_GEX_VOL_WEAK_NASDAQ_REVERSAL,2026-06-26,LONG,True,True,2026-06-29T07:30:00-04:00,76.05,2026-07-06T16:00:00-04:00,78.74,D5_CLOSE,3.537146614069697,5b0567fa33dac49b4b8739a1190cf8e5cbecbf4e500033c5f59463e40dd809c5,f2b537d2325cc853ec1eadbafdcb92b272e1633c7eb2156050696303816c8516,0.7666666666666667,-4.601832095512348
GDX_GEX_VOL_WEAK_NASDAQ_REVERSAL,2026-06-29,LONG,True,True,2026-06-30T07:30:00-04:00,75.74,2026-07-07T16:00:00-04:00,75.81,D5_CLOSE,0.09242144177450395,ad59418ffa13fe04c456dcde5d58ea9f2df27997a5d0ee14724114451b212e20,f2b537d2325cc853ec1eadbafdcb92b272e1633c7eb2156050696303816c8516,0.75,-1.3240505273753755
GDX_GEX_VOL_WEAK_NASDAQ_REVERSAL,2026-07-08,LONG,True,True,2026-07-09T07:30:00-04:00,74.25,2026-07-15T16:00:00-04:00,74.02,D5_CLOSE,-0.30976430976431546,d5f5e13f4054d622b86f468493b3635a47782d247498d24a6ffbb2145d8767af,f2b537d2325cc853ec1eadbafdcb92b272e1633c7eb2156050696303816c8516,0.5666666666666667,-1.3087432491031392
GDX_GEX_VOL_WEAK_NASDAQ_REVERSAL,2026-07-16,LONG,True,True,2026-07-17T07:30:00-04:00,71.16,2026-07-23T16:00:00-04:00,75.02,D5_CLOSE,5.424395727937048,e96f89d0652bf47afbdd5f75f282efa5e51a6aa38d8b3bb24feaeea7635fcfa6,f2b537d2325cc853ec1eadbafdcb92b272e1633c7eb2156050696303816c8516,0.7333333333333333,-1.2399082552739027
GDX_GEX_VOL_WEAK_NASDAQ_REVERSAL,2026-07-17,LONG,True,True,2026-07-20T07:30:00-04:00,71.62,2026-07-24T16:00:00-04:00,75.21,D5_CLOSE,5.012566322256329,d1a9f2964c75ecb7f0751c8b1c73f04aba08c6162f2d8b0e7ec29e059d0caef4,f2b537d2325cc853ec1eadbafdcb92b272e1633c7eb2156050696303816c8516,0.6166666666666667,-2.896965662993234
GDX_GEX_VOL_WEAK_NASDAQ_REVERSAL,2026-07-20,LONG,True,True,2026-07-21T07:30:00-04:00,72.64,2026-07-27T16:00:00-04:00,75.72,D5_CLOSE,4.240088105726869,4c631c3174971d5635ee0d7c99d6052692543b9bb55134f2f48cba2dcc35d621,f2b537d2325cc853ec1eadbafdcb92b272e1633c7eb2156050696303816c8516,0.43333333333333335,-1.4111500953243872
GDX_GEX_VOL_WEAK_NASDAQ_REVERSAL,2026-07-21,LONG,True,True,2026-07-22T07:30:00-04:00,75.4,2026-07-28T16:00:00-04:00,74.25,D5_CLOSE,-1.525198938992045,d4866bc5fb4fa696f527e68448dd77c590d442e0a672282a0581d5d55944551f,f2b537d2325cc853ec1eadbafdcb92b272e1633c7eb2156050696303816c8516,0.7333333333333333,-1.0334347061071725
GDX_GEX_VOL_WEAK_NASDAQ_REVERSAL,2026-07-22,LONG,True,True,2026-07-23T07:30:00-04:00,75.53,2026-07-29T16:00:00-04:00,73.6,D5_CLOSE,-2.5552760492519644,80fe69a5c32c8590fd3e0326a788764961170839fc0e6afa789fcc70a36a94df,f2b537d2325cc853ec1eadbafdcb92b272e1633c7eb2156050696303816c8516,0.8166666666666667,-2.201549451553231
GDX_GEX_VOL_WEAK_NASDAQ_REVERSAL,2026-07-23,LONG,True,True,2026-07-24T07:30:00-04:00,75.65,2026-07-30T16:00:00-04:00,76.74,D5_CLOSE,1.4408460013218605,804e9c9fa8155bc5bf80cbc29adbbf140003b190e15a662d656168ee0078e9fc,f2b537d2325cc853ec1eadbafdcb92b272e1633c7eb2156050696303816c8516,0.9833333333333333,-2.875593697556589
GDX_GEX_VOL_WEAK_NASDAQ_REVERSAL,2026-07-24,LONG,True,True,2026-07-27T07:30:00-04:00,76.76,2026-07-31T16:00:00-04:00,74.12,D5_CLOSE,-3.439291297550806,e8f43936161c5005ec526034c96cf2981810ab58eab4381881e422ac97fc4f05,f2b537d2325cc853ec1eadbafdcb92b272e1633c7eb2156050696303816c8516,0.9666666666666667,-2.133286739205542
GDX_GEX_VOL_WEAK_NASDAQ_REVERSAL,2026-07-27,LONG,True,True,2026-07-28T07:30:00-04:00,74.61,2026-08-03T16:00:00-04:00,76.03,D5_CLOSE,1.9032301300093923,27313b82391c97dac36ca4085ed2aa50bb367db81bc1d0ead8fc4f564f8a63de,f2b537d2325cc853ec1eadbafdcb92b272e1633c7eb2156050696303816c8516,0.95,-2.25807045858738
GDX_GEX_VOL_WEAK_NASDAQ_REVERSAL,2026-07-28,LONG,True,True,2026-07-29T07:30:00-04:00,74.76,2026-08-04T16:00:00-04:00,77.9,D5_CLOSE,4.200107009095766,be0fac34dafdc65f10faaf13b60a91fa98f4e4b980d4b16cdd0ea8daf4224b7f,f2b537d2325cc853ec1eadbafdcb92b272e1633c7eb2156050696303816c8516,0.95,-3.7167351527095382
GDX_GEX_VOL_WEAK_NASDAQ_REVERSAL,2026-07-29,LONG,True,True,2026-07-30T07:30:00-04:00,75.0,2026-08-05T16:00:00-04:00,83.67,D5_CLOSE,11.559999999999992,5d412e0c724e7b21886a4c92f956b6a8b407e7d231445ae570471d1e467fcfc5,f2b537d2325cc853ec1eadbafdcb92b272e1633c7eb2156050696303816c8516,0.9166666666666666,-4.857598918564953
