signal_code,market_date,direction,triggered,resolved,entry_timestamp,entry_price,exit_timestamp,exit_price,exit_reason,return_pct,source_revision,source_hash,feature__PutBuyShareChgAbsRank60,feature__BuyCall_GEXDeltaPerc_Rank60
ORCL_PUT_FLOW_ROTATION_BREAKDOWN,2025-10-23,SHORT,True,True,2025-10-24T07:30:00-04:00,284.0,2025-10-28T16:00:00-04:00,280.81,D3_CLOSE,1.1232394366197163,b2a5890adec32e66351969aaf042d4e8cb0ff93116b0f1fef85a24deb8835424,9d356b6e02703d8052487c1ad4b7fc679e77bbf5b69fa552463af9a331fe3161,1.0,0.018867924528301886
ORCL_PUT_FLOW_ROTATION_BREAKDOWN,2025-10-24,SHORT,True,True,2025-10-27T07:30:00-04:00,287.5,2025-10-29T16:00:00-04:00,275.36,D3_CLOSE,4.222608695652175,ea24ae1a3937429079e072d78012398d173df40539df06110c3817b182226d1c,9d356b6e02703d8052487c1ad4b7fc679e77bbf5b69fa552463af9a331fe3161,1.0,0.037037037037037035
ORCL_PUT_FLOW_ROTATION_BREAKDOWN,2025-11-12,SHORT,True,True,2025-11-13T07:30:00-05:00,225.5,2025-11-17T16:00:00-05:00,219.83,D3_CLOSE,2.5144124168514304,13e7bbb70ca4748f46fd8de6d1e9950bd9b659118d68f20e18de25d677bb3cfe,9d356b6e02703d8052487c1ad4b7fc679e77bbf5b69fa552463af9a331fe3161,0.7068965517241379,0.3
ORCL_PUT_FLOW_ROTATION_BREAKDOWN,2025-11-26,SHORT,True,True,2025-11-28T07:30:00-05:00,201.37,2025-12-02T16:00:00-05:00,201.07,D3_CLOSE,0.14897949049015313,d95e3c7ccd709d826972cbbfe14277524299b9472c2e4ec448295c8a5aa43f89,9d356b6e02703d8052487c1ad4b7fc679e77bbf5b69fa552463af9a331fe3161,0.9310344827586207,0.3333333333333333
ORCL_PUT_FLOW_ROTATION_BREAKDOWN,2025-12-15,SHORT,True,True,2025-12-16T07:30:00-05:00,184.5,2025-12-18T16:00:00-05:00,180.0,D3_CLOSE,2.4390243902439046,be67fcf47bfe3ecf3a0effd330cc25e2d9162c2549a6c81e328798dc20b6e9b2,9d356b6e02703d8052487c1ad4b7fc679e77bbf5b69fa552463af9a331fe3161,0.8620689655172413,0.25862068965517243
ORCL_PUT_FLOW_ROTATION_BREAKDOWN,2025-12-22,SHORT,True,True,2025-12-23T07:30:00-05:00,197.45,2025-12-26T16:00:00-05:00,198.03,D3_CLOSE,-0.29374525196252943,e555c7251e7c734029224e7e99365c0a79c6279cb7c42903a91a135ef7875e59,9d356b6e02703d8052487c1ad4b7fc679e77bbf5b69fa552463af9a331fe3161,0.8448275862068966,0.2982456140350877
ORCL_PUT_FLOW_ROTATION_BREAKDOWN,2025-12-23,SHORT,True,True,2025-12-24T07:30:00-05:00,194.67,2025-12-29T16:00:00-05:00,195.38,D3_CLOSE,-0.3647197821955217,9271f5e2c43c595bc87e1df2f97c17a829a99b18f9db8b50f0315df20b37c22f,9d356b6e02703d8052487c1ad4b7fc679e77bbf5b69fa552463af9a331fe3161,0.7068965517241379,0.47368421052631576
ORCL_PUT_FLOW_ROTATION_BREAKDOWN,2025-12-31,SHORT,True,True,2026-01-02T07:30:00-05:00,198.23,2026-01-06T16:00:00-05:00,193.76,D3_CLOSE,2.2549563638198045,03de9ccd2c5efcbd045c6f9accf8dcd9a2e5715255063faecab2c480eb447b85,9d356b6e02703d8052487c1ad4b7fc679e77bbf5b69fa552463af9a331fe3161,0.9655172413793104,0.45614035087719296
ORCL_PUT_FLOW_ROTATION_BREAKDOWN,2026-01-13,SHORT,True,True,2026-01-14T07:30:00-05:00,201.0,2026-01-16T16:00:00-05:00,191.12,D3_CLOSE,4.9154228855721405,59d93cafecfe89d63f39c8c027c2511640fc6cb19924dbf33c14ce509feb6978,9d356b6e02703d8052487c1ad4b7fc679e77bbf5b69fa552463af9a331fe3161,0.7413793103448276,0.12280701754385964
ORCL_PUT_FLOW_ROTATION_BREAKDOWN,2026-01-14,SHORT,True,True,2026-01-15T07:30:00-05:00,195.21,2026-01-20T16:00:00-05:00,179.96,D3_CLOSE,7.812099789969773,a81d41c78fc76038aad23405d44a9e7ccbbda2231e8d77627a95d90b24ad6121,9d356b6e02703d8052487c1ad4b7fc679e77bbf5b69fa552463af9a331fe3161,0.6724137931034483,0.17543859649122806
ORCL_PUT_FLOW_ROTATION_BREAKDOWN,2026-01-15,SHORT,True,True,2026-01-16T07:30:00-05:00,191.02,2026-01-21T16:00:00-05:00,173.87,D3_CLOSE,8.978117474609991,88e87eea2f568fec395d1a8debcc776723dcf8749a01022cc88f8a21a01dedb4,9d356b6e02703d8052487c1ad4b7fc679e77bbf5b69fa552463af9a331fe3161,0.6724137931034483,0.3508771929824561
ORCL_PUT_FLOW_ROTATION_BREAKDOWN,2026-01-16,SHORT,True,True,2026-01-20T07:30:00-05:00,185.82,2026-01-22T16:00:00-05:00,178.19,D3_CLOSE,4.106124206221073,d9f9139193ad3e0b782bab49a35a3e2b6ae8b65535509254093fa20e6548daaf,9d356b6e02703d8052487c1ad4b7fc679e77bbf5b69fa552463af9a331fe3161,0.9310344827586207,0.2631578947368421
ORCL_PUT_FLOW_ROTATION_BREAKDOWN,2026-01-29,SHORT,True,True,2026-01-30T07:30:00-05:00,166.94,2026-02-03T16:00:00-05:00,154.57,D3_CLOSE,7.4098478495267734,f9ab15044df3c2519821a617197043d68359ab00584de095f17ed68b6e60f495,9d356b6e02703d8052487c1ad4b7fc679e77bbf5b69fa552463af9a331fe3161,1.0,0.42105263157894735
ORCL_PUT_FLOW_ROTATION_BREAKDOWN,2026-01-30,SHORT,True,True,2026-02-02T07:30:00-05:00,171.73,2026-02-04T16:00:00-05:00,146.66,D3_CLOSE,14.598497641646768,ec2a46f937412deb16cbe36d842f3eb227825849f9fc704ac5ede89de87e92b3,9d356b6e02703d8052487c1ad4b7fc679e77bbf5b69fa552463af9a331fe3161,1.0,0.3684210526315789
ORCL_PUT_FLOW_ROTATION_BREAKDOWN,2026-02-03,SHORT,True,True,2026-02-04T07:30:00-05:00,154.4,2026-02-06T16:00:00-05:00,142.8,D3_CLOSE,7.512953367875641,0ed647db77dacd1b19e968ae6d9ebbfa963abde2e9266471f2d942915d23884e,9d356b6e02703d8052487c1ad4b7fc679e77bbf5b69fa552463af9a331fe3161,0.8448275862068966,0.22807017543859648
ORCL_PUT_FLOW_ROTATION_BREAKDOWN,2026-02-10,SHORT,True,True,2026-02-11T07:30:00-05:00,161.12,2026-02-13T16:00:00-05:00,160.05,D3_CLOSE,0.6641012909632482,017f9581d4b7917e4003b9a3928dc0915b42e0b57fc929afc9fb5b8da0b96c35,9d356b6e02703d8052487c1ad4b7fc679e77bbf5b69fa552463af9a331fe3161,0.75,0.14035087719298245
ORCL_PUT_FLOW_ROTATION_BREAKDOWN,2026-02-11,SHORT,True,True,2026-02-12T07:30:00-05:00,158.39,2026-02-17T16:00:00-05:00,154.0,D3_CLOSE,2.7716396237136065,0ceb8f36613906367951ec8c82144c0a1b09229f331a55d737faf7ee0c49d8a4,9d356b6e02703d8052487c1ad4b7fc679e77bbf5b69fa552463af9a331fe3161,0.8214285714285714,0.0
ORCL_PUT_FLOW_ROTATION_BREAKDOWN,2026-02-12,SHORT,True,True,2026-02-13T07:30:00-05:00,156.65,2026-02-18T16:00:00-05:00,156.17,D3_CLOSE,0.3064155761251297,9dc6eadd78685b582fbb2db38cea550aea2b4e22fa9058d636405e8e62defdc3,9d356b6e02703d8052487c1ad4b7fc679e77bbf5b69fa552463af9a331fe3161,0.9107142857142857,0.03508771929824561
ORCL_PUT_FLOW_ROTATION_BREAKDOWN,2026-02-17,SHORT,True,True,2026-02-18T07:30:00-05:00,155.17,2026-02-20T16:00:00-05:00,148.1,D3_CLOSE,4.5562930978926275,2c8f9c83b51fc3bdc30e049ec005a8291c9dcf51ae33f881fcfb60e5931cb8cb,9d356b6e02703d8052487c1ad4b7fc679e77bbf5b69fa552463af9a331fe3161,0.7142857142857143,0.0
ORCL_PUT_FLOW_ROTATION_BREAKDOWN,2026-02-19,SHORT,True,True,2026-02-20T07:30:00-05:00,155.47,2026-02-24T16:00:00-05:00,146.13,D3_CLOSE,6.007589888724518,c263d7b702ed69d1b8b02eda92e07d29d3c7b5fe40c885923916d08509e2bb6a,9d356b6e02703d8052487c1ad4b7fc679e77bbf5b69fa552463af9a331fe3161,0.75,0.43859649122807015
ORCL_PUT_FLOW_ROTATION_BREAKDOWN,2026-02-20,SHORT,True,True,2026-02-23T07:30:00-05:00,145.9,2026-02-25T16:00:00-05:00,147.9,D3_CLOSE,-1.3708019191226883,a4f9b61ba5f6f0ecfe270fcad010e33c2c83aea3b269ccd62a9db1199bbf6eed,9d356b6e02703d8052487c1ad4b7fc679e77bbf5b69fa552463af9a331fe3161,0.9285714285714286,0.07017543859649122
ORCL_PUT_FLOW_ROTATION_BREAKDOWN,2026-02-23,SHORT,True,True,2026-02-24T07:30:00-05:00,140.85,2026-02-26T16:00:00-05:00,150.32,D3_CLOSE,-6.723464678736235,e5065cc16836ce83edb59cac5374775cf94a2a8237edc087f0f90fc037227c10,9d356b6e02703d8052487c1ad4b7fc679e77bbf5b69fa552463af9a331fe3161,0.9285714285714286,0.19298245614035087
ORCL_PUT_FLOW_ROTATION_BREAKDOWN,2026-02-24,SHORT,True,True,2026-02-25T07:30:00-05:00,149.7,2026-02-27T16:00:00-05:00,145.35,D3_CLOSE,2.9058116232464903,b4a9138d571b8d503673d9e634d5a720c3cc47930975c688daf3de9f73f64799,9d356b6e02703d8052487c1ad4b7fc679e77bbf5b69fa552463af9a331fe3161,0.9107142857142857,0.2631578947368421
ORCL_PUT_FLOW_ROTATION_BREAKDOWN,2026-03-19,SHORT,True,True,2026-03-20T07:30:00-04:00,153.93,2026-03-24T16:00:00-04:00,147.14,D3_CLOSE,4.41109595270579,335c9b9a638c0ebaf186532449206854e10507e45978c134dfc7edd1b417c1f3,9d356b6e02703d8052487c1ad4b7fc679e77bbf5b69fa552463af9a331fe3161,0.6724137931034483,0.3389830508474576
ORCL_PUT_FLOW_ROTATION_BREAKDOWN,2026-03-20,SHORT,True,True,2026-03-23T07:30:00-04:00,151.6,2026-03-25T16:00:00-04:00,145.96,D3_CLOSE,3.7203166226912887,fc87051efd836b029d03077f108ab15a8a3813a641b7fd952abcd7f755ddc309,9d356b6e02703d8052487c1ad4b7fc679e77bbf5b69fa552463af9a331fe3161,0.8448275862068966,0.2033898305084746
ORCL_PUT_FLOW_ROTATION_BREAKDOWN,2026-03-24,SHORT,True,True,2026-03-25T07:30:00-04:00,149.25,2026-03-27T16:00:00-04:00,139.65,D3_CLOSE,6.432160804020093,ee17175baf378257fd0bb6ae15ec3331ff1d52342ed8a86c518dc2f8970ad6b3,9d356b6e02703d8052487c1ad4b7fc679e77bbf5b69fa552463af9a331fe3161,0.896551724137931,0.11666666666666667
ORCL_PUT_FLOW_ROTATION_BREAKDOWN,2026-03-25,SHORT,True,True,2026-03-26T07:30:00-04:00,144.0,2026-03-30T16:00:00-04:00,138.79,D3_CLOSE,3.618055555555566,a19c3f7ca23e43d0b90380f325a3a611418eef46748c30f9504de912b6ddd06f,9d356b6e02703d8052487c1ad4b7fc679e77bbf5b69fa552463af9a331fe3161,0.7241379310344828,0.4666666666666667
ORCL_PUT_FLOW_ROTATION_BREAKDOWN,2026-06-12,SHORT,True,True,2026-06-15T07:30:00-04:00,189.4,2026-06-17T16:00:00-04:00,183.51,D3_CLOSE,3.1098204857444633,672f155e8ccc4299bc6622a45e5fc6b5bddbc5580b59e46b199be77a2fbcb019,9d356b6e02703d8052487c1ad4b7fc679e77bbf5b69fa552463af9a331fe3161,0.9464285714285714,0.4745762711864407
ORCL_PUT_FLOW_ROTATION_BREAKDOWN,2026-06-16,SHORT,True,True,2026-06-17T07:30:00-04:00,186.25,2026-06-22T16:00:00-04:00,175.34,D3_CLOSE,5.857718120805366,1953a0c2f6ed6662c107bc938248e9fb175e8d433f2962b515e53cadd9b35f6b,9d356b6e02703d8052487c1ad4b7fc679e77bbf5b69fa552463af9a331fe3161,0.75,0.05084745762711865
ORCL_PUT_FLOW_ROTATION_BREAKDOWN,2026-06-17,SHORT,True,True,2026-06-18T07:30:00-04:00,182.94,2026-06-23T16:00:00-04:00,165.24,D3_CLOSE,9.675303378156762,c2e8121fcb4fc5d1d029265d31e5fd4051783bb0545650e6824f165619b62ef9,9d356b6e02703d8052487c1ad4b7fc679e77bbf5b69fa552463af9a331fe3161,0.9464285714285714,0.01694915254237288
ORCL_PUT_FLOW_ROTATION_BREAKDOWN,2026-06-24,SHORT,True,True,2026-06-25T07:30:00-04:00,158.83,2026-06-29T16:00:00-04:00,147.8,D3_CLOSE,6.94453188944154,25d0e98bd36adfab88cadd681425b5efdd8aa3919d450fb019835991949590e9,9d356b6e02703d8052487c1ad4b7fc679e77bbf5b69fa552463af9a331fe3161,0.9259259259259259,0.423728813559322
ORCL_PUT_FLOW_ROTATION_BREAKDOWN,2026-07-09,SHORT,True,True,2026-07-10T07:30:00-04:00,145.6,2026-07-14T16:00:00-04:00,127.98,D3_CLOSE,12.101648351648342,63615cc13a9344553f1d80ee549a406f2fe427f9d4caa307d59ba4bbdde1314c,9d356b6e02703d8052487c1ad4b7fc679e77bbf5b69fa552463af9a331fe3161,0.9074074074074074,0.3220338983050847
ORCL_PUT_FLOW_ROTATION_BREAKDOWN,2026-07-14,SHORT,True,True,2026-07-15T07:30:00-04:00,129.2,2026-07-17T16:00:00-04:00,126.38,D3_CLOSE,2.1826625386996867,720638803624d87f6fd015da7d9780aadebfe934cf6a9ad3051b72aa7559ec7d,9d356b6e02703d8052487c1ad4b7fc679e77bbf5b69fa552463af9a331fe3161,0.7777777777777778,0.23728813559322035
ORCL_PUT_FLOW_ROTATION_BREAKDOWN,2026-07-22,SHORT,True,True,2026-07-23T07:30:00-04:00,126.07,2026-07-27T16:00:00-04:00,119.96,D3_CLOSE,4.84651384151662,c013e34a7b905850a6bdd5cf5f47df920bb27cc31e62b6bab5ec98eed65331a8,9d356b6e02703d8052487c1ad4b7fc679e77bbf5b69fa552463af9a331fe3161,0.9074074074074074,0.3728813559322034
ORCL_PUT_FLOW_ROTATION_BREAKDOWN,2026-07-23,SHORT,True,True,2026-07-24T07:30:00-04:00,122.65,2026-07-28T16:00:00-04:00,119.99,D3_CLOSE,2.1687729311047788,bbf2f8e2ebe09accaf677a0f23537848c0480b89160813a5d690a4984aa1909f,9d356b6e02703d8052487c1ad4b7fc679e77bbf5b69fa552463af9a331fe3161,1.0,0.2033898305084746
ORCL_PUT_FLOW_ROTATION_BREAKDOWN,2026-07-24,SHORT,True,True,2026-07-27T07:30:00-04:00,117.4,2026-07-29T16:00:00-04:00,117.79,D3_CLOSE,-0.3321976149914807,3835c727bb4cfdf92e2fdfd8b7c2cb618165acaca8ce16b9b864eb57d860c2e9,9d356b6e02703d8052487c1ad4b7fc679e77bbf5b69fa552463af9a331fe3161,0.9814814814814815,0.2033898305084746
ORCL_PUT_FLOW_ROTATION_BREAKDOWN,2026-08-18,SHORT,True,True,2026-08-19T07:30:00-04:00,139.66,2026-08-21T16:00:00-04:00,146.5,D3_CLOSE,-4.897608477731641,8678a74b63acc77ad86e97e618e30e7f078347743272555930ed53d40bab3442,9d356b6e02703d8052487c1ad4b7fc679e77bbf5b69fa552463af9a331fe3161,0.7321428571428571,0.06666666666666667
ORCL_PUT_FLOW_ROTATION_BREAKDOWN,2026-08-20,SHORT,True,True,2026-08-21T07:30:00-04:00,143.68,2026-08-25T16:00:00-04:00,144.76,D3_CLOSE,-0.7516703786191403,4b10f4998c5508ba1a36b6e38ab19e50eb86ea6b42e0ca8b6a057ba6b0dbea88,9d356b6e02703d8052487c1ad4b7fc679e77bbf5b69fa552463af9a331fe3161,0.8035714285714286,0.31666666666666665
ORCL_PUT_FLOW_ROTATION_BREAKDOWN,2026-08-21,SHORT,True,True,2026-08-24T07:30:00-04:00,145.56,2026-08-26T16:00:00-04:00,148.87,D3_CLOSE,-2.273976367133823,1f8cfe590a66b5f464c3c99e1d971f144d704d61f4d37c35ace584a1140c79f8,9d356b6e02703d8052487c1ad4b7fc679e77bbf5b69fa552463af9a331fe3161,0.6607142857142857,0.3333333333333333
