signal_code,market_date,direction,triggered,resolved,entry_timestamp,entry_price,exit_timestamp,exit_price,exit_reason,return_pct,source_revision,source_hash,feature__Price_SMA20,feature__Price_SMA50,feature__BuyCall_GEXDeltaPerc_Rank60
BABA_BULL_TREND_WEAK_CALL_EXHAUSTION,2025-10-16,SHORT,True,True,2025-10-20T07:30:00-04:00,166.43,2025-10-24T16:00:00-04:00,174.65,D5_CLOSE,-4.939013399026626,a2c6cec7932bf998430960fb707dc11ab96e28c111c7276dfe227257facac5b4,5093e7cce91082a8c5dc23fb3e0801953669b9860437ad33042e9b435ea8d66e,173.7885,150.961458,0.0
BABA_BULL_TREND_WEAK_CALL_EXHAUSTION,2025-10-22,SHORT,True,True,2025-10-23T07:30:00-04:00,168.88,2025-10-29T16:00:00-04:00,179.99,D5_CLOSE,-6.578635717669368,0a3cb9eede32dd8594265ddc04b68ccee15aa87afae2c3115193ee76421f0d74,5093e7cce91082a8c5dc23fb3e0801953669b9860437ad33042e9b435ea8d66e,174.112,153.592,0.7547169811320755
BABA_BULL_TREND_WEAK_CALL_EXHAUSTION,2025-10-23,SHORT,True,True,2025-10-24T07:30:00-04:00,172.94,2025-10-30T16:00:00-04:00,173.93,D5_CLOSE,-0.5724528738290768,e1f5b875e7f5d9c6e6eb11d5ed84e317c3d6403a9a97b60afedd187ff6dcaa15,5093e7cce91082a8c5dc23fb3e0801953669b9860437ad33042e9b435ea8d66e,173.9335,154.4928,0.5925925925925926
BABA_BULL_TREND_WEAK_CALL_EXHAUSTION,2025-10-24,SHORT,True,True,2025-10-27T07:30:00-04:00,179.38,2025-10-31T16:00:00-04:00,170.43,D5_CLOSE,4.9894079607537005,d1431e710697c314031d7f66c8aad63c0ae74f916180a0db59f1291c5ac06f0c,5093e7cce91082a8c5dc23fb3e0801953669b9860437ad33042e9b435ea8d66e,174.073,155.5412,0.6909090909090909
BABA_BULL_TREND_WEAK_CALL_EXHAUSTION,2025-10-27,SHORT,True,True,2025-10-28T07:30:00-04:00,176.92,2025-11-03T16:00:00-05:00,167.68,D5_CLOSE,5.222699525209129,18139d67253f4387ef07063924ce023395a0c13c0a6b258776c92de5b41ec7cd,5093e7cce91082a8c5dc23fb3e0801953669b9860437ad33042e9b435ea8d66e,174.0505,156.705,0.5818181818181818
BABA_BULL_TREND_WEAK_CALL_EXHAUSTION,2025-10-28,SHORT,True,True,2025-10-29T07:30:00-04:00,179.93,2025-11-04T16:00:00-05:00,164.29,D5_CLOSE,8.692269215806158,cc17c423a0dc65bc657cfc0f813aaf8ea50b812600bf7511a20137355765e9c1,5093e7cce91082a8c5dc23fb3e0801953669b9860437ad33042e9b435ea8d66e,173.95,157.8114,0.05357142857142857
BABA_BULL_TREND_WEAK_CALL_EXHAUSTION,2025-10-29,SHORT,True,True,2025-10-30T07:30:00-04:00,176.7,2025-11-05T16:00:00-05:00,164.81,D5_CLOSE,6.7289190718732295,61218391b5c041b4409ded4542535821c156a880477b33d96fb0ea4d90d75856,5093e7cce91082a8c5dc23fb3e0801953669b9860437ad33042e9b435ea8d66e,173.8095,159.011,0.07017543859649122
BABA_BULL_TREND_WEAK_CALL_EXHAUSTION,2025-10-31,SHORT,True,True,2025-11-03T07:30:00-05:00,168.68,2025-11-07T16:00:00-05:00,166.36,D5_CLOSE,1.3753853450320097,f8c6eecea8492f873303d9f2d1e0b670eab1d0aaa393f76c888651ae4c061b46,5093e7cce91082a8c5dc23fb3e0801953669b9860437ad33042e9b435ea8d66e,172.864,160.0298,0.10526315789473684
BABA_BULL_TREND_WEAK_CALL_EXHAUSTION,2025-11-06,SHORT,True,True,2025-11-07T07:30:00-05:00,163.71,2025-11-13T16:00:00-05:00,159.84,D5_CLOSE,2.3639362286970944,21dc878f51edb2f93ca9b0ecd6001ebb4fd4a98ebf056fc7284a7a3d736a5060,5093e7cce91082a8c5dc23fb3e0801953669b9860437ad33042e9b435ea8d66e,169.2,163.5268,0.3220338983050847
BABA_BULL_TREND_WEAK_CALL_EXHAUSTION,2025-11-07,SHORT,True,True,2025-11-10T07:30:00-05:00,168.32,2025-11-14T16:00:00-05:00,153.84,D5_CLOSE,8.602661596958171,349578904a2ca692dea767d162bc29d5f08c09735fafe2f1dd5015f7b78097be,5093e7cce91082a8c5dc23fb3e0801953669b9860437ad33042e9b435ea8d66e,168.833,164.409,0.4666666666666667
BABA_BULL_TREND_WEAK_CALL_EXHAUSTION,2025-11-10,SHORT,True,True,2025-11-11T07:30:00-05:00,164.5,2025-11-17T16:00:00-05:00,157.72,D5_CLOSE,4.121580547112458,73a26a1091fc9e3a231d2fc0dcece3b11e01e39f717e0d33710fd1c76484310e,5093e7cce91082a8c5dc23fb3e0801953669b9860437ad33042e9b435ea8d66e,169.177,165.3354,0.6833333333333333
BABA_BULL_TREND_WEAK_CALL_EXHAUSTION,2025-11-11,SHORT,True,True,2025-11-12T07:30:00-05:00,161.55,2025-11-18T16:00:00-05:00,159.72,D5_CLOSE,1.1327762302692723,15b71ce77a0faad663f49a32d9301010e0b825d0237e77fc51ed04614883ecf4,5093e7cce91082a8c5dc23fb3e0801953669b9860437ad33042e9b435ea8d66e,168.8765,165.8514,0.6666666666666666
BABA_BULL_TREND_WEAK_CALL_EXHAUSTION,2025-11-12,SHORT,True,True,2025-11-13T07:30:00-05:00,164.55,2025-11-19T16:00:00-05:00,158.89,D5_CLOSE,3.4396839866302154,58c5fb8a07d586a4bf3fde32b42cdcd0bcec14814275fcb377f7ce2308ee89ff,5093e7cce91082a8c5dc23fb3e0801953669b9860437ad33042e9b435ea8d66e,168.629,166.2386,0.6833333333333333
BABA_BULL_TREND_WEAK_CALL_EXHAUSTION,2025-11-13,SHORT,True,True,2025-11-14T07:30:00-05:00,157.2,2025-11-20T16:00:00-05:00,153.28,D5_CLOSE,2.4936386768447782,702a77d67aa8c7b5d60afda9031048038d8d49f1eabb2a9a985ebe83074472a0,5093e7cce91082a8c5dc23fb3e0801953669b9860437ad33042e9b435ea8d66e,168.3255,166.7064,0.08333333333333333
BABA_BULL_TREND_WEAK_CALL_EXHAUSTION,2025-11-14,SHORT,True,True,2025-11-17T07:30:00-05:00,157.6,2025-11-21T16:00:00-05:00,152.93,D5_CLOSE,2.963197969543141,7916616643262cbb53324727bfd93fb2bd76cb020eb39940ac34a2f3bcb905dd,5093e7cce91082a8c5dc23fb3e0801953669b9860437ad33042e9b435ea8d66e,167.761,167.164,0.3
BABA_BULL_TREND_WEAK_CALL_EXHAUSTION,2026-01-26,SHORT,True,True,2026-01-27T07:30:00-05:00,174.42,2026-02-02T16:00:00-05:00,168.39,D5_CLOSE,3.457172342621262,538da0182fdb14163297bf3bf7213982fac391df0baf065fedfc16847a2700c1,5093e7cce91082a8c5dc23fb3e0801953669b9860437ad33042e9b435ea8d66e,160.107,158.324897,0.423728813559322
BABA_BULL_TREND_WEAK_CALL_EXHAUSTION,2026-01-27,SHORT,True,True,2026-01-28T07:30:00-05:00,176.69,2026-02-03T16:00:00-05:00,163.64,D5_CLOSE,7.3858169675703245,5b6abf3bedcaac3df1b4f96ef1de6f0d7357c38f9486ad889915ef4fee1b461c,5093e7cce91082a8c5dc23fb3e0801953669b9860437ad33042e9b435ea8d66e,161.131,158.496734,0.22033898305084745
BABA_BULL_TREND_WEAK_CALL_EXHAUSTION,2026-01-28,SHORT,True,True,2026-01-29T07:30:00-05:00,176.77,2026-02-04T16:00:00-05:00,159.14,D5_CLOSE,9.97341177801665,4fc150c3d53a97e2b08e429d716317a854a3a90842bf05b9909a0b4c2fae3712,5093e7cce91082a8c5dc23fb3e0801953669b9860437ad33042e9b435ea8d66e,162.4895,158.717959,0.5084745762711864
BABA_BULL_TREND_WEAK_CALL_EXHAUSTION,2026-01-29,SHORT,True,True,2026-01-30T07:30:00-05:00,173.5,2026-02-05T16:00:00-05:00,157.73,D5_CLOSE,9.089337175792512,7681616156c053bcccf66ecba55dce664df50c6316586ebce4ed5601d49b0b30,5093e7cce91082a8c5dc23fb3e0801953669b9860437ad33042e9b435ea8d66e,163.834,158.853469,0.06779661016949153
BABA_BULL_TREND_WEAK_CALL_EXHAUSTION,2026-01-30,SHORT,True,True,2026-02-02T07:30:00-05:00,168.36,2026-02-06T16:00:00-05:00,162.48,D5_CLOSE,3.4925160370634534,59e4fe99a80d9ebe410c24db55e4a5ffc64e44aa8a555a854afef019b796a091,5093e7cce91082a8c5dc23fb3e0801953669b9860437ad33042e9b435ea8d66e,164.983,158.919183,0.559322033898305
BABA_BULL_TREND_WEAK_CALL_EXHAUSTION,2026-02-02,SHORT,True,True,2026-02-03T07:30:00-05:00,164.59,2026-02-09T16:00:00-05:00,162.97,D5_CLOSE,0.9842639285497334,852c84316f9349d1a2471d7b417436517312d8faca6735df5d82a724326376dc,5093e7cce91082a8c5dc23fb3e0801953669b9860437ad33042e9b435ea8d66e,165.6155,158.970204,0.6610169491525424
BABA_BULL_TREND_WEAK_CALL_EXHAUSTION,2026-02-05,SHORT,True,True,2026-02-06T07:30:00-05:00,160.57,2026-02-12T16:00:00-05:00,158.65,D5_CLOSE,1.1957401756243269,5b6c08db1943b1d863606839dddc59f2692a60146f6cd9b72c282d12022dcc0a,5093e7cce91082a8c5dc23fb3e0801953669b9860437ad33042e9b435ea8d66e,166.9475,159.01102,0.7796610169491526
BABA_BULL_TREND_WEAK_CALL_EXHAUSTION,2026-02-09,SHORT,True,True,2026-02-10T07:30:00-05:00,164.5,2026-02-17T16:00:00-05:00,155.43,D5_CLOSE,5.513677811550144,f64c07b6e3dcbce0736b42c8410169387ba463cb2e478fc93d19394ce5acb97b,5093e7cce91082a8c5dc23fb3e0801953669b9860437ad33042e9b435ea8d66e,167.9515,159.296734,0.4067796610169492
BABA_BULL_TREND_WEAK_CALL_EXHAUSTION,2026-02-10,SHORT,True,True,2026-02-11T07:30:00-05:00,163.55,2026-02-18T16:00:00-05:00,155.77,D5_CLOSE,4.756955059614798,44d909421b05331da02900df99db705aff24cc8091cabf3f40f9e4e61917e73f,5093e7cce91082a8c5dc23fb3e0801953669b9860437ad33042e9b435ea8d66e,167.9615,159.435306,0.576271186440678
BABA_BULL_TREND_WEAK_CALL_EXHAUSTION,2026-02-11,SHORT,True,True,2026-02-12T07:30:00-05:00,163.1,2026-02-19T16:00:00-05:00,154.31,D5_CLOSE,5.389331698344568,2f0377017a861b5d335f1aa2d1e6a93581f3b3ea7054b11d855b4e96974383c3,5093e7cce91082a8c5dc23fb3e0801953669b9860437ad33042e9b435ea8d66e,167.827,159.546122,0.288135593220339
BABA_BULL_TREND_WEAK_CALL_EXHAUSTION,2026-02-18,SHORT,True,True,2026-02-19T07:30:00-05:00,155.7,2026-02-25T16:00:00-05:00,152.3,D5_CLOSE,2.1836865767501434,d617ed797a087b0a5011f781f9f209caf5aaeb5876f4f1b1a516c0bb9d636f32,5093e7cce91082a8c5dc23fb3e0801953669b9860437ad33042e9b435ea8d66e,165.679,159.58102,0.4745762711864407
BABA_BULL_TREND_WEAK_CALL_EXHAUSTION,2026-02-19,SHORT,True,True,2026-02-20T07:30:00-05:00,151.15,2026-02-26T16:00:00-05:00,148.02,D5_CLOSE,2.0707906053589076,48c9971ddf4af9b767d9a0fd7e137e4b36ff9dd1c1784ff6cc3f3601a00500d8,5093e7cce91082a8c5dc23fb3e0801953669b9860437ad33042e9b435ea8d66e,164.959,159.513061,0.2711864406779661
BABA_BULL_TREND_WEAK_CALL_EXHAUSTION,2026-02-20,SHORT,True,True,2026-02-23T07:30:00-05:00,155.32,2026-02-27T16:00:00-05:00,144.08,D5_CLOSE,7.236672675766142,6c3a38f7866f46242694285cf37cf3c87daec65d9142a2acca8fc1d7492eff3d,5093e7cce91082a8c5dc23fb3e0801953669b9860437ad33042e9b435ea8d66e,163.8225,159.454897,0.6101694915254238
BABA_BULL_TREND_WEAK_CALL_EXHAUSTION,2026-02-23,SHORT,True,True,2026-02-24T07:30:00-05:00,151.65,2026-03-02T16:00:00-05:00,142.55,D5_CLOSE,6.000659413122323,28d34a75436b9942a869ba90c3ad53781ae64c59b46f04fd855187ce743c17c4,5093e7cce91082a8c5dc23fb3e0801953669b9860437ad33042e9b435ea8d66e,162.8,159.220612,0.7966101694915254
BABA_BULL_TREND_WEAK_CALL_EXHAUSTION,2026-02-25,SHORT,True,True,2026-02-26T07:30:00-05:00,147.84,2026-03-04T16:00:00-05:00,133.19,D5_CLOSE,9.909361471861477,1cbdc9cfd40d5af71a1ab3516f6d46aaadaca4e7c198d08dae12b0d18c25bc0d,5093e7cce91082a8c5dc23fb3e0801953669b9860437ad33042e9b435ea8d66e,160.865,158.938571,0.7288135593220338
BABA_BULL_TREND_WEAK_CALL_EXHAUSTION,2026-02-26,SHORT,True,True,2026-02-27T07:30:00-05:00,145.96,2026-03-05T16:00:00-05:00,130.35,D5_CLOSE,10.69471087969307,8676dd11dc7383715ec3f150f8fdb57def3d0dd969c214aca414d7df1ab5281d,5093e7cce91082a8c5dc23fb3e0801953669b9860437ad33042e9b435ea8d66e,159.4845,158.7208,0.7457627118644068
BABA_BULL_TREND_WEAK_CALL_EXHAUSTION,2026-05-07,SHORT,True,True,2026-05-08T07:30:00-04:00,142.01,2026-05-14T16:00:00-04:00,141.13,D5_CLOSE,0.6196746707978318,c6b706a0a7adf5450f6dd81f5cfb3037b8b79ff9898875291deb3f78f92f0e12,5093e7cce91082a8c5dc23fb3e0801953669b9860437ad33042e9b435ea8d66e,133.170526,132.557551,0.423728813559322
BABA_BULL_TREND_WEAK_CALL_EXHAUSTION,2026-05-11,SHORT,True,True,2026-05-12T07:30:00-04:00,136.88,2026-05-18T16:00:00-04:00,133.28,D5_CLOSE,2.630040911747511,6bb846d986580cec4779293f2bcade0d937bc6b3d84624035a49f29408175e78,5093e7cce91082a8c5dc23fb3e0801953669b9860437ad33042e9b435ea8d66e,133.801052,132.234897,0.3389830508474576
BABA_BULL_TREND_WEAK_CALL_EXHAUSTION,2026-05-13,SHORT,True,True,2026-05-14T07:30:00-04:00,141.56,2026-05-20T16:00:00-04:00,134.44,D5_CLOSE,5.029669398135073,15090fb77b7ed500d98d284cec5a0ea2d92c63a74ed500900667be624841abfe,5093e7cce91082a8c5dc23fb3e0801953669b9860437ad33042e9b435ea8d66e,135.147368,131.83204,0.1694915254237288
BABA_BULL_TREND_WEAK_CALL_EXHAUSTION,2026-05-14,SHORT,True,True,2026-05-15T07:30:00-04:00,136.14,2026-05-21T16:00:00-04:00,131.44,D5_CLOSE,3.452328485382683,68024fc901eea7817094260153ea8546ba0a547747cc42bbaf1ab9300630821a,5093e7cce91082a8c5dc23fb3e0801953669b9860437ad33042e9b435ea8d66e,135.837368,131.77102,0.22033898305084745
BABA_BULL_TREND_WEAK_CALL_EXHAUSTION,2026-05-15,SHORT,True,True,2026-05-18T07:30:00-04:00,133.76,2026-05-22T16:00:00-04:00,130.0,D5_CLOSE,2.8110047846889863,69d67fd5f171ba7eb36fd33afbd09252e2f6755a01173743876bf1797985fbfe,5093e7cce91082a8c5dc23fb3e0801953669b9860437ad33042e9b435ea8d66e,135.902631,131.567551,0.7288135593220338
BABA_BULL_TREND_WEAK_CALL_EXHAUSTION,2026-05-18,SHORT,True,True,2026-05-19T07:30:00-04:00,135.43,2026-05-26T16:00:00-04:00,129.51,D5_CLOSE,4.371261906519985,3f9c025241ebbc06b265b446968014a6b451b1353d1dcad2fb52147c12633cdb,5093e7cce91082a8c5dc23fb3e0801953669b9860437ad33042e9b435ea8d66e,135.901578,131.52,0.7966101694915254
BABA_BULL_TREND_WEAK_CALL_EXHAUSTION,2026-05-19,SHORT,True,True,2026-05-20T07:30:00-04:00,135.86,2026-05-27T16:00:00-04:00,127.77,D5_CLOSE,5.954659208008262,6adbb5e73bbf39a53b97a0c1ec481f6a40edf348737543341fecddbeeaa9bbe6,5093e7cce91082a8c5dc23fb3e0801953669b9860437ad33042e9b435ea8d66e,135.746315,131.568367,0.288135593220339
BABA_BULL_TREND_WEAK_CALL_EXHAUSTION,2026-05-20,SHORT,True,True,2026-05-21T07:30:00-04:00,129.55,2026-05-28T16:00:00-04:00,126.13,D5_CLOSE,2.6399073716711796,8fd5a0966098c31906885ecf5a77cdd6149e531a4390cc9b38746c39582628ae,5093e7cce91082a8c5dc23fb3e0801953669b9860437ad33042e9b435ea8d66e,135.402105,131.652448,0.0
BABA_BULL_TREND_WEAK_CALL_EXHAUSTION,2026-05-22,SHORT,True,True,2026-05-26T07:30:00-04:00,129.9,2026-06-01T16:00:00-04:00,125.39,D5_CLOSE,3.471901462663596,e3f75a98e064d370dc3c574983bcbabc5d08eb41d139052ee9c6ba920209ba69,5093e7cce91082a8c5dc23fb3e0801953669b9860437ad33042e9b435ea8d66e,134.661052,131.612448,0.11864406779661017
BABA_BULL_TREND_WEAK_CALL_EXHAUSTION,2026-05-26,SHORT,True,True,2026-05-27T07:30:00-04:00,126.53,2026-06-02T16:00:00-04:00,130.9,D5_CLOSE,-3.453726388998657,469ea79806f4a7ba2d7aa2e31403bab80b0d24054ed59c641f3ecd5b77e6ea99,5093e7cce91082a8c5dc23fb3e0801953669b9860437ad33042e9b435ea8d66e,134.295263,131.461836,0.7288135593220338
BABA_BULL_TREND_WEAK_CALL_EXHAUSTION,2026-05-27,SHORT,True,True,2026-05-28T07:30:00-04:00,124.55,2026-06-03T16:00:00-04:00,127.28,D5_CLOSE,-2.1918908069048504,aad00fb62c72235f02e3078300cbfcf5ee2bcab6145eadff4e782e90a282c35a,5093e7cce91082a8c5dc23fb3e0801953669b9860437ad33042e9b435ea8d66e,134.087894,131.287755,0.576271186440678
BABA_BULL_TREND_WEAK_CALL_EXHAUSTION,2026-05-29,SHORT,True,True,2026-06-01T07:30:00-04:00,125.46,2026-06-05T16:00:00-04:00,121.04,D5_CLOSE,3.5230352303522894,b4c477cd0ec043e940e52a894cba65d8a4da938aad30dbe4eae90d0c91de4a3b,5093e7cce91082a8c5dc23fb3e0801953669b9860437ad33042e9b435ea8d66e,133.142631,130.899387,0.559322033898305
BABA_BULL_TREND_WEAK_CALL_EXHAUSTION,2026-06-01,SHORT,True,True,2026-06-02T07:30:00-04:00,132.46,2026-06-08T16:00:00-04:00,120.07,D5_CLOSE,9.35376717499623,c504d094862478cd3abe31770553f0619f20cfc51600ab359246b2b307047f9a,5093e7cce91082a8c5dc23fb3e0801953669b9860437ad33042e9b435ea8d66e,132.855789,130.668571,0.7796610169491526
BABA_BULL_TREND_WEAK_CALL_EXHAUSTION,2026-06-02,SHORT,True,True,2026-06-03T07:30:00-04:00,129.37,2026-06-09T16:00:00-04:00,119.68,D5_CLOSE,7.490144546649146,a4baa5686a16c1d34d4bcc66974138480ef53cc55592d0a506c0234d0053d8d6,5093e7cce91082a8c5dc23fb3e0801953669b9860437ad33042e9b435ea8d66e,132.876315,130.551224,0.3050847457627119
BABA_BULL_TREND_WEAK_CALL_EXHAUSTION,2026-06-03,SHORT,True,True,2026-06-04T07:30:00-04:00,126.4,2026-06-10T16:00:00-04:00,115.44,D5_CLOSE,8.670886075949369,15c30ebb6120f53546a275e889c82a851c6abda38ca802e10580941c6c139a8b,5093e7cce91082a8c5dc23fb3e0801953669b9860437ad33042e9b435ea8d66e,132.630526,130.403877,0.4745762711864407
BABA_BULL_TREND_WEAK_CALL_EXHAUSTION,2026-06-04,SHORT,True,True,2026-06-05T07:30:00-04:00,125.6,2026-06-11T16:00:00-04:00,112.69,D5_CLOSE,10.278662420382167,2817007f2beaa03091ff6612e3d3cf269408d36c053e28af27bba9b558ac60a5,5093e7cce91082a8c5dc23fb3e0801953669b9860437ad33042e9b435ea8d66e,132.338421,130.425306,0.6949152542372882
BABA_BULL_TREND_WEAK_CALL_EXHAUSTION,2026-06-08,SHORT,True,True,2026-06-09T07:30:00-04:00,121.27,2026-06-15T16:00:00-04:00,112.56,D5_CLOSE,7.182320441988943,f1eda9b6f1340eec6d38d5e1a268834dcb693d9b8334153e0dd0fb1a7b713958,5093e7cce91082a8c5dc23fb3e0801953669b9860437ad33042e9b435ea8d66e,130.728,130.27551,0.6610169491525424
BABA_BULL_TREND_WEAK_CALL_EXHAUSTION,2026-08-03,SHORT,True,True,2026-08-04T07:30:00-04:00,127.19,2026-08-10T16:00:00-04:00,132.28,D5_CLOSE,-4.001886940797239,d7f16cf0d74497cdf730f1795a1cebb9ea09af0486b4c92365055b152cd19219,5093e7cce91082a8c5dc23fb3e0801953669b9860437ad33042e9b435ea8d66e,114.8785,113.9318,0.1016949152542373
BABA_BULL_TREND_WEAK_CALL_EXHAUSTION,2026-08-04,SHORT,True,True,2026-08-05T07:30:00-04:00,129.83,2026-08-11T16:00:00-04:00,127.86,D5_CLOSE,1.5173688669799068,ec8c80b4f3f58363c574f288aa886600aba1869e7984b33f3711fac6e8588559,5093e7cce91082a8c5dc23fb3e0801953669b9860437ad33042e9b435ea8d66e,116.421,113.8822,0.2033898305084746
BABA_BULL_TREND_WEAK_CALL_EXHAUSTION,2026-08-05,SHORT,True,True,2026-08-06T07:30:00-04:00,126.89,2026-08-12T16:00:00-04:00,125.2,D5_CLOSE,1.3318622428875382,c478071300b641f6c9fab24cd9430f6ee3247efe27c2e68299801bbb95bd8cce,5093e7cce91082a8c5dc23fb3e0801953669b9860437ad33042e9b435ea8d66e,117.3985,113.8528,0.2
BABA_BULL_TREND_WEAK_CALL_EXHAUSTION,2026-08-06,SHORT,True,True,2026-08-07T07:30:00-04:00,126.7,2026-08-13T16:00:00-04:00,122.13,D5_CLOSE,3.6069455406471995,87dd9d046e20cbc7c25c5679db230b5afe899da12f9344ccb004f2e32749018f,5093e7cce91082a8c5dc23fb3e0801953669b9860437ad33042e9b435ea8d66e,118.182,113.7996,0.6833333333333333
BABA_BULL_TREND_WEAK_CALL_EXHAUSTION,2026-08-07,SHORT,True,True,2026-08-10T07:30:00-04:00,129.31,2026-08-14T16:00:00-04:00,123.75,D5_CLOSE,4.2997447993194715,49acb4f319cd6b384f5528b41a3741d9b0df792847900d5bd3f1ce459ae65f80,5093e7cce91082a8c5dc23fb3e0801953669b9860437ad33042e9b435ea8d66e,118.986,113.8126,0.5
BABA_BULL_TREND_WEAK_CALL_EXHAUSTION,2026-08-10,SHORT,True,True,2026-08-11T07:30:00-04:00,129.7,2026-08-17T16:00:00-04:00,124.69,D5_CLOSE,3.862760215882799,32c3fb424af4cb2133858604c64fb52876059de35b7a1dfa053c4f2a68d7f34d,5093e7cce91082a8c5dc23fb3e0801953669b9860437ad33042e9b435ea8d66e,119.9845,113.9358,0.4666666666666667
BABA_BULL_TREND_WEAK_CALL_EXHAUSTION,2026-08-11,SHORT,True,True,2026-08-12T07:30:00-04:00,125.79,2026-08-18T16:00:00-04:00,128.18,D5_CLOSE,-1.8999920502424716,695014b60d675f78aa3949dc60085247777aec75c8992be4515d0268d4aefdcb,5093e7cce91082a8c5dc23fb3e0801953669b9860437ad33042e9b435ea8d66e,120.761,114.0084,0.05
BABA_BULL_TREND_WEAK_CALL_EXHAUSTION,2026-08-13,SHORT,True,True,2026-08-14T07:30:00-04:00,122.7,2026-08-20T16:00:00-04:00,130.57,D5_CLOSE,-6.414017929910343,08158b7d6356b3c94a5ef07bf27ef4c2bd64cb111b1fe9ffc81b1b8f0b785560,5093e7cce91082a8c5dc23fb3e0801953669b9860437ad33042e9b435ea8d66e,121.371,113.8316,0.6833333333333333
BABA_BULL_TREND_WEAK_CALL_EXHAUSTION,2026-08-17,SHORT,True,True,2026-08-18T07:30:00-04:00,128.03,2026-08-24T16:00:00-04:00,118.47,D5_CLOSE,7.4669999218933025,ae0e78079cd214c5e004ffa98c11a4065e6e3f822e6cf3e61d34a92c1aa27bab,5093e7cce91082a8c5dc23fb3e0801953669b9860437ad33042e9b435ea8d66e,122.0315,113.7388,0.65
BABA_BULL_TREND_WEAK_CALL_EXHAUSTION,2026-08-18,SHORT,True,True,2026-08-19T07:30:00-04:00,126.66,2026-08-25T16:00:00-04:00,119.47,D5_CLOSE,5.676614558660975,da81eb7a78f8a46e4dfd145614dcfccd6fb22dae62bdf1e4f88af654ce1a0477,5093e7cce91082a8c5dc23fb3e0801953669b9860437ad33042e9b435ea8d66e,122.5405,113.8806,0.03333333333333333
BABA_BULL_TREND_WEAK_CALL_EXHAUSTION,2026-08-19,SHORT,True,True,2026-08-20T07:30:00-04:00,124.51,2026-08-26T16:00:00-04:00,119.84,D5_CLOSE,3.750702754798818,3b7292ee90f1c723141023e97a4528ddb4256efca4136c4fc1ee7729e11158c7,5093e7cce91082a8c5dc23fb3e0801953669b9860437ad33042e9b435ea8d66e,123.1575,114.0572,0.55
BABA_BULL_TREND_WEAK_CALL_EXHAUSTION,2026-08-24,SHORT,True,False,2026-08-25T07:30:00-04:00,118.93,,,UNRESOLVED_REQUIRED_BAR_NOT_YET_AVAILABLE,,f20d20f1d19317d20e056d5fdf553f88019b4e238fe0075373e49be9f4611fa4,5093e7cce91082a8c5dc23fb3e0801953669b9860437ad33042e9b435ea8d66e,124.5145,114.4686,0.5666666666666667
BABA_BULL_TREND_WEAK_CALL_EXHAUSTION,2026-08-25,SHORT,True,False,2026-08-26T07:30:00-04:00,118.85,,,UNRESOLVED_REQUIRED_BAR_NOT_YET_AVAILABLE,,85a126b632842ce90f6bf2830b7ca6bd7e1703aaa5bae429704a7069aa30b53c,5093e7cce91082a8c5dc23fb3e0801953669b9860437ad33042e9b435ea8d66e,124.727,114.601,0.5166666666666667
