signal_code,market_date,direction,triggered,resolved,entry_timestamp,entry_price,exit_timestamp,exit_price,exit_reason,return_pct,source_revision,source_hash,feature__SafeGEXVolRank60,feature__QQQ_BB_Bandwidth
SOXL_HIGH_GEX_VOL_CONTINUATION,2025-11-26,LONG,True,True,2025-11-28T07:30:00-05:00,40.1,2025-12-02T16:00:00-05:00,43.78,D3_CLOSE,9.177057356608476,20608451315e56993eeacb434bedbae471801a5d2e6d103c279ac8103992c558,9f15b68b8cd64d45eef6de0f9ddbc0f557f1c7c77f8b889d2f172d95446ab791,0.7166666666666667,0.0881833203678421
SOXL_HIGH_GEX_VOL_CONTINUATION,2025-11-28,LONG,True,True,2025-12-01T07:30:00-05:00,39.47,2025-12-03T16:00:00-05:00,46.58,D3_CLOSE,18.01368127691918,f758f6e9d8c1a25cf3f3a73b10ea4bdead0cc4ff2549b4c88717dfb121227f84,9f15b68b8cd64d45eef6de0f9ddbc0f557f1c7c77f8b889d2f172d95446ab791,0.6833333333333333,0.081499616467229
SOXL_HIGH_GEX_VOL_CONTINUATION,2026-03-27,LONG,True,True,2026-03-30T07:30:00-04:00,47.9,2026-04-01T16:00:00-04:00,52.27,D3_CLOSE,9.123173277661811,ab063fdd19db1f0d412167344c093b05541ba5a46bc6f01fa2a8f5ecea56a599,9f15b68b8cd64d45eef6de0f9ddbc0f557f1c7c77f8b889d2f172d95446ab791,0.8666666666666667,0.0865493526293874
SOXL_HIGH_GEX_VOL_CONTINUATION,2026-03-30,LONG,True,True,2026-03-31T07:30:00-04:00,41.86,2026-04-02T16:00:00-04:00,52.74,D3_CLOSE,25.99139990444339,b0b35f8296994cafd05c60024b125e1cba325945636992c13a27581ba18bef4e,9f15b68b8cd64d45eef6de0f9ddbc0f557f1c7c77f8b889d2f172d95446ab791,0.95,0.1011453517775883
SOXL_HIGH_GEX_VOL_CONTINUATION,2026-03-31,LONG,True,True,2026-04-01T07:30:00-04:00,50.42,2026-04-06T16:00:00-04:00,54.8,D3_CLOSE,8.687028956763188,0cf7248ce8cb57c5c082d2d6a5ee965e5514a313ceca3470fcbd67d4c4905491,9f15b68b8cd64d45eef6de0f9ddbc0f557f1c7c77f8b889d2f172d95446ab791,0.95,0.1031746911765875
SOXL_HIGH_GEX_VOL_CONTINUATION,2026-04-01,LONG,True,True,2026-04-02T07:30:00-04:00,46.39,2026-04-07T16:00:00-04:00,56.54,D3_CLOSE,21.879715455917225,c22aa53b7b6a3d3bede51ba44adb6b08a4a3d75c68cae05195864f9e7f83e504,9f15b68b8cd64d45eef6de0f9ddbc0f557f1c7c77f8b889d2f172d95446ab791,0.9833333333333333,0.0994759133474789
SOXL_HIGH_GEX_VOL_CONTINUATION,2026-04-02,LONG,True,True,2026-04-06T07:30:00-04:00,53.92,2026-04-08T16:00:00-04:00,67.55,D3_CLOSE,25.278189910979208,2392f43913c023026d9d684759c161acea0325d68d51e2aee5f2a951a249828c,9f15b68b8cd64d45eef6de0f9ddbc0f557f1c7c77f8b889d2f172d95446ab791,0.9666666666666667,0.09556643005413
SOXL_HIGH_GEX_VOL_CONTINUATION,2026-04-06,LONG,True,True,2026-04-07T07:30:00-04:00,53.5,2026-04-09T16:00:00-04:00,71.98,D3_CLOSE,34.54205607476637,85dea3e6853b9c559196178b7813c499da37a9cdce127a3dcb01c16587df2cc8,9f15b68b8cd64d45eef6de0f9ddbc0f557f1c7c77f8b889d2f172d95446ab791,1.0,0.0942248803725218
SOXL_HIGH_GEX_VOL_CONTINUATION,2026-04-07,LONG,True,True,2026-04-08T07:30:00-04:00,65.77,2026-04-10T16:00:00-04:00,76.38,D3_CLOSE,16.13197506461912,aca154d862c9e13c9b9b853c24dd79517a1d0416797214e5013f39ff7385fe00,9f15b68b8cd64d45eef6de0f9ddbc0f557f1c7c77f8b889d2f172d95446ab791,1.0,0.089402579773574
SOXL_HIGH_GEX_VOL_CONTINUATION,2026-04-08,LONG,True,True,2026-04-09T07:30:00-04:00,66.24,2026-04-13T16:00:00-04:00,80.5,D3_CLOSE,21.52777777777779,40e2b241bdc90aa31e0f83e93c1afd4fb0832641cf4dd40fd10664411f5ca242,9f15b68b8cd64d45eef6de0f9ddbc0f557f1c7c77f8b889d2f172d95446ab791,1.0,0.088538016602462
SOXL_HIGH_GEX_VOL_CONTINUATION,2026-04-09,LONG,True,True,2026-04-10T07:30:00-04:00,73.67,2026-04-14T16:00:00-04:00,85.39,D3_CLOSE,15.908782408035837,e65527f7295ee724c7552667cfc7c883edff58c079f3b4353eab4d5890510c14,9f15b68b8cd64d45eef6de0f9ddbc0f557f1c7c77f8b889d2f172d95446ab791,0.9666666666666667,0.0899561618312604
SOXL_HIGH_GEX_VOL_CONTINUATION,2026-04-10,LONG,True,True,2026-04-13T07:30:00-04:00,74.98,2026-04-15T16:00:00-04:00,85.88,D3_CLOSE,14.53720992264602,46399194e4db4bdeaf5a97fc73514e753a4dcc3849efd0518075a0abf396fcaf,9f15b68b8cd64d45eef6de0f9ddbc0f557f1c7c77f8b889d2f172d95446ab791,0.8666666666666667,0.0955961294346748
SOXL_HIGH_GEX_VOL_CONTINUATION,2026-04-13,LONG,True,True,2026-04-14T07:30:00-04:00,83.13,2026-04-16T16:00:00-04:00,88.42,D3_CLOSE,6.363527005894398,d49efabf1dd594e151a59e16c782bff1976b393af1c3a6799675dd84087de577,9f15b68b8cd64d45eef6de0f9ddbc0f557f1c7c77f8b889d2f172d95446ab791,0.8333333333333334,0.104751050238452
SOXL_HIGH_GEX_VOL_CONTINUATION,2026-07-27,LONG,True,True,2026-07-28T07:30:00-04:00,111.5,2026-07-30T16:00:00-04:00,115.07,D3_CLOSE,3.2017937219730896,bdfada1b2a64d7094330edce56f03323fdc8fc14658e3684d42b4f87b721a379,9f15b68b8cd64d45eef6de0f9ddbc0f557f1c7c77f8b889d2f172d95446ab791,0.9,0.0825328963929495
SOXL_HIGH_GEX_VOL_CONTINUATION,2026-07-28,LONG,True,True,2026-07-29T07:30:00-04:00,108.55,2026-07-31T16:00:00-04:00,114.61,D3_CLOSE,5.5826807922616295,9e3010097c39f6881f38d4bbb854e5d12e40a1d0c5fbe99da2270e7f2ae3e247,9f15b68b8cd64d45eef6de0f9ddbc0f557f1c7c77f8b889d2f172d95446ab791,0.95,0.0916955980814642
SOXL_HIGH_GEX_VOL_CONTINUATION,2026-07-29,LONG,True,True,2026-07-30T07:30:00-04:00,99.89,2026-08-03T16:00:00-04:00,116.72,D3_CLOSE,16.848533386725407,94243d8b1aab87ce27af6024b1a4f1fff74516bb3155c0c7e4df85edf94cd715,9f15b68b8cd64d45eef6de0f9ddbc0f557f1c7c77f8b889d2f172d95446ab791,1.0,0.1015155513583735
SOXL_HIGH_GEX_VOL_CONTINUATION,2026-07-30,LONG,True,True,2026-07-31T07:30:00-04:00,128.16,2026-08-04T16:00:00-04:00,140.15,D3_CLOSE,9.355493133583037,7f938dfb941f602832fcd1b50d528601865d68bbf4da1718b1c31dfedd72177e,9f15b68b8cd64d45eef6de0f9ddbc0f557f1c7c77f8b889d2f172d95446ab791,0.9833333333333333,0.1010663821933372
SOXL_HIGH_GEX_VOL_CONTINUATION,2026-07-31,LONG,True,True,2026-08-03T07:30:00-04:00,107.91,2026-08-05T16:00:00-04:00,131.61,D3_CLOSE,21.96274673338896,115b14b712787ee3abdadd3fa4bfc19e53422c30826151eca7d888006f2c52fa,9f15b68b8cd64d45eef6de0f9ddbc0f557f1c7c77f8b889d2f172d95446ab791,0.9833333333333333,0.101799892213359
SOXL_HIGH_GEX_VOL_CONTINUATION,2026-08-03,LONG,True,True,2026-08-04T07:30:00-04:00,130.52,2026-08-06T16:00:00-04:00,132.46,D3_CLOSE,1.4863622433343604,77b5d03077bdd6743f6d64fac0cef08fec432dcf64a1a286b8d87a29ddec9322,9f15b68b8cd64d45eef6de0f9ddbc0f557f1c7c77f8b889d2f172d95446ab791,0.9833333333333333,0.0976568495697239
SOXL_HIGH_GEX_VOL_CONTINUATION,2026-08-04,LONG,True,True,2026-08-05T07:30:00-04:00,134.45,2026-08-07T16:00:00-04:00,140.26,D3_CLOSE,4.321309036816667,e39fc4b55edd808844b39de6c0c607564acfdf97f45f259bdf8f148e1932c81b,9f15b68b8cd64d45eef6de0f9ddbc0f557f1c7c77f8b889d2f172d95446ab791,1.0,0.1016298131548292
SOXL_HIGH_GEX_VOL_CONTINUATION,2026-08-05,LONG,True,True,2026-08-06T07:30:00-04:00,129.24,2026-08-10T16:00:00-04:00,130.0,D3_CLOSE,0.5880532342927847,3e5a067dbaaf2222739df3b7ea408744e63bbc5b43add393a3dffa40692a2160,9f15b68b8cd64d45eef6de0f9ddbc0f557f1c7c77f8b889d2f172d95446ab791,0.9833333333333333,0.1029254404806816
SOXL_HIGH_GEX_VOL_CONTINUATION,2026-08-06,LONG,True,True,2026-08-07T07:30:00-04:00,137.9,2026-08-11T16:00:00-04:00,133.07,D3_CLOSE,-3.502538071065997,3739e15e2b5ce57717b1c2838546d4275fd2de51226171ff0aded9ce481607e7,9f15b68b8cd64d45eef6de0f9ddbc0f557f1c7c77f8b889d2f172d95446ab791,0.9833333333333333,0.1003245457612447
SOXL_HIGH_GEX_VOL_CONTINUATION,2026-08-07,LONG,True,True,2026-08-10T07:30:00-04:00,143.65,2026-08-12T16:00:00-04:00,142.23,D3_CLOSE,-0.9885137486947526,b4128caf6631142830b488a6f0e8efd94fc72e3c72e0693d3323b82642fb7ed3,9f15b68b8cd64d45eef6de0f9ddbc0f557f1c7c77f8b889d2f172d95446ab791,1.0,0.0993243025562299
SOXL_HIGH_GEX_VOL_CONTINUATION,2026-08-10,LONG,True,True,2026-08-11T07:30:00-04:00,134.3,2026-08-13T16:00:00-04:00,145.49,D3_CLOSE,8.332092330603125,043fd12dc8c4d2504e96d941d84611eb1ef432a3e6053da52e5ad6bf78c50007,9f15b68b8cd64d45eef6de0f9ddbc0f557f1c7c77f8b889d2f172d95446ab791,1.0,0.1017113708449714
SOXL_HIGH_GEX_VOL_CONTINUATION,2026-08-11,LONG,True,True,2026-08-12T07:30:00-04:00,139.76,2026-08-14T16:00:00-04:00,145.0,D3_CLOSE,3.749284487693205,957c73ce43ec8521ac909b403d6fbe97e0a097540850bd35326a7bb192a22cd4,9f15b68b8cd64d45eef6de0f9ddbc0f557f1c7c77f8b889d2f172d95446ab791,0.8666666666666667,0.1013369607423971
SOXL_HIGH_GEX_VOL_CONTINUATION,2026-08-12,LONG,True,True,2026-08-13T07:30:00-04:00,142.09,2026-08-17T16:00:00-04:00,151.57,D3_CLOSE,6.671827714828615,a0eb1a0329c049c146102301d1beb1e9957ab07f14ebd0f5d8547e65c170a0b7,9f15b68b8cd64d45eef6de0f9ddbc0f557f1c7c77f8b889d2f172d95446ab791,0.6666666666666666,0.1032745183987321
SOXL_HIGH_GEX_VOL_CONTINUATION,2026-08-13,LONG,True,True,2026-08-14T07:30:00-04:00,146.75,2026-08-18T16:00:00-04:00,129.0,D3_CLOSE,-12.0954003407155,dd14605802df97029e9e2b1ab537d3a2f71da3d57481c44ac6215b6fdd2ab169,9f15b68b8cd64d45eef6de0f9ddbc0f557f1c7c77f8b889d2f172d95446ab791,0.6666666666666666,0.1103230777741149
SOXL_HIGH_GEX_VOL_CONTINUATION,2026-08-18,LONG,True,True,2026-08-19T07:30:00-04:00,128.04,2026-08-21T16:00:00-04:00,120.6,D3_CLOSE,-5.810684161199619,8613f67ced56b66136d7c88ef43d819ccd1c316a42bf130258672ece915df3eb,9f15b68b8cd64d45eef6de0f9ddbc0f557f1c7c77f8b889d2f172d95446ab791,0.7833333333333333,0.1198354092231676
SOXL_HIGH_GEX_VOL_CONTINUATION,2026-08-19,LONG,True,True,2026-08-20T07:30:00-04:00,119.76,2026-08-24T16:00:00-04:00,111.16,D3_CLOSE,-7.181028724114902,af863c5955c8dcbbb43c5cec5a4200ee78042192d4e305e90303512a84fb992c,9f15b68b8cd64d45eef6de0f9ddbc0f557f1c7c77f8b889d2f172d95446ab791,0.8333333333333334,0.1203777788294628
SOXL_HIGH_GEX_VOL_CONTINUATION,2026-08-20,LONG,True,True,2026-08-21T07:30:00-04:00,127.5,2026-08-25T16:00:00-04:00,115.84,D3_CLOSE,-9.145098039215682,c598ca71f1a015beb346115a32c943092b7a56d14146b6423868426b1cf350bf,9f15b68b8cd64d45eef6de0f9ddbc0f557f1c7c77f8b889d2f172d95446ab791,0.8333333333333334,0.1186653811608338
SOXL_HIGH_GEX_VOL_CONTINUATION,2026-08-21,LONG,True,True,2026-08-24T07:30:00-04:00,114.0,2026-08-26T16:00:00-04:00,116.67,D3_CLOSE,2.342105263157901,73823c30a45271ef92f501b7ee7a36f81d1e44b4b75dc955bd0ae002c1ce4b38,9f15b68b8cd64d45eef6de0f9ddbc0f557f1c7c77f8b889d2f172d95446ab791,0.8166666666666667,0.1143776092056582
SOXL_HIGH_GEX_VOL_CONTINUATION,2026-08-24,LONG,True,False,2026-08-25T07:30:00-04:00,117.9,,,UNRESOLVED_REQUIRED_BAR_NOT_YET_AVAILABLE,,edae3ff3d34d6b7d89e9547c03156ab7a9a22bd55e5bcbd493d73a4f6af9d8e1,9f15b68b8cd64d45eef6de0f9ddbc0f557f1c7c77f8b889d2f172d95446ab791,0.8333333333333334,0.1085355311809798
SOXL_HIGH_GEX_VOL_CONTINUATION,2026-08-25,LONG,True,False,2026-08-26T07:30:00-04:00,116.81,,,UNRESOLVED_REQUIRED_BAR_NOT_YET_AVAILABLE,,2422ec1a004688c2fef31154481919aadc0ca6ad33e41b30b9825ecb4231f134,9f15b68b8cd64d45eef6de0f9ddbc0f557f1c7c77f8b889d2f172d95446ab791,0.8,0.0979567682474408
