signal_code,market_date,direction,triggered,resolved,entry_timestamp,entry_price,exit_timestamp,exit_price,exit_reason,return_pct,source_revision,source_hash,feature__GEX,feature__GEX_SMA20,feature__RSI
GLD_HIGH_GEX_TREND_CONTINUATION,2025-11-24,LONG,True,True,2025-11-25T07:30:00-05:00,380.11,2025-11-26T16:00:00-05:00,383.09,D2_CLOSE,0.7839835836994435,95ae0cd7ff9c8d73a07c1f6951f5c5169bcb83cbb615495b7a67e238b78d2b1b,bf55843bcbdd62d8e3ad4b95322ef901c8c47f175ad816240788553d4fccb4ad,925210.0,484134.25,68.84112024897192
GLD_HIGH_GEX_TREND_CONTINUATION,2025-11-25,LONG,True,True,2025-11-26T07:30:00-05:00,382.89,2025-11-28T16:00:00-05:00,389.01,D2_CLOSE,1.5983702891169793,e9c69d7cf5cef96f9f172fbc58c32548f5307f7330b78905d482e4e20df74085,bf55843bcbdd62d8e3ad4b95322ef901c8c47f175ad816240788553d4fccb4ad,982686.0,517150.05,65.6303058215388
GLD_HIGH_GEX_TREND_CONTINUATION,2025-11-26,LONG,True,True,2025-11-28T07:30:00-05:00,383.93,2025-12-01T16:00:00-05:00,389.75,D2_CLOSE,1.5159013361810691,f754b506b29894b2c6758e14a70689cf3daba1453ca710dc6407b2a297b36d8b,bf55843bcbdd62d8e3ad4b95322ef901c8c47f175ad816240788553d4fccb4ad,1153240.0,556943.9,68.4420038191487
GLD_HIGH_GEX_TREND_CONTINUATION,2025-11-28,LONG,True,True,2025-12-01T07:30:00-05:00,391.0,2025-12-02T16:00:00-05:00,387.19,D2_CLOSE,-0.9744245524296646,e439fc0da8f4dd93252dcdb1fa32dbd47e55078075e825c89a24c6593448fbc0,bf55843bcbdd62d8e3ad4b95322ef901c8c47f175ad816240788553d4fccb4ad,1255186.0,607092.6,69.9470376644761
GLD_HIGH_GEX_TREND_CONTINUATION,2025-12-05,LONG,True,True,2025-12-08T07:30:00-05:00,387.38,2025-12-09T16:00:00-05:00,387.39,D2_CLOSE,0.0025814445763883143,0c281474cea27584d2d55f6b0ed50faab941d79d7b165667917c24df097fd2c0,bf55843bcbdd62d8e3ad4b95322ef901c8c47f175ad816240788553d4fccb4ad,961713.0,837380.35,68.98916140180154
GLD_HIGH_GEX_TREND_CONTINUATION,2025-12-08,LONG,True,True,2025-12-09T07:30:00-05:00,386.46,2025-12-10T16:00:00-05:00,388.98,D2_CLOSE,0.6520726595249382,4334d7b88ac4a14ab4d26eebfca2cec4ba116277aecf1d2078b2ccf9a9a037eb,bf55843bcbdd62d8e3ad4b95322ef901c8c47f175ad816240788553d4fccb4ad,863412.0,857643.6,78.53816118828192
GLD_HIGH_GEX_TREND_CONTINUATION,2025-12-09,LONG,True,True,2025-12-10T07:30:00-05:00,385.99,2025-12-11T16:00:00-05:00,393.28,D2_CLOSE,1.8886499650250022,88fbdc2ca8666c6c434343e58e0eb773439d4546235c3f0c409515672a7b1459,bf55843bcbdd62d8e3ad4b95322ef901c8c47f175ad816240788553d4fccb4ad,1016578.0,876387.65,77.77785185160495
GLD_HIGH_GEX_TREND_CONTINUATION,2025-12-10,LONG,True,True,2025-12-11T07:30:00-05:00,387.87,2025-12-12T16:00:00-05:00,395.42,D2_CLOSE,1.9465284760357804,2a01405d3d6b3343cbd198cb5ccdb49e16bbc2cd877820b0a632dae5e9751f02,bf55843bcbdd62d8e3ad4b95322ef901c8c47f175ad816240788553d4fccb4ad,1157805.0,897271.8,78.70373919747169
GLD_HIGH_GEX_TREND_CONTINUATION,2025-12-11,LONG,True,True,2025-12-12T07:30:00-05:00,398.51,2025-12-15T16:00:00-05:00,395.81,D2_CLOSE,-0.677523776065847,63ffd95e9f2db2e633f2db56a69a2462e4c758d98e8ea2e26bd9d634824cfcd9,bf55843bcbdd62d8e3ad4b95322ef901c8c47f175ad816240788553d4fccb4ad,1446076.0,915800.1,82.07177814614298
GLD_HIGH_GEX_TREND_CONTINUATION,2025-12-12,LONG,True,True,2025-12-15T07:30:00-05:00,399.62,2025-12-16T16:00:00-05:00,395.85,D2_CLOSE,-0.9433962264150941,689e903331106d330c4a5dbeb0a4356f617098d39910cca7f6bb4fa1b035d89c,bf55843bcbdd62d8e3ad4b95322ef901c8c47f175ad816240788553d4fccb4ad,1367403.0,937933.0,84.88667576085763
GLD_HIGH_GEX_TREND_CONTINUATION,2025-12-15,LONG,True,True,2025-12-16T07:30:00-05:00,394.59,2025-12-17T16:00:00-05:00,399.25,D2_CLOSE,1.180972655161061,46ef0dbb215b1f8b1c81bf9b0951c2d1cdb031bc5866000522e60046abf31c6d,bf55843bcbdd62d8e3ad4b95322ef901c8c47f175ad816240788553d4fccb4ad,1044298.0,958970.5,81.39539729570937
GLD_HIGH_GEX_TREND_CONTINUATION,2025-12-16,LONG,True,True,2025-12-17T07:30:00-05:00,397.41,2025-12-18T16:00:00-05:00,398.53,D2_CLOSE,0.2818248156815306,cf09c80ba925a6bef50478fed569321d7f654ee4642ecade620a869c75e2fb2d,bf55843bcbdd62d8e3ad4b95322ef901c8c47f175ad816240788553d4fccb4ad,1092595.0,1002640.5,81.83234928253222
GLD_HIGH_GEX_TREND_CONTINUATION,2025-12-17,LONG,True,True,2025-12-18T07:30:00-05:00,397.11,2025-12-19T16:00:00-05:00,399.02,D2_CLOSE,0.48097504469792884,56011128ad713be3ae516fc93c689b659e5987dfcb85733005b197af0647580d,bf55843bcbdd62d8e3ad4b95322ef901c8c47f175ad816240788553d4fccb4ad,1406733.0,1058220.05,82.0000629997795
GLD_HIGH_GEX_TREND_CONTINUATION,2025-12-18,LONG,True,True,2025-12-19T07:30:00-05:00,397.69,2025-12-22T16:00:00-05:00,408.25,D2_CLOSE,2.6553345570670572,09ffc9576eb85ed1e715cee96184cb1d81d4e65235f9b227667d0d1f1e0e3de3,bf55843bcbdd62d8e3ad4b95322ef901c8c47f175ad816240788553d4fccb4ad,1738510.0,1131197.3,75.18387507761243
GLD_HIGH_GEX_TREND_CONTINUATION,2025-12-23,LONG,True,True,2025-12-24T07:30:00-05:00,412.97,2025-12-26T16:00:00-05:00,416.68,D2_CLOSE,0.8983703416713062,6211d907ef3c8aed0828dc7929b392ee50eeb4a7a088ed3e75b22419da010d3c,bf55843bcbdd62d8e3ad4b95322ef901c8c47f175ad816240788553d4fccb4ad,1212333.0,1188193.4,92.2306876649425
GLD_HIGH_GEX_TREND_CONTINUATION,2026-01-12,LONG,True,True,2026-01-13T07:30:00-05:00,421.09,2026-01-14T16:00:00-05:00,425.94,D2_CLOSE,1.1517727801657607,286d6b06faa8be2e5530787f070b7f2c4acd3dd7a5c317dca327f061fe063dd8,bf55843bcbdd62d8e3ad4b95322ef901c8c47f175ad816240788553d4fccb4ad,1700415.0,1137249.2,65.75267403121164
GLD_HIGH_GEX_TREND_CONTINUATION,2026-01-20,LONG,True,True,2026-01-21T07:30:00-05:00,447.24,2026-01-22T16:00:00-05:00,451.92,D2_CLOSE,1.0464180305876036,dadc4d1b80e0717b40b7720f064bdb64d0e6ebbcd1ac37fecd9f6af334f5f0b6,bf55843bcbdd62d8e3ad4b95322ef901c8c47f175ad816240788553d4fccb4ad,1506912.0,1240624.35,81.14210573659028
GLD_HIGH_GEX_TREND_CONTINUATION,2026-01-21,LONG,True,True,2026-01-22T07:30:00-05:00,444.1,2026-01-23T16:00:00-05:00,457.82,D2_CLOSE,3.0893942805674257,e68e0be6f11a1db620772aac9130500561c579653bbbfa06fdbc8784fe48f3df,bf55843bcbdd62d8e3ad4b95322ef901c8c47f175ad816240788553d4fccb4ad,1728542.0,1277160.95,82.73555777614648
GLD_HIGH_GEX_TREND_CONTINUATION,2026-01-22,LONG,True,True,2026-01-23T07:30:00-05:00,453.57,2026-01-26T16:00:00-05:00,464.73,D2_CLOSE,2.4604801904887896,8614b7f39d80667a21b9507f56f9dca3a64c21ef32eb3d73c589ae9173c4cac8,bf55843bcbdd62d8e3ad4b95322ef901c8c47f175ad816240788553d4fccb4ad,2162387.0,1332028.45,87.59209919471483
GLD_HIGH_GEX_TREND_CONTINUATION,2026-01-23,LONG,True,True,2026-01-26T07:30:00-05:00,467.84,2026-01-27T16:00:00-05:00,475.93,D2_CLOSE,1.7292236662106664,2cd2a8ff97ad05a5444649235e408bf2e267101defa89cc55610e04cbd753737,bf55843bcbdd62d8e3ad4b95322ef901c8c47f175ad816240788553d4fccb4ad,1603205.0,1351572.05,88.17497815918466
GLD_HIGH_GEX_TREND_CONTINUATION,2026-01-26,LONG,True,True,2026-01-27T07:30:00-05:00,466.77,2026-01-28T16:00:00-05:00,494.26,D2_CLOSE,5.88941020202669,aeaabac042ae7e271b8a2d180150637b10bd3464b2068f202b6a0f496edf15cd,bf55843bcbdd62d8e3ad4b95322ef901c8c47f175ad816240788553d4fccb4ad,1492333.0,1372305.8,87.37755916832253
GLD_HIGH_GEX_TREND_CONTINUATION,2026-01-27,LONG,True,True,2026-01-28T07:30:00-05:00,483.77,2026-01-29T16:00:00-05:00,495.74,D2_CLOSE,2.474316307336144,62e8281e95c99b5b981db182840d5d9104c8f724f3b755495328fc5d99b75d44,bf55843bcbdd62d8e3ad4b95322ef901c8c47f175ad816240788553d4fccb4ad,1481934.0,1394572.55,88.30131598496484
GLD_HIGH_GEX_TREND_CONTINUATION,2026-02-23,LONG,True,True,2026-02-24T07:30:00-05:00,474.5,2026-02-25T16:00:00-05:00,473.46,D2_CLOSE,-0.21917808219178436,d8a8cfcdf96da407537f0c72f07e0f3460c1e1f5dbb4d4e28c6a1e8010a9ea8f,bf55843bcbdd62d8e3ad4b95322ef901c8c47f175ad816240788553d4fccb4ad,1256387.0,986920.0,66.17307545941192
GLD_HIGH_GEX_TREND_CONTINUATION,2026-02-24,LONG,True,True,2026-02-25T07:30:00-05:00,476.3,2026-02-26T16:00:00-05:00,477.47,D2_CLOSE,0.24564350199454132,389a05a231aed22f768b3801d700ff462c0558562622b20c864bacb0aca7be5e,bf55843bcbdd62d8e3ad4b95322ef901c8c47f175ad816240788553d4fccb4ad,1364516.0,974985.55,71.59912275370361
GLD_HIGH_GEX_TREND_CONTINUATION,2026-02-26,LONG,True,True,2026-02-27T07:30:00-05:00,476.6,2026-03-02T16:00:00-05:00,490.05,D2_CLOSE,2.8220730172052066,8a42830852afc129fa4f2faf3cd2b0daa3093684c1410b6dcf121fc8f1c881d4,bf55843bcbdd62d8e3ad4b95322ef901c8c47f175ad816240788553d4fccb4ad,1610209.0,976186.0,65.220681730285
GLD_HIGH_GEX_TREND_CONTINUATION,2026-04-13,LONG,True,True,2026-04-14T07:30:00-04:00,438.84,2026-04-15T16:00:00-04:00,440.49,D2_CLOSE,0.37599124965819186,ee09cb5e122e36d9e58de582b906317b65573d094c813a5011a71a07711f9723,bf55843bcbdd62d8e3ad4b95322ef901c8c47f175ad816240788553d4fccb4ad,156268.0,65946.25,68.33649440664173
GLD_HIGH_GEX_TREND_CONTINUATION,2026-04-14,LONG,True,True,2026-04-15T07:30:00-04:00,441.42,2026-04-16T16:00:00-04:00,440.12,D2_CLOSE,-0.2945041004032478,db7d91c02a3ca31a26f692c70f9f03eebebb16f0e491b6ec1c62a1025ebc3ddd,bf55843bcbdd62d8e3ad4b95322ef901c8c47f175ad816240788553d4fccb4ad,318074.0,74487.25,71.3307766119916
GLD_HIGH_GEX_TREND_CONTINUATION,2026-04-16,LONG,True,True,2026-04-17T07:30:00-04:00,440.2,2026-04-20T16:00:00-04:00,442.17,D2_CLOSE,0.44752385279418494,d864b485450b87cbef6018ccf53ab33e57aa3b37f885ddbcb5bec569cb16a618,bf55843bcbdd62d8e3ad4b95322ef901c8c47f175ad816240788553d4fccb4ad,440873.0,104249.55,77.04456590929803
GLD_HIGH_GEX_TREND_CONTINUATION,2026-04-17,LONG,True,True,2026-04-20T07:30:00-04:00,439.72,2026-04-21T16:00:00-04:00,429.71,D2_CLOSE,-2.2764486491403724,c8e16247fa12c617529b01bd02bc887e30c170dbd51d94eb24498a627b905e7b,bf55843bcbdd62d8e3ad4b95322ef901c8c47f175ad816240788553d4fccb4ad,493323.0,131351.35,73.82638148938882
GLD_HIGH_GEX_TREND_CONTINUATION,2026-04-20,LONG,True,True,2026-04-21T07:30:00-04:00,439.38,2026-04-22T16:00:00-04:00,435.32,D2_CLOSE,-0.9240293140334144,41633324a2832b16cfd48cf570ae7cd578b283434ca5d4ee782d49fc42ce5643,bf55843bcbdd62d8e3ad4b95322ef901c8c47f175ad816240788553d4fccb4ad,426906.0,158013.85,70.08546880707132
GLD_HIGH_GEX_TREND_CONTINUATION,2026-05-06,LONG,True,True,2026-05-07T07:30:00-04:00,434.42,2026-05-08T16:00:00-04:00,433.8,D2_CLOSE,-0.1427190276690804,2dd2b68cabe9449b272bc0e0e08d41b8be0a6ae87e0834986235c276c0dba5e1,bf55843bcbdd62d8e3ad4b95322ef901c8c47f175ad816240788553d4fccb4ad,230033.0,192988.55,67.88478602756962
GLD_HIGH_GEX_TREND_CONTINUATION,2026-08-05,LONG,True,True,2026-08-06T07:30:00-04:00,391.09,2026-08-07T16:00:00-04:00,398.48,D2_CLOSE,1.8895906313124877,8bcc602caa37da0b32438891aa30adf6f025c5478219ecf7a5fa4b62bf8279ee,bf55843bcbdd62d8e3ad4b95322ef901c8c47f175ad816240788553d4fccb4ad,312982.0,-30976.6,69.85249428403291
GLD_HIGH_GEX_TREND_CONTINUATION,2026-08-06,LONG,True,True,2026-08-07T07:30:00-04:00,396.79,2026-08-10T16:00:00-04:00,402.53,D2_CLOSE,1.4466090375261365,d7875529652fc96a16940564b41fe184e63df25b2f956c418139431197b2dfc8,bf55843bcbdd62d8e3ad4b95322ef901c8c47f175ad816240788553d4fccb4ad,380433.0,-5219.85,68.08243413570902
GLD_HIGH_GEX_TREND_CONTINUATION,2026-08-07,LONG,True,True,2026-08-10T07:30:00-04:00,397.65,2026-08-11T16:00:00-04:00,400.96,D2_CLOSE,0.8323902929711968,8260d433396437105783298fe62fbf6993a6917b637098184d3c76d8d67d3802,bf55843bcbdd62d8e3ad4b95322ef901c8c47f175ad816240788553d4fccb4ad,324071.0,19139.65,72.90862730181848
GLD_HIGH_GEX_TREND_CONTINUATION,2026-08-10,LONG,True,True,2026-08-11T07:30:00-04:00,402.33,2026-08-12T16:00:00-04:00,404.91,D2_CLOSE,0.6412646335098193,29904706e6bfbbfa04cf43b5a8ac9ca7d5efbf3f7953d8f8c3974e42dab0834e,bf55843bcbdd62d8e3ad4b95322ef901c8c47f175ad816240788553d4fccb4ad,485130.0,65629.05,71.42025880670435
GLD_HIGH_GEX_TREND_CONTINUATION,2026-08-11,LONG,True,True,2026-08-12T07:30:00-04:00,404.92,2026-08-13T16:00:00-04:00,398.96,D2_CLOSE,-1.4718956830979013,4e9dc4ed75fb129d6f1cbc07d8838fa59505760f1553b7be5e4f5d32d7aee641,bf55843bcbdd62d8e3ad4b95322ef901c8c47f175ad816240788553d4fccb4ad,545264.0,102601.35,67.70645425264016
GLD_HIGH_GEX_TREND_CONTINUATION,2026-08-12,LONG,True,True,2026-08-13T07:30:00-04:00,402.39,2026-08-14T16:00:00-04:00,401.42,D2_CLOSE,-0.24105966848081417,1186e8d8801f0df690133c075cb8123a556e71e167fcf36fe8d7631fd36816eb,bf55843bcbdd62d8e3ad4b95322ef901c8c47f175ad816240788553d4fccb4ad,565166.0,141366.95,78.61803209775493
GLD_HIGH_GEX_TREND_CONTINUATION,2026-08-13,LONG,True,True,2026-08-14T07:30:00-04:00,399.73,2026-08-17T16:00:00-04:00,405.47,D2_CLOSE,1.4359692792635048,19cf1eb3d71641b306454eb9e489a39a1477a547d6eda794419f0254eec44a49,bf55843bcbdd62d8e3ad4b95322ef901c8c47f175ad816240788553d4fccb4ad,476519.0,196249.45,71.57392612688774
GLD_HIGH_GEX_TREND_CONTINUATION,2026-08-14,LONG,True,True,2026-08-17T07:30:00-04:00,403.95,2026-08-18T16:00:00-04:00,398.53,D2_CLOSE,-1.3417502166109707,6679f5db6ec357ba7cc10f7ddcd566e8280a98e60ee72da10c786df98c8de813,bf55843bcbdd62d8e3ad4b95322ef901c8c47f175ad816240788553d4fccb4ad,423263.0,217708.35,71.4027849111942
GLD_HIGH_GEX_TREND_CONTINUATION,2026-08-17,LONG,True,True,2026-08-18T07:30:00-04:00,402.67,2026-08-19T16:00:00-04:00,413.88,D2_CLOSE,2.783917351677556,9d2b1827a26d99426f61cc404fe0064271efcaa93a044d6e0ee36611cc74e61f,bf55843bcbdd62d8e3ad4b95322ef901c8c47f175ad816240788553d4fccb4ad,527998.0,246013.15,79.33378316798637
GLD_HIGH_GEX_TREND_CONTINUATION,2026-08-18,LONG,True,True,2026-08-19T07:30:00-04:00,400.93,2026-08-20T16:00:00-04:00,415.26,D2_CLOSE,3.5741900082308486,31da1a3823ce7a7280d2a53c319c33ff4a6563d49434403a0b410855a819f741,bf55843bcbdd62d8e3ad4b95322ef901c8c47f175ad816240788553d4fccb4ad,281217.0,253681.65,71.01949084143459
GLD_HIGH_GEX_TREND_CONTINUATION,2026-08-19,LONG,True,True,2026-08-20T07:30:00-04:00,411.25,2026-08-21T16:00:00-04:00,423.45,D2_CLOSE,2.9665653495440703,7e60756781ef6de757ee1bafec0f9f3f4e0d245b559972572d85e023825d4247,bf55843bcbdd62d8e3ad4b95322ef901c8c47f175ad816240788553d4fccb4ad,813403.0,285073.75,74.26248507545853
GLD_HIGH_GEX_TREND_CONTINUATION,2026-08-20,LONG,True,True,2026-08-21T07:30:00-04:00,421.77,2026-08-24T16:00:00-04:00,426.73,D2_CLOSE,1.1759963961400777,02dfbfb29dbc4bd93a40ab397d0489f94adeaf82dcf6952391b1310e8d2f9149,bf55843bcbdd62d8e3ad4b95322ef901c8c47f175ad816240788553d4fccb4ad,1601119.0,366223.0,80.71311334710417
GLD_HIGH_GEX_TREND_CONTINUATION,2026-08-21,LONG,True,True,2026-08-24T07:30:00-04:00,426.19,2026-08-25T16:00:00-04:00,428.1,D2_CLOSE,0.44815692531501305,04b092f14c33d3d482a50c16eb1ce3bb49ceca5682bcd110f56ba96be8669a74,bf55843bcbdd62d8e3ad4b95322ef901c8c47f175ad816240788553d4fccb4ad,1535948.0,442567.75,82.50857167445093
GLD_HIGH_GEX_TREND_CONTINUATION,2026-08-24,LONG,True,True,2026-08-25T07:30:00-04:00,425.67,2026-08-26T16:00:00-04:00,421.33,D2_CLOSE,-1.019569149810895,0a9614d7769881e557df617d8efacd09e849aa4935727329e6206d53860378c0,bf55843bcbdd62d8e3ad4b95322ef901c8c47f175ad816240788553d4fccb4ad,1676407.0,520673.65,82.61926918198284
GLD_HIGH_GEX_TREND_CONTINUATION,2026-08-25,LONG,True,False,2026-08-26T07:30:00-04:00,423.87,,,UNRESOLVED_REQUIRED_BAR_NOT_YET_AVAILABLE,,14637929b438024446a50676142bf8f33ec26644acfaa56681517f7b1fa5c745,bf55843bcbdd62d8e3ad4b95322ef901c8c47f175ad816240788553d4fccb4ad,1557235.0,601220.15,78.64830990697068
